x0,y0,z0,x1,y1,z1,x2,y2,z2,x3,y3,z3,x4,y4,z4,x5,y5,z5,x6,y6,z6,x7,y7,z7,x8,y8,z8,x9,y9,z9,x10,y10,z10,x11,y11,z11,x12,y12,z12,x13,y13,z13,x14,y14,z14,x15,y15,z15,x16,y16,z16,x17,y17,z17,x18,y18,z18,x19,y19,z19,x20,y20,z20,label
0.674607515335083,0.6733980178833008,-4.503954471601901e-07,0.6148788332939148,0.644526481628418,-0.01665470004081726,0.5710453987121582,0.5655901432037354,-0.022356286644935608,0.5628151297569275,0.4704854190349579,-0.029239272698760033,0.5712091326713562,0.39599359035491943,-0.032721009105443954,0.5937156081199646,0.486056923866272,0.0059256404638290405,0.5918764472007751,0.4290255904197693,-0.018915275111794472,0.6034227013587952,0.49577268958091736,-0.033345285803079605,0.6127465963363647,0.5539324879646301,-0.038134001195430756,0.6253111362457275,0.4734870493412018,0.004961799364537001,0.6230427026748657,0.41981279850006104,-0.025474509224295616,0.6349929571151733,0.507327675819397,-0.03497450053691864,0.6422430276870728,0.5720254778862,-0.032086584717035294,0.6562576293945312,0.4702306091785431,-0.0008345847018063068,0.6553187370300293,0.41776129603385925,-0.03209523856639862,0.6614945530891418,0.5090309977531433,-0.027246279641985893,0.663995623588562,0.5744922161102295,-0.01315714418888092,0.6869481801986694,0.4762451946735382,-0.007885956205427647,0.6834122538566589,0.43169882893562317,-0.028500040993094444,0.6837828755378723,0.4950888752937317,-0.02219906635582447,0.6828171610832214,0.5431343913078308,-0.010198000818490982,A
0.6463215351104736,0.6791090369224548,-5.008629955227661e-07,0.5922954082489014,0.6641942262649536,-0.018564019352197647,0.5498210787773132,0.586532711982727,-0.023817336186766624,0.5404984354972839,0.5045155882835388,-0.027753662317991257,0.5448392033576965,0.4362053871154785,-0.02843824401497841,0.5661290884017944,0.47688907384872437,-0.001955290324985981,0.5655577182769775,0.48087915778160095,-0.023492952808737755,0.5808616876602173,0.5457506775856018,-0.03731721639633179,0.5902144908905029,0.6013059020042419,-0.04264950752258301,0.5979806780815125,0.45449644327163696,-0.0006648023845627904,0.5942495465278625,0.46745163202285767,-0.02363612689077854,0.6083848476409912,0.5490686893463135,-0.03093639947474003,0.6170109510421753,0.6090714335441589,-0.02898423559963703,0.6305939555168152,0.44955480098724365,-0.003484138520434499,0.6257318258285522,0.4627649784088135,-0.02909238450229168,0.6337745189666748,0.5467301607131958,-0.024594059213995934,0.6384568810462952,0.6047998070716858,-0.013374792411923409,0.6622768640518188,0.4577159881591797,-0.007868838496506214,0.6523535251617432,0.46030768752098083,-0.027058886364102364,0.6533116698265076,0.5254048109054565,-0.02117755077779293,0.6544519066810608,0.5694670677185059,-0.010106789879500866,A
0.6622170805931091,0.6622863411903381,-4.276704430594691e-07,0.6043667197227478,0.6469942927360535,-0.013653423637151718,0.5600579380989075,0.5789721012115479,-0.01765410415828228,0.5462649464607239,0.49016687273979187,-0.023329133167862892,0.5510051846504211,0.4196777939796448,-0.02563469670712948,0.5783973932266235,0.5046639442443848,0.011353959329426289,0.5717405676841736,0.44716447591781616,-0.010694202966988087,0.5841294527053833,0.5079838037490845,-0.02417971007525921,0.5959802269935608,0.5593335628509521,-0.02879348024725914,0.6068758368492126,0.49007707834243774,0.010016461834311485,0.5988762974739075,0.43530428409576416,-0.016458813101053238,0.6137791872024536,0.5128105282783508,-0.024917293339967728,0.624844491481781,0.5700231194496155,-0.022256119176745415,0.6346311569213867,0.48410409688949585,0.003941096365451813,0.6268990635871887,0.4293025732040405,-0.022680049762129784,0.6368533968925476,0.5094141364097595,-0.017408650368452072,0.6436089277267456,0.5685124397277832,-0.004396962001919746,0.6626664400100708,0.4853857159614563,-0.0033771712332963943,0.6531020998954773,0.44316256046295166,-0.020046470686793327,0.656846821308136,0.49845054745674133,-0.013347925618290901,0.6605154871940613,0.5407887697219849,-0.0021539570298045874,A
0.6798842549324036,0.7539266347885132,-3.781212853937177e-07,0.632754385471344,0.7190022468566895,-0.01569397747516632,0.6038154363632202,0.6365905404090881,-0.020485030487179756,0.6057907342910767,0.5569784045219421,-0.025231020525097847,0.6175228357315063,0.4993799030780792,-0.027124552056193352,0.6301470994949341,0.5765571594238281,-0.00023870488803368062,0.6330755949020386,0.5454402565956116,-0.020231325179338455,0.6378724575042725,0.6068100929260254,-0.031623173505067825,0.63965904712677,0.6570048332214355,-0.03551113232970238,0.6586858034133911,0.5737864375114441,-6.36681797914207e-05,0.6603997945785522,0.5420598983764648,-0.02363196387887001,0.6635874509811401,0.6177276372909546,-0.029829243198037148,0.6633362174034119,0.6734341979026794,-0.026992136612534523,0.6850594878196716,0.5799801349639893,-0.0038275800179690123,0.6883653998374939,0.5484853386878967,-0.02876054309308529,0.6857354640960693,0.6248053312301636,-0.024208610877394676,0.6805264949798584,0.6800445914268494,-0.01292754989117384,0.7091310024261475,0.5944650769233704,-0.008766403421759605,0.7107778787612915,0.5650262832641602,-0.025932753458619118,0.7058455944061279,0.6174324154853821,-0.020742101594805717,0.6997134685516357,0.6568644642829895,-0.011153104715049267,A
0.6861845254898071,0.7664555311203003,-4.6094930894469144e-07,0.6355088949203491,0.7247304916381836,-0.008842909708619118,0.6044124364852905,0.6452972292900085,-0.011164446361362934,0.6027206778526306,0.5689319372177124,-0.01608455926179886,0.6071144342422485,0.5085803866386414,-0.018956748768687248,0.6279653906822205,0.5853707194328308,0.011702455580234528,0.6219945549964905,0.5477892160415649,-0.00825455877929926,0.6273349523544312,0.6098647713661194,-0.020839160308241844,0.6312800049781799,0.6623613834381104,-0.025042222812771797,0.6558788418769836,0.5793442726135254,0.008356667123734951,0.647161602973938,0.5466207265853882,-0.014362639747560024,0.6528268456459045,0.6210216283798218,-0.022356174886226654,0.6570746302604675,0.6754636764526367,-0.02072998881340027,0.68377685546875,0.5797133445739746,0.0009574723662808537,0.673736035823822,0.5453945398330688,-0.022910460829734802,0.6759819388389587,0.6228662729263306,-0.019098255783319473,0.6786386370658875,0.6796472072601318,-0.008127456530928612,0.7120463252067566,0.5865079760551453,-0.007227038033306599,0.6992796063423157,0.5528109669685364,-0.022307632490992546,0.6968086361885071,0.6066447496414185,-0.016077879816293716,0.6975895762443542,0.6483581066131592,-0.005765244830399752,A
0.6872467994689941,0.7640593647956848,-3.5973900480712473e-07,0.6422038674354553,0.7376499176025391,-0.018155323341488838,0.6122115850448608,0.6618376970291138,-0.02406494878232479,0.6118584275245667,0.5810053944587708,-0.02943594753742218,0.626947283744812,0.5230892300605774,-0.031654130667448044,0.6355762481689453,0.5977168679237366,-0.0002976598625537008,0.6435695290565491,0.5630225539207458,-0.02213296853005886,0.6487955451011658,0.6224623322486877,-0.03434774652123451,0.6515718102455139,0.66969895362854,-0.03833490610122681,0.6619131565093994,0.5912837982177734,0.001477835583500564,0.6696712374687195,0.5579691529273987,-0.024812139570713043,0.6739190816879272,0.6355233788490295,-0.03182845562696457,0.6745181679725647,0.6886227130889893,-0.028369003906846046,0.6866947412490845,0.593168318271637,-0.001047290745191276,0.6948464512825012,0.5642251968383789,-0.028530534356832504,0.6931635141372681,0.641646146774292,-0.024459023028612137,0.6891549229621887,0.6928514242172241,-0.012257727794349194,0.709688663482666,0.6024003028869629,-0.004860459361225367,0.7148327827453613,0.5768573880195618,-0.023158039897680283,0.711578905582428,0.6312105655670166,-0.018367014825344086,0.7067042589187622,0.6684096455574036,-0.008308709599077702,A
0.6821520328521729,0.7803637385368347,-4.056844886690669e-07,0.6382937431335449,0.7514944076538086,-0.018846362829208374,0.6084312200546265,0.6728206872940063,-0.02489333599805832,0.6075999736785889,0.59544438123703,-0.029443439096212387,0.6218836903572083,0.5399993658065796,-0.03066398948431015,0.633414089679718,0.5883336067199707,-0.005187440197914839,0.6383756399154663,0.5867235064506531,-0.02459176816046238,0.6453304886817932,0.6485075950622559,-0.03566206991672516,0.6469414234161377,0.6966175436973572,-0.03980449214577675,0.6619022488594055,0.5809146761894226,-0.003401370719075203,0.6663516759872437,0.5825019478797913,-0.025368312373757362,0.6696301698684692,0.6601687669754028,-0.03145018219947815,0.6679680943489075,0.7135109901428223,-0.029325289651751518,0.6893404126167297,0.5880349278450012,-0.005354053340852261,0.6938861608505249,0.5852479338645935,-0.030102107673883438,0.6911002993583679,0.6628539562225342,-0.02558884769678116,0.6853405237197876,0.7153218388557434,-0.014841880649328232,0.7143937945365906,0.6063873767852783,-0.008696417324244976,0.7166543006896973,0.5928068161010742,-0.02731459029018879,0.7105934023857117,0.6487737894058228,-0.022086450830101967,0.7031015157699585,0.6883748173713684,-0.012139780446887016,A
0.6871762871742249,0.7703961133956909,-3.875365166550182e-07,0.637673020362854,0.7401093244552612,-0.013944045640528202,0.6044645309448242,0.6680892109870911,-0.01838870719075203,0.6017369627952576,0.5875806212425232,-0.023709040135145187,0.6109182834625244,0.5272176861763,-0.026201754808425903,0.6267969608306885,0.6052256226539612,0.004913884215056896,0.6268993020057678,0.5607513189315796,-0.015237840823829174,0.6339977979660034,0.6196361184120178,-0.026915576308965683,0.6392818689346313,0.6702373027801514,-0.030691636726260185,0.6536938548088074,0.5975154042243958,0.004405677784234285,0.6528151035308838,0.5555111169815063,-0.019355427473783493,0.6608206629753113,0.6298208832740784,-0.026321493089199066,0.6653467416763306,0.6853804588317871,-0.023617815226316452,0.6798068881034851,0.598069429397583,-0.00014847086276859045,0.6800840497016907,0.5558621287345886,-0.025206182152032852,0.6827816963195801,0.632499098777771,-0.02074926719069481,0.6831414103507996,0.6891141533851624,-0.009028115309774876,0.7054612040519714,0.6064700484275818,-0.005788741167634726,0.7029221653938293,0.5700803995132446,-0.022711951285600662,0.7020033597946167,0.6221158504486084,-0.0173591747879982,0.7012191414833069,0.6623095870018005,-0.007350617554038763,A
0.6911468505859375,0.8257508873939514,-4.097006467418396e-07,0.6410833597183228,0.7797147631645203,-0.012653335928916931,0.611699640750885,0.6953754425048828,-0.016778236255049706,0.6144880056381226,0.6138725280761719,-0.02236810140311718,0.6270878911018372,0.5523316264152527,-0.02533932402729988,0.6387463808059692,0.6355319023132324,0.007122086361050606,0.6401498317718506,0.5969491600990295,-0.013547969050705433,0.6433658599853516,0.6587340831756592,-0.02611556276679039,0.6447473764419556,0.7124631404876709,-0.030359694734215736,0.6681883335113525,0.6341073513031006,0.005620287265628576,0.6675281524658203,0.5965927839279175,-0.018820973113179207,0.6706490516662598,0.6725889444351196,-0.026941459625959396,0.6712623238563538,0.7313107252120972,-0.02493428997695446,0.6964492797851562,0.6405656933784485,-4.698511474998668e-06,0.696180522441864,0.6038980484008789,-0.0254169050604105,0.6938685178756714,0.6808909177780151,-0.022030679509043694,0.6902185678482056,0.7394744753837585,-0.010937427170574665,0.7237310409545898,0.6544082760810852,-0.006606966722756624,0.7207435965538025,0.6190164089202881,-0.023086784407496452,0.714780867099762,0.6710256338119507,-0.017803771421313286,0.7091895341873169,0.713313639163971,-0.007959477603435516,A
0.7007594108581543,0.8231964111328125,-4.015584522676363e-07,0.6518719792366028,0.7955543398857117,-0.01640598103404045,0.6186167597770691,0.7149903178215027,-0.02128133364021778,0.616995632648468,0.63392174243927,-0.025902846828103065,0.6269513964653015,0.574495255947113,-0.027719276025891304,0.6425359845161438,0.6429197788238525,-0.00018488381465431303,0.6454907655715942,0.6191576719284058,-0.020163243636488914,0.6533826589584351,0.6806239485740662,-0.032130852341651917,0.6576480269432068,0.7310472726821899,-0.03657016158103943,0.6716782450675964,0.6342434287071228,0.00027214764850214124,0.6736096739768982,0.6106353998184204,-0.023086167871952057,0.6804023385047913,0.6884020566940308,-0.029711676761507988,0.6827157139778137,0.7462007999420166,-0.027155550196766853,0.699611246585846,0.6362577676773071,-0.0032599936239421368,0.702380895614624,0.6134774684906006,-0.028610121458768845,0.7032812237739563,0.6920471787452698,-0.024417312815785408,0.7007980942726135,0.748996913433075,-0.013307233341038227,0.7257797718048096,0.6481027007102966,-0.008013244718313217,0.7253624200820923,0.6232039332389832,-0.02655423991382122,0.7227482795715332,0.6809451580047607,-0.02157384529709816,0.7189570069313049,0.7242175936698914,-0.011759085580706596,A
0.7473499178886414,0.8036686182022095,-4.459543845314329e-07,0.6877192258834839,0.7405292391777039,-0.01227341964840889,0.6567911505699158,0.6380026340484619,-0.014770605601370335,0.663159191608429,0.539306640625,-0.020081765949726105,0.6850860118865967,0.4748263955116272,-0.022225772961974144,0.6910333633422852,0.5826180577278137,0.017227502539753914,0.693289041519165,0.5277587175369263,-0.006078271195292473,0.6965028643608093,0.5955768823623657,-0.021339936181902885,0.6991241574287415,0.6567397713661194,-0.02678103744983673,0.7252568006515503,0.5855798721313477,0.014737209305167198,0.7251464128494263,0.5303133726119995,-0.014649463817477226,0.7262484431266785,0.6167187690734863,-0.025714868679642677,0.7264166474342346,0.6866059303283691,-0.02383354865014553,0.7571060657501221,0.5970267653465271,0.007141417823731899,0.7578144669532776,0.546317994594574,-0.02309812605381012,0.7530384659767151,0.6356434226036072,-0.019801292568445206,0.7483371496200562,0.7067147493362427,-0.006531183607876301,0.7875367999076843,0.6164491772651672,-0.0015668012201786041,0.7855336666107178,0.5710923075675964,-0.020180875435471535,0.7775641083717346,0.6283235549926758,-0.013979320414364338,0.7717208862304688,0.6775705814361572,-0.002325340174138546,A
0.746997594833374,0.8098915815353394,-4.821405354960007e-07,0.6853606700897217,0.7658864259719849,-0.012454905547201633,0.6469598412513733,0.6710115671157837,-0.015349578112363815,0.6439985036849976,0.5743457674980164,-0.020722365006804466,0.6568805575370789,0.5037486553192139,-0.023203419521450996,0.6743572354316711,0.6060659885406494,0.0143393250182271,0.6697260737419128,0.5613099336624146,-0.010286888107657433,0.6801914572715759,0.6310848593711853,-0.025601642206311226,0.6887355446815491,0.6888762712478638,-0.030820796266198158,0.7082018256187439,0.5981593728065491,0.011782942339777946,0.6997350454330444,0.5550629496574402,-0.018209628760814667,0.7102347612380981,0.6443801522254944,-0.028301766142249107,0.7183753252029419,0.7082031965255737,-0.02574874460697174,0.7411340475082397,0.5982702374458313,0.004187203478068113,0.7320477962493896,0.557158350944519,-0.026562560349702835,0.7370133399963379,0.6509951949119568,-0.02130955643951893,0.741154134273529,0.7182689309120178,-0.006763845682144165,0.7730055451393127,0.6058313250541687,-0.004498167894780636,0.7614288926124573,0.5716060996055603,-0.02288779243826866,0.7596741914749146,0.6357541680335999,-0.015172231011092663,0.7608991265296936,0.682451069355011,-0.0023879576474428177,A
0.7401841282844543,0.8161603808403015,-4.6631927830276254e-07,0.6844932436943054,0.75737065076828,-0.015833834186196327,0.6540668606758118,0.6499664187431335,-0.02039186656475067,0.6598398089408875,0.5512154698371887,-0.026169372722506523,0.6845494508743286,0.4916060268878937,-0.02845633774995804,0.6887072324752808,0.5893688201904297,0.005974099971354008,0.6929739117622375,0.5456358194351196,-0.018586650490760803,0.6967096924781799,0.6194816827774048,-0.03265884891152382,0.6990435123443604,0.6807090640068054,-0.03728996217250824,0.723797619342804,0.5931901335716248,0.004902844782918692,0.7259153723716736,0.5483806729316711,-0.02642057090997696,0.7262670993804932,0.6402645111083984,-0.03559345379471779,0.7251634001731873,0.7104586958885193,-0.03210758417844772,0.7562042474746704,0.6057063341140747,-0.0008990363567136228,0.7583942413330078,0.5683534741401672,-0.03247395157814026,0.7519510984420776,0.6599770784378052,-0.02748284675180912,0.7450462579727173,0.7278022170066833,-0.013082434423267841,0.7857685685157776,0.6268026232719421,-0.007961531169712543,0.7866221070289612,0.5906510949134827,-0.027951428666710854,0.7773921489715576,0.6528056263923645,-0.021405275911092758,0.7693249583244324,0.7010141015052795,-0.009365358389914036,A
0.6972267031669617,0.7708262801170349,-4.7568900640726497e-07,0.6358763575553894,0.7434634566307068,-0.013995788991451263,0.5895669460296631,0.6605821847915649,-0.01844419725239277,0.5774841904640198,0.5662826299667358,-0.024712538346648216,0.5849862694740295,0.4918915629386902,-0.028078431263566017,0.6098740696907043,0.5891293287277222,0.007877767086029053,0.6023830771446228,0.5451347827911377,-0.016783608123660088,0.6182013750076294,0.6109282374382019,-0.031381454318761826,0.6308974027633667,0.6669044494628906,-0.03618757426738739,0.6423202157020569,0.5728344917297363,0.006130436901003122,0.6314144134521484,0.5299301147460938,-0.023534199222922325,0.6487882733345032,0.6131212115287781,-0.032656069844961166,0.6614857912063599,0.6772060394287109,-0.029696514829993248,0.6748460531234741,0.5649690628051758,-0.0002717314928304404,0.6640841960906982,0.525385320186615,-0.031148545444011688,0.6766917705535889,0.6149728298187256,-0.025997638702392578,0.685681164264679,0.6838337182998657,-0.011560237035155296,0.706721842288971,0.5654329061508179,-0.007697541732341051,0.6929836273193359,0.5303210616111755,-0.02753802388906479,0.6973407864570618,0.5927475094795227,-0.02059442177414894,0.70267254114151,0.6429913640022278,-0.008124930784106255,A
0.6830447316169739,0.7690021991729736,-4.616491366959963e-07,0.6335647702217102,0.6906371116638184,-0.013416661880910397,0.6144072413444519,0.5793064832687378,-0.017617734149098396,0.6314523816108704,0.484537810087204,-0.023975057527422905,0.6604945659637451,0.42848289012908936,-0.027387086302042007,0.6544045209884644,0.5334678292274475,0.009190818294882774,0.6629594564437866,0.48256903886795044,-0.01523349154740572,0.6582129597663879,0.5519890785217285,-0.03051667846739292,0.6532737612724304,0.6132466197013855,-0.036057647317647934,0.6876025199890137,0.5481865406036377,0.00683712400496006,0.6942617893218994,0.49484774470329285,-0.02281130477786064,0.6850534677505493,0.5808534026145935,-0.032621726393699646,0.6764807105064392,0.6501503586769104,-0.030302662402391434,0.7178068161010742,0.570726752281189,-0.00020211133232805878,0.7246541976928711,0.5228767991065979,-0.030913041904568672,0.7091676592826843,0.6099189519882202,-0.026605015620589256,0.6955000758171082,0.6775928735733032,-0.012971252202987671,0.7448734045028687,0.6008234620094299,-0.00827102828770876,0.7488381862640381,0.5559331178665161,-0.027951961383223534,0.7338386178016663,0.6117112636566162,-0.021461816504597664,0.7212010025978088,0.6594001650810242,-0.009640068747103214,A
0.6956303119659424,0.7847731709480286,-5.126692030898994e-07,0.6393727660179138,0.733524739742279,-0.018231429159641266,0.6070555448532104,0.6281276345252991,-0.02422960288822651,0.6101149916648865,0.5290423631668091,-0.03036937303841114,0.6316733360290527,0.4648776650428772,-0.03307074308395386,0.6391787528991699,0.5503793358802795,0.0007543289684690535,0.6443324089050293,0.5251868367195129,-0.024538040161132812,0.6491156220436096,0.603577733039856,-0.0394035279750824,0.6503068208694458,0.6625691056251526,-0.044612325727939606,0.6745229959487915,0.547745406627655,0.00114004360511899,0.6770002841949463,0.5256739854812622,-0.0288668405264616,0.6795994639396667,0.6213792562484741,-0.0376458466053009,0.67826908826828,0.6887085437774658,-0.03450175002217293,0.707947850227356,0.5565764307975769,-0.0030572176910936832,0.7105653285980225,0.5430994033813477,-0.034333691000938416,0.7059939503669739,0.6372451782226562,-0.029580652713775635,0.6987742185592651,0.702339231967926,-0.015729721635580063,0.7382261157035828,0.575153112411499,-0.008531305938959122,0.7380287051200867,0.5535215139389038,-0.028362324461340904,0.7307820916175842,0.620489239692688,-0.02125682309269905,0.7233375906944275,0.6688135862350464,-0.008720176294445992,A
0.690036952495575,0.7624830603599548,-4.71005677127323e-07,0.6314253807067871,0.7126514911651611,-0.011641102842986584,0.5963240265846252,0.6178157925605774,-0.01485439296811819,0.596767783164978,0.5214704275131226,-0.020538408309221268,0.6120156645774841,0.45260167121887207,-0.02342280000448227,0.626925528049469,0.5572683215141296,0.010253318585455418,0.6243035197257996,0.5010310411453247,-0.012857846915721893,0.630351722240448,0.570051908493042,-0.026194922626018524,0.6360737085342407,0.6287139058113098,-0.030321408063173294,0.6600828766822815,0.555711567401886,0.007324626203626394,0.6540204286575317,0.4975019693374634,-0.021039893850684166,0.6597427725791931,0.5831078290939331,-0.029401175677776337,0.6650645136833191,0.650310754776001,-0.02591867558658123,0.6918871998786926,0.5615800023078918,-9.592655987944454e-05,0.6865670084953308,0.5090013742446899,-0.02947096899151802,0.6872844099998474,0.5994153618812561,-0.02415676787495613,0.6883998513221741,0.6685133576393127,-0.009818223305046558,0.723026692867279,0.5746133923530579,-0.008409257046878338,0.7144231200218201,0.5296080708503723,-0.026734711602330208,0.7106778621673584,0.5885995030403137,-0.019718024879693985,0.7101115584373474,0.6372351050376892,-0.007570325862616301,A
0.6922793388366699,0.7761552929878235,-6.204274995980086e-07,0.6112934350967407,0.7211254835128784,-0.022794604301452637,0.5568495988845825,0.5950702428817749,-0.031047726050019264,0.5511488914489746,0.4611743688583374,-0.040339015424251556,0.5754460692405701,0.36880314350128174,-0.0446164533495903,0.5912758708000183,0.500381588935852,0.002780171809718013,0.5940163135528564,0.4349602460861206,-0.03111703135073185,0.6084598898887634,0.5350151062011719,-0.050284285098314285,0.6176730990409851,0.6161749958992004,-0.056846894323825836,0.6381527781486511,0.49002957344055176,0.001841474324464798,0.6375311613082886,0.4242474436759949,-0.04035135358572006,0.6509725451469421,0.5498234629631042,-0.0514669232070446,0.6581412553787231,0.6424603462219238,-0.046443451195955276,0.6827278733253479,0.4930798411369324,-0.005264680366963148,0.6843017339706421,0.43376415967941284,-0.04773348942399025,0.6877877116203308,0.5606548190116882,-0.039592646062374115,0.6858646273612976,0.6544414758682251,-0.019561734050512314,0.7235800623893738,0.509162187576294,-0.014077501371502876,0.7226442694664001,0.45720887184143066,-0.0410381481051445,0.7187027335166931,0.5446086525917053,-0.031495265662670135,0.7125675082206726,0.6134873628616333,-0.014867032878100872,A
0.7049934267997742,0.784905195236206,-7.136284239095403e-07,0.6264368891716003,0.7135011553764343,-0.01687694527208805,0.5790113806724548,0.5769833326339722,-0.022258471697568893,0.5774958729743958,0.44807422161102295,-0.03112214244902134,0.6011500358581543,0.357865571975708,-0.03634638711810112,0.618533730506897,0.48742735385894775,0.013821168802678585,0.610055685043335,0.43227511644363403,-0.020337948575615883,0.618619441986084,0.5349437594413757,-0.04128551483154297,0.6246858835220337,0.6200624704360962,-0.04844236001372337,0.6646724939346313,0.47944265604019165,0.009985732845962048,0.6497892737388611,0.42774683237075806,-0.031206374987959862,0.6568416357040405,0.5527348518371582,-0.044404733926057816,0.6623988747596741,0.6464890837669373,-0.04068583622574806,0.7106562256813049,0.4843405485153198,-0.0002620875311549753,0.6943846344947815,0.4385342001914978,-0.0435006283223629,0.6948379278182983,0.5686776041984558,-0.037245042622089386,0.6956830024719238,0.6666852235794067,-0.017622273415327072,0.7550355195999146,0.5008792877197266,-0.011743558570742607,0.7363917231559753,0.45561522245407104,-0.03894144296646118,0.7279026508331299,0.5450641512870789,-0.029116880148649216,0.7238287925720215,0.6180304884910583,-0.011677258647978306,A
0.7061210870742798,0.7907224893569946,-7.384239211205568e-07,0.631647527217865,0.7371240854263306,-0.025573646649718285,0.5783804059028625,0.6130209565162659,-0.033677197992801666,0.5688028931617737,0.4924267530441284,-0.04026152566075325,0.5884155035018921,0.40411698818206787,-0.041806478053331375,0.6114141345024109,0.46216684579849243,-0.0037567305844277143,0.6080594658851624,0.48113006353378296,-0.03327873721718788,0.6260381937026978,0.5792548060417175,-0.052439186722040176,0.6346994638442993,0.658402144908905,-0.06022004410624504,0.6579915881156921,0.43697404861450195,-0.002025195164605975,0.6521139740943909,0.48314669728279114,-0.03432389348745346,0.666688084602356,0.5960662364959717,-0.04625353962182999,0.6732307076454163,0.6817576289176941,-0.04549344629049301,0.7046769857406616,0.44056588411331177,-0.005689636804163456,0.6989736557006836,0.49291321635246277,-0.04017241671681404,0.702674150466919,0.6051980257034302,-0.03586845472455025,0.7012900710105896,0.688290536403656,-0.02241021953523159,0.7477697730064392,0.46391433477401733,-0.011933673173189163,0.739393413066864,0.4933519959449768,-0.037393175065517426,0.7346150875091553,0.5822329521179199,-0.031241318210959435,0.7297124862670898,0.6460107564926147,-0.017759794369339943,A
0.7094151377677917,0.7634269595146179,-5.9303391708454e-07,0.6301417350769043,0.7271262407302856,-0.01810772903263569,0.5762484073638916,0.6183940768241882,-0.024132994934916496,0.5667399764060974,0.49692660570144653,-0.03211056441068649,0.5766214728355408,0.40440136194229126,-0.03601566702127457,0.6032816767692566,0.5302075147628784,0.005935636814683676,0.5981608033180237,0.4596641957759857,-0.02466578409075737,0.6145364046096802,0.5493974685668945,-0.04113476723432541,0.627620279788971,0.6217700242996216,-0.04604285955429077,0.6447784900665283,0.5139901041984558,0.003119450993835926,0.6354964375495911,0.4440147876739502,-0.03457292914390564,0.6535183191299438,0.5549928545951843,-0.04410076141357422,0.6673492789268494,0.6365827918052673,-0.038725897669792175,0.6849532723426819,0.5097885131835938,-0.0053360904566943645,0.677452564239502,0.4476214051246643,-0.0430583581328392,0.6884386539459229,0.5628896951675415,-0.034186992794275284,0.6955065131187439,0.646388590335846,-0.014945321716368198,0.7241220474243164,0.5157162547111511,-0.015248537994921207,0.7138444185256958,0.46442341804504395,-0.03851089999079704,0.7165484428405762,0.5441105365753174,-0.02808152139186859,0.718834638595581,0.6046446561813354,-0.011740884743630886,A
0.711685836315155,0.7612066864967346,-6.142110464679718e-07,0.6346213817596436,0.7054800391197205,-0.01024299394339323,0.5871862173080444,0.5926717519760132,-0.012579129077494144,0.5830259323120117,0.47959575057029724,-0.019589923322200775,0.5908187627792358,0.39049771428108215,-0.0238401647657156,0.616316020488739,0.5123411417007446,0.022506002336740494,0.6031284332275391,0.45839542150497437,-0.010980105958878994,0.615679144859314,0.5449301600456238,-0.03351215273141861,0.6280605792999268,0.6170706748962402,-0.04176945611834526,0.6554883122444153,0.5009264945983887,0.01611773483455181,0.6365174055099487,0.44607338309288025,-0.021945379674434662,0.6491938829421997,0.5541165471076965,-0.03592653200030327,0.662091851234436,0.6328401565551758,-0.03359820321202278,0.6956633925437927,0.4977497458457947,0.0034124734811484814,0.6739019155502319,0.44813066720962524,-0.034791503101587296,0.6820103526115417,0.5617271661758423,-0.028809845447540283,0.6922129988670349,0.6425677537918091,-0.010983561165630817,0.7359413504600525,0.5032601356506348,-0.010373525321483612,0.7109298706054688,0.46226316690444946,-0.032349202781915665,0.71087646484375,0.5405086278915405,-0.021984660997986794,0.717724621295929,0.5968446135520935,-0.005528667476028204,A
0.7210035920143127,0.743707537651062,-4.951299956701405e-07,0.6513633728027344,0.7048102617263794,-0.02323715202510357,0.6011805534362793,0.6029757261276245,-0.030888548120856285,0.5927085280418396,0.48781663179397583,-0.03855396807193756,0.6059046983718872,0.4029662609100342,-0.04168347641825676,0.6292850971221924,0.5143101215362549,0.0003314835485070944,0.6338599324226379,0.4605080485343933,-0.029915504157543182,0.6492045521736145,0.5439715385437012,-0.045964330434799194,0.6591455340385437,0.6095235347747803,-0.05108952894806862,0.6674685478210449,0.4997783899307251,0.000964404025580734,0.6704991459846497,0.4396700859069824,-0.03913624584674835,0.6857007145881653,0.5507864952087402,-0.04998531565070152,0.6939258575439453,0.6296067237854004,-0.045085493475198746,0.7042825818061829,0.4968443512916565,-0.003873902140185237,0.7113226652145386,0.44700372219085693,-0.04478694126009941,0.7175791263580322,0.5589028596878052,-0.03857710212469101,0.7174533009529114,0.6371068358421326,-0.02030562236905098,0.7383432388305664,0.5052515268325806,-0.010222635231912136,0.7419343590736389,0.46217066049575806,-0.03650568053126335,0.7426412105560303,0.5414026379585266,-0.028774728998541832,0.7394994497299194,0.598339319229126,-0.013862189836800098,A
0.6944000720977783,0.7932552099227905,-5.580757260759128e-07,0.6242179870605469,0.7702013850212097,-0.0148882195353508,0.5730503797531128,0.6792680621147156,-0.01934315823018551,0.5619043707847595,0.5748923420906067,-0.0255881380289793,0.5745335221290588,0.49706023931503296,-0.02883114106953144,0.5967145562171936,0.5919171571731567,0.009076401591300964,0.5889631509780884,0.5586086511611938,-0.016827436164021492,0.606273889541626,0.6340389251708984,-0.03342696279287338,0.6202476024627686,0.6933212876319885,-0.03964562714099884,0.6319457292556763,0.5727133750915527,0.006921533029526472,0.6217068433761597,0.5431358218193054,-0.022987237200140953,0.6390771269798279,0.63655686378479,-0.032231446355581284,0.6520437002182007,0.7035537362098694,-0.029443003237247467,0.6668035387992859,0.5641481280326843,-0.0003615771420300007,0.655826210975647,0.5339655876159668,-0.03153694048523903,0.667444109916687,0.6327779293060303,-0.025310754776000977,0.6760744452476501,0.7042297124862671,-0.010298043489456177,0.7016065716743469,0.566387951374054,-0.008940506726503372,0.687552809715271,0.5382175445556641,-0.028409365564584732,0.6900798678398132,0.6093356609344482,-0.019807372242212296,0.6935166120529175,0.6632477641105652,-0.006175017915666103,A
0.7101284861564636,0.7982330322265625,-4.978511469744262e-07,0.6504374742507935,0.7519227862358093,-0.013885458931326866,0.6134454607963562,0.6512020826339722,-0.01768873818218708,0.6128933429718018,0.5553575754165649,-0.022926418110728264,0.6287274956703186,0.48926812410354614,-0.025294896215200424,0.6431564092636108,0.5860550403594971,0.0061821420677006245,0.6423770785331726,0.5504611730575562,-0.015557566657662392,0.6505182981491089,0.6230443120002747,-0.028200464323163033,0.6556050181388855,0.6812769174575806,-0.032481782138347626,0.6779667139053345,0.580598771572113,0.004744792357087135,0.6732311248779297,0.5450073480606079,-0.02213120087981224,0.6807617545127869,0.6340372562408447,-0.029740050435066223,0.6849387288093567,0.7010233402252197,-0.026671674102544785,0.7114036679267883,0.5834450721740723,-0.0010422886116430163,0.7057548761367798,0.5483556985855103,-0.029208669438958168,0.7079759240150452,0.6404775977134705,-0.023595942184329033,0.7080692648887634,0.7104548811912537,-0.01013573631644249,0.7430258393287659,0.595066249370575,-0.007920345291495323,0.7354122400283813,0.5628389120101929,-0.02639584057033062,0.7314459085464478,0.6259021162986755,-0.019643785431981087,0.7286259531974792,0.6762041449546814,-0.00814088899642229,A
0.8084491491317749,0.6514166593551636,-6.810045505289963e-08,0.7450218796730042,0.6526075005531311,0.006403578910976648,0.6809890270233154,0.6111730933189392,0.00891849771142006,0.6344200372695923,0.595645010471344,0.003895541885867715,0.5939160585403442,0.5742553472518921,-0.00032237000414170325,0.6884218454360962,0.46862953901290894,0.042556073516607285,0.655351996421814,0.39989495277404785,0.03482455387711525,0.6274299621582031,0.3864074647426605,0.021657370030879974,0.6000476479530334,0.3941726088523865,0.011657699011266232,0.7034265995025635,0.4504745900630951,0.025725508108735085,0.6661392450332642,0.36634910106658936,0.014174346812069416,0.6299811005592346,0.360970139503479,-0.0013004507636651397,0.5997760891914368,0.3884367346763611,-0.010744676925241947,0.7200673222541809,0.4449089765548706,0.004371862858533859,0.6822279095649719,0.3563772439956665,-0.007081433665007353,0.6442172527313232,0.35140877962112427,-0.016953758895397186,0.6127251982688904,0.37422269582748413,-0.022041650488972664,0.735383152961731,0.4504466652870178,-0.01800849661231041,0.6981562972068787,0.38281726837158203,-0.027133136987686157,0.664585530757904,0.36249810457229614,-0.03307705372571945,0.6350899934768677,0.360817015171051,-0.03673667088150978,C
0.814834475517273,0.666673481464386,-4.531063169110894e-08,0.7556644082069397,0.6669216752052307,-0.0048360442742705345,0.6918361783027649,0.6238188743591309,-0.009474252350628376,0.6448671221733093,0.6114706993103027,-0.0185308288782835,0.6064870357513428,0.5871598720550537,-0.026122942566871643,0.6945743560791016,0.47680050134658813,0.0216286089271307,0.664138913154602,0.40107452869415283,0.007193399593234062,0.6377707719802856,0.38742199540138245,-0.009522838518023491,0.6121946573257446,0.39795076847076416,-0.020941775292158127,0.7112389802932739,0.4607389271259308,0.010598016902804375,0.676088809967041,0.3744235634803772,-0.0063196951523423195,0.64378821849823,0.3688945174217224,-0.023546474054455757,0.6160628199577332,0.3965418338775635,-0.033498506993055344,0.7315946221351624,0.45652538537979126,-0.00483741145581007,0.6960145831108093,0.3681600093841553,-0.018888231366872787,0.6602537631988525,0.3604211211204529,-0.029486849904060364,0.6297579407691956,0.38178789615631104,-0.03485018387436867,0.7537620663642883,0.4637855887413025,-0.021906841546297073,0.7183791399002075,0.39786529541015625,-0.03234532102942467,0.6861713528633118,0.3740258812904358,-0.03904193267226219,0.6575773358345032,0.3696494996547699,-0.0428466834127903,C
0.8213859796524048,0.7112009525299072,-6.305067135059517e-09,0.7571449279785156,0.6981393098831177,0.003736137878149748,0.6940770149230957,0.6448914408683777,0.0003705188864842057,0.6467598080635071,0.6367448568344116,-0.009043567813932896,0.6049093008041382,0.6336418390274048,-0.01808246411383152,0.7074914574623108,0.49430179595947266,0.022955959662795067,0.6748538017272949,0.41270649433135986,0.011262493208050728,0.645288348197937,0.3889724612236023,-0.0025888734962791204,0.6162247061729431,0.3851179778575897,-0.013424782082438469,0.7240729331970215,0.48435747623443604,0.005654468666762114,0.6859399080276489,0.3916383385658264,-0.007506901398301125,0.6478936672210693,0.37130463123321533,-0.02061484009027481,0.6129553914070129,0.3789368271827698,-0.029667595401406288,0.742965817451477,0.48899608850479126,-0.01529486384242773,0.7043313980102539,0.3934779167175293,-0.02726607769727707,0.6638166904449463,0.3717312216758728,-0.03559929132461548,0.6274496912956238,0.3747009336948395,-0.04143660143017769,0.7601362466812134,0.5062169432640076,-0.03729347139596939,0.72581547498703,0.43643224239349365,-0.04710860922932625,0.6943859457969666,0.406969279050827,-0.05251616984605789,0.6651557683944702,0.3932890295982361,-0.05675690993666649,C
0.8106957674026489,0.6453078389167786,-1.5712153356162162e-07,0.7493443489074707,0.6431120038032532,0.006918750703334808,0.6868834495544434,0.6065720319747925,0.007206338923424482,0.6420855522155762,0.59661865234375,-0.0002571588265709579,0.6062256097793579,0.5709506273269653,-0.006313759367913008,0.6969137191772461,0.46589159965515137,0.037950076162815094,0.6619864106178284,0.3988761901855469,0.02463957667350769,0.6305525898933411,0.3962622880935669,0.008771615102887154,0.6066060662269592,0.41594862937927246,-0.00111071253195405,0.7113308906555176,0.44696420431137085,0.020410915836691856,0.6719090938568115,0.3551645278930664,0.0054572634398937225,0.6340235471725464,0.36316049098968506,-0.008550177328288555,0.6102474927902222,0.4042993187904358,-0.01533304899930954,0.7257709503173828,0.44181227684020996,-0.001836747513152659,0.6856060028076172,0.3501751124858856,-0.014247769489884377,0.6438060402870178,0.35765910148620605,-0.022405320778489113,0.616900622844696,0.39179152250289917,-0.025193676352500916,0.7366998195648193,0.4511485993862152,-0.02515649050474167,0.6951409578323364,0.38632887601852417,-0.03405619040131569,0.6576075553894043,0.37979722023010254,-0.039026204496622086,0.630317747592926,0.39364898204803467,-0.04120625555515289,C
0.8107023239135742,0.6575575470924377,-2.9895721809225506e-07,0.7460872530937195,0.6319799423217773,0.007574549876153469,0.6901506781578064,0.5728171467781067,0.005076589994132519,0.6480066180229187,0.5487026572227478,-0.0039001184049993753,0.6151025295257568,0.524266242980957,-0.011243505403399467,0.7369988560676575,0.43170684576034546,0.02500299923121929,0.6965019702911377,0.36084574460983276,0.00886544305831194,0.6557417511940002,0.3576176166534424,-0.0077432808466255665,0.6225466728210449,0.37636053562164307,-0.01812640391290188,0.7465683817863464,0.4246447682380676,0.007833530195057392,0.6940381526947021,0.3332202434539795,-0.008762268349528313,0.6492132544517517,0.3427278995513916,-0.022465966641902924,0.6205452680587769,0.3785552978515625,-0.029918279498815536,0.7502012252807617,0.43377479910850525,-0.012638580985367298,0.6988463997840881,0.34600725769996643,-0.025480005890130997,0.6528357863426208,0.3519790768623352,-0.03244919702410698,0.6221132874488831,0.3797304630279541,-0.035516779869794846,0.7449986934661865,0.4589266777038574,-0.03365320712327957,0.6996355056762695,0.39627504348754883,-0.041979797184467316,0.6620516180992126,0.38492006063461304,-0.045370109379291534,0.6329246759414673,0.3907749056816101,-0.047086916863918304,C
0.8073847889900208,0.6469647884368896,-1.341100812624063e-07,0.7472184896469116,0.6460326313972473,0.0017663304461166263,0.6839045882225037,0.5996729731559753,0.002864050678908825,0.6379237174987793,0.577698826789856,-0.0024128444492816925,0.6022523641586304,0.5447607040405273,-0.006104662548750639,0.6957115530967712,0.4627625346183777,0.036509718745946884,0.6660447120666504,0.39294856786727905,0.025475533679127693,0.6376453638076782,0.3826587200164795,0.010635417886078358,0.610871434211731,0.39404505491256714,0.0004001577908638865,0.7109249234199524,0.4430026412010193,0.02260480262339115,0.6790446639060974,0.3533329367637634,0.008446356281638145,0.6414949297904968,0.35456717014312744,-0.006773161236196756,0.6123359799385071,0.38875097036361694,-0.015033992007374763,0.7270022034645081,0.43659543991088867,0.003846699371933937,0.6955392360687256,0.3425031900405884,-0.008938707411289215,0.6563785672187805,0.3429836928844452,-0.018487688153982162,0.627143383026123,0.37103238701820374,-0.022407889366149902,0.7408177852630615,0.4421495199203491,-0.01632055826485157,0.7068620920181274,0.37256133556365967,-0.025800995528697968,0.6720114350318909,0.358634352684021,-0.03171827271580696,0.6441975235939026,0.3654329180717468,-0.03471620753407478,C
0.8293449282646179,0.6533567309379578,-9.308895698723063e-08,0.7663690447807312,0.6484107971191406,0.008703173138201237,0.704052209854126,0.6050106883049011,0.008707661181688309,0.659893274307251,0.5979007482528687,0.0015770698664709926,0.6204743385314941,0.592016339302063,-0.005075189284980297,0.7149558663368225,0.46102240681648254,0.0312647745013237,0.678459107875824,0.3875005543231964,0.02113407664000988,0.647677481174469,0.3746153712272644,0.008456486277282238,0.6202692985534668,0.38214704394340515,-0.0007398275774903595,0.7307050228118896,0.4467986226081848,0.012831203639507294,0.690045177936554,0.3579643666744232,0.0013615685747936368,0.6506250500679016,0.3530634641647339,-0.010374004952609539,0.61909019947052,0.3767926096916199,-0.017812449485063553,0.7466590404510498,0.44634130597114563,-0.009249822236597538,0.7052546739578247,0.3548782467842102,-0.019530698657035828,0.6626487374305725,0.3489745855331421,-0.0268002487719059,0.6290783882141113,0.36685872077941895,-0.03127731755375862,0.7593924403190613,0.4575478434562683,-0.0319896899163723,0.7192662954330444,0.3931317627429962,-0.03988054767251015,0.6846979856491089,0.3763798475265503,-0.04406742751598358,0.6559433341026306,0.37469837069511414,-0.04706839472055435,C
0.8236368894577026,0.6699520945549011,-4.087519300810527e-08,0.7593376636505127,0.6657217741012573,0.006567859090864658,0.6959948539733887,0.6262500882148743,0.003988319076597691,0.6506432294845581,0.6292905807495117,-0.005348242819309235,0.6103278398513794,0.6361135244369507,-0.01473641861230135,0.7011772394180298,0.4762212634086609,0.02549753710627556,0.6663593053817749,0.39786356687545776,0.012205244973301888,0.6361427903175354,0.3818373382091522,-0.00310102803632617,0.6076549887657166,0.38973677158355713,-0.01416431088000536,0.7176739573478699,0.4624139070510864,0.006899491883814335,0.6775491237640381,0.37146222591400146,-0.008176323026418686,0.6389073729515076,0.36300981044769287,-0.022912850603461266,0.606833815574646,0.38674482703208923,-0.03228767588734627,0.7366653680801392,0.4622724950313568,-0.01517870370298624,0.6966139078140259,0.36836308240890503,-0.028019675984978676,0.6549617648124695,0.3578881621360779,-0.037328701466321945,0.6205906867980957,0.3750012218952179,-0.04308561608195305,0.754473090171814,0.47500354051589966,-0.03796431049704552,0.7171617150306702,0.40864241123199463,-0.04783713445067406,0.6836537718772888,0.38566267490386963,-0.053373441100120544,0.6541990637779236,0.37964993715286255,-0.05725056305527687,C
0.8356059789657593,0.6701912879943848,-1.901920825275738e-07,0.7692360281944275,0.6610593795776367,0.008822782896459103,0.7050877809524536,0.616188108921051,0.00878993608057499,0.6592019200325012,0.6026884317398071,0.000566926843021065,0.6211915612220764,0.579501748085022,-0.00649207504466176,0.7198494076728821,0.47418320178985596,0.038498081266880035,0.6786450743675232,0.408288836479187,0.026247577741742134,0.6445374488830566,0.406252920627594,0.009999418631196022,0.613681435585022,0.4239145517349243,-0.0014590909704566002,0.7340705990791321,0.45932382345199585,0.01919989101588726,0.6841645240783691,0.376512348651886,0.003957946319133043,0.6424009799957275,0.3859844207763672,-0.013243110850453377,0.6119577288627625,0.4256679117679596,-0.023664463311433792,0.7476377487182617,0.458244651556015,-0.004148213658481836,0.7001155614852905,0.3704754710197449,-0.01633034460246563,0.6564062237739563,0.3785516619682312,-0.026310382410883904,0.6248900890350342,0.41213101148605347,-0.03169652074575424,0.7577338814735413,0.4712270200252533,-0.02834731712937355,0.7131763696670532,0.4068047106266022,-0.03644029423594475,0.6754987835884094,0.39780697226524353,-0.04141576960682869,0.6459681391716003,0.4101351797580719,-0.04469679296016693,C
0.792251467704773,0.6324994564056396,-2.3077014077443891e-07,0.724647581577301,0.6259358525276184,0.0065818065777421,0.658616304397583,0.5768228769302368,0.007692395243793726,0.6108076572418213,0.5567412972450256,0.0002741629723459482,0.57228022813797,0.520797073841095,-0.005707104690372944,0.6718413233757019,0.42553287744522095,0.04381846636533737,0.6355485916137695,0.3555063009262085,0.029963331297039986,0.6013010144233704,0.3560490012168884,0.011774228885769844,0.5726639032363892,0.37822240591049194,-0.00019515142776072025,0.6878531575202942,0.40339353680610657,0.025018882006406784,0.6466019749641418,0.3037745952606201,0.00840991735458374,0.6048547029495239,0.3187429904937744,-0.009400149807333946,0.5773777365684509,0.3675689101219177,-0.01878192648291588,0.7044118642807007,0.3961258828639984,0.001131729339249432,0.6631320118904114,0.29158324003219604,-0.013043902814388275,0.6171729564666748,0.3059026002883911,-0.023624645546078682,0.5866611003875732,0.3470653295516968,-0.02790229208767414,0.7180117964744568,0.40425950288772583,-0.023972541093826294,0.6741219758987427,0.3292580246925354,-0.033848054707050323,0.633183479309082,0.3272736072540283,-0.03919604420661926,0.6036758422851562,0.34816375374794006,-0.041659243404865265,C
0.8014475107192993,0.6405808925628662,-8.664630968269194e-08,0.7343769073486328,0.6345861554145813,0.006506289821118116,0.6681316494941711,0.5899326801300049,0.005722532980144024,0.6191343665122986,0.5817480087280273,-0.002955575007945299,0.5753611326217651,0.5663095712661743,-0.011067151091992855,0.6773800849914551,0.4317690134048462,0.03753436729311943,0.6404790282249451,0.3537053167819977,0.024997485801577568,0.6088070273399353,0.34007811546325684,0.008411794900894165,0.5792277455329895,0.35056889057159424,-0.0033579368609935045,0.6947077512741089,0.4153270721435547,0.018002916127443314,0.654863715171814,0.31573358178138733,0.0012911399826407433,0.6154261231422424,0.312041312456131,-0.017013778910040855,0.582754373550415,0.3466169834136963,-0.0276174433529377,0.7131046652793884,0.41283535957336426,-0.00597661267966032,0.6716765761375427,0.3116416931152344,-0.020519239827990532,0.6284979581832886,0.3060746490955353,-0.032052282243967056,0.5928429961204529,0.3310627341270447,-0.03807543218135834,0.7290850877761841,0.42426472902297974,-0.030907519161701202,0.6861766576766968,0.3538685441017151,-0.041811466217041016,0.6490618586540222,0.33039331436157227,-0.04867371544241905,0.6168080568313599,0.32537874579429626,-0.052985891699790955,C
0.7797698378562927,0.6339977383613586,-2.0053344940151874e-07,0.7118849754333496,0.6232026815414429,0.011117707937955856,0.6487401127815247,0.5753858089447021,0.01333880890160799,0.6029027700424194,0.5583533644676208,0.006525809410959482,0.5632230043411255,0.529392659664154,0.0006484994082711637,0.668302595615387,0.4200463891029358,0.04605881869792938,0.6310933828353882,0.34929096698760986,0.03591061010956764,0.5974359512329102,0.34228572249412537,0.020330337807536125,0.5665286779403687,0.3566040098667145,0.009283313527703285,0.6836848258972168,0.40181243419647217,0.025249721482396126,0.6401571035385132,0.3118070960044861,0.01277274638414383,0.5980894565582275,0.31264936923980713,-0.0034702003467828035,0.5653766989707947,0.34658658504486084,-0.013433673419058323,0.6983535885810852,0.39833804965019226,-0.00012677205086220056,0.6543678641319275,0.30157995223999023,-0.012029952369630337,0.609310507774353,0.30050286650657654,-0.02193455584347248,0.5751417875289917,0.3275333642959595,-0.027051564306020737,0.7085987329483032,0.408857524394989,-0.02627895027399063,0.663144052028656,0.337574303150177,-0.035629115998744965,0.6237751841545105,0.3226882517337799,-0.04100824147462845,0.5920042395591736,0.3282446265220642,-0.0441427119076252,C
0.7685710787773132,0.6249551773071289,-2.518236215109937e-07,0.7004587650299072,0.6154489517211914,0.01201095525175333,0.6364443302154541,0.5658589005470276,0.015363196842372417,0.5907533168792725,0.5431374311447144,0.009005798026919365,0.5543047189712524,0.5078323483467102,0.004079153761267662,0.6586663126945496,0.41067636013031006,0.05052991211414337,0.6238741278648376,0.3393280506134033,0.04026990011334419,0.5888094305992126,0.34121519327163696,0.02454937808215618,0.5585419535636902,0.36263802647590637,0.013923362828791142,0.6737832427024841,0.39350706338882446,0.02955116145312786,0.6316595077514648,0.2985851466655731,0.01733088679611683,0.5880929827690125,0.3112035393714905,0.0019006038783118129,0.5584803819656372,0.353789746761322,-0.006986566353589296,0.6883195638656616,0.3893689513206482,0.003677765838801861,0.6455446481704712,0.29167354106903076,-0.008068357594311237,0.5982316732406616,0.30775871872901917,-0.01776314154267311,0.5670493841171265,0.34870654344558716,-0.022266162559390068,0.698306679725647,0.39868444204330444,-0.02303501032292843,0.6529877781867981,0.3269120454788208,-0.031399987637996674,0.6126633286476135,0.3314695954322815,-0.035813797265291214,0.5846975445747375,0.35791751742362976,-0.038191668689250946,C
0.7822499871253967,0.6336100101470947,-1.939219345103993e-07,0.7122780084609985,0.6233142614364624,0.005812888033688068,0.6492157578468323,0.5781838893890381,0.005508554168045521,0.601555585861206,0.5567982792854309,-0.0035139545798301697,0.5621935725212097,0.5193576216697693,-0.011062555015087128,0.663226842880249,0.42789024114608765,0.04486173763871193,0.6271244883537292,0.3565986752510071,0.03040306642651558,0.5924639105796814,0.35430848598480225,0.010972381569445133,0.5616838335990906,0.3717800974845886,-0.0021462389267981052,0.6791123747825623,0.40653082728385925,0.025769749656319618,0.6400970816612244,0.307341605424881,0.008530431427061558,0.5966820120811462,0.31881552934646606,-0.009943538345396519,0.5662686824798584,0.36261504888534546,-0.020158229395747185,0.6953269243240356,0.3994198143482208,0.0012231420259922743,0.657543420791626,0.2953633964061737,-0.013479862362146378,0.6102951169013977,0.3053935766220093,-0.024325020611286163,0.5779708027839661,0.34256571531295776,-0.02893524430692196,0.7089638113975525,0.4065442681312561,-0.024797828868031502,0.6689228415489197,0.32861313223838806,-0.03493677079677582,0.6282979846000671,0.3251279890537262,-0.040222715586423874,0.598623514175415,0.3460199236869812,-0.04272008314728737,C
0.7550739645957947,0.6635279655456543,-2.68011319803918e-07,0.6855716705322266,0.6463338136672974,0.012176409363746643,0.6214163303375244,0.595830500125885,0.012686066329479218,0.575899600982666,0.5763168334960938,0.004349433351308107,0.5386022329330444,0.5500706434249878,-0.002574484096840024,0.6555190682411194,0.4416190981864929,0.04035082459449768,0.614536464214325,0.3704277276992798,0.026435593143105507,0.5754795074462891,0.3717385530471802,0.009953800588846207,0.5436933040618896,0.3959357738494873,-0.0005895482026971877,0.6689245104789734,0.42849647998809814,0.019147472456097603,0.6161605715751648,0.3392874002456665,0.0029813970904797316,0.5700104832649231,0.3554433584213257,-0.012956737540662289,0.5398799180984497,0.39917629957199097,-0.02151832915842533,0.6779352426528931,0.4329383671283722,-0.006191016174852848,0.6231960654258728,0.34811997413635254,-0.020001020282506943,0.5753681659698486,0.3636258840560913,-0.029251884669065475,0.5444583892822266,0.4011839032173157,-0.03332395479083061,0.6788304448127747,0.45491907000541687,-0.03196260333061218,0.6269627809524536,0.3978491723537445,-0.04101793095469475,0.5880418419837952,0.3957727253437042,-0.045300476253032684,0.5606580972671509,0.4102645218372345,-0.04752850532531738,C
0.8052459955215454,0.6445848941802979,-2.2728006854322302e-07,0.7348052859306335,0.6348071098327637,0.011312156915664673,0.668550968170166,0.5852750539779663,0.014783438295125961,0.6214080452919006,0.5624205470085144,0.008771829307079315,0.5806321501731873,0.5348021388053894,0.003936463966965675,0.6854667663574219,0.444697767496109,0.05018677935004234,0.6459466218948364,0.37976354360580444,0.03957666456699371,0.6111604571342468,0.37915119528770447,0.023831408470869064,0.5818755626678467,0.3970971405506134,0.013048444874584675,0.7007924318313599,0.4246964752674103,0.029393324628472328,0.654131293296814,0.33252203464508057,0.014849326573312283,0.6125586032867432,0.34592628479003906,-0.0017128809122368693,0.5844634175300598,0.39027416706085205,-0.010326389223337173,0.7160229086875916,0.419960081577301,0.0037640572991222143,0.6673907041549683,0.3303024470806122,-0.009080348536372185,0.6212910413742065,0.34729719161987305,-0.01924622803926468,0.5911715030670166,0.38786637783050537,-0.023515986278653145,0.7269283533096313,0.43107661604881287,-0.022698748856782913,0.6767034530639648,0.37100014090538025,-0.031145906075835228,0.6365883946418762,0.3784388303756714,-0.03565523028373718,0.608978271484375,0.40456873178482056,-0.03797927871346474,C
0.7951491475105286,0.6414374709129333,-1.4252097457756463e-07,0.7272689342498779,0.6431984305381775,0.010269218124449253,0.6620427370071411,0.6088306903839111,0.011476021260023117,0.615717351436615,0.6055238842964172,0.003961014561355114,0.5759385824203491,0.5916521549224854,-0.0027382078114897013,0.66755211353302,0.4482329189777374,0.0417582169175148,0.6289975643157959,0.37268537282943726,0.02977651171386242,0.5951396822929382,0.36644265055656433,0.013715892098844051,0.5671704411506653,0.3829730749130249,0.0028253148775547743,0.6833195090293884,0.4287467896938324,0.0212539155036211,0.6413137316703796,0.3295164704322815,0.0070082321763038635,0.5996850728988647,0.33429673314094543,-0.008199597708880901,0.570989727973938,0.3740275204181671,-0.016807474195957184,0.698821485042572,0.42348673939704895,-0.003848626045510173,0.6558400988578796,0.32147735357284546,-0.015304001048207283,0.6098387837409973,0.3252331614494324,-0.024878358468413353,0.5784779787063599,0.35835814476013184,-0.0298585444688797,0.7104806303977966,0.4323696494102478,-0.029956890270113945,0.6668040752410889,0.3611956834793091,-0.03820653259754181,0.6272128820419312,0.35172468423843384,-0.04372707009315491,0.5975927710533142,0.36400043964385986,-0.047228530049324036,C
0.8344025611877441,0.6048462390899658,-2.0749654083829228e-07,0.7660056948661804,0.5947457551956177,0.009100493974983692,0.702356219291687,0.5466725826263428,0.011041042394936085,0.6562432050704956,0.5276626944541931,0.0043093618005514145,0.6179677844047546,0.4973577857017517,-0.0011820717481896281,0.7212185263633728,0.3962600827217102,0.0442950502038002,0.685248851776123,0.32690176367759705,0.03278665989637375,0.6514071822166443,0.3216158449649811,0.016257451847195625,0.6221083998680115,0.3380712866783142,0.004903461784124374,0.7361326217651367,0.37713170051574707,0.025025075301527977,0.6959619522094727,0.28466299176216125,0.011093969456851482,0.6537098288536072,0.29146134853363037,-0.005154798272997141,0.6234246492385864,0.33191579580307007,-0.01451262179762125,0.7514078617095947,0.3726571500301361,0.0010514070745557547,0.7122653126716614,0.2733883261680603,-0.01104404404759407,0.6667759418487549,0.2792876362800598,-0.020649706944823265,0.6350114941596985,0.31431838870048523,-0.025235751643776894,0.7632321119308472,0.3828452229499817,-0.02398104965686798,0.7237038612365723,0.30799758434295654,-0.03299090266227722,0.6849727034568787,0.30003708600997925,-0.03813375532627106,0.6556510925292969,0.31539011001586914,-0.04092247039079666,C
0.7873546481132507,0.64463210105896,-1.74885258275026e-07,0.7198063135147095,0.6346659660339355,0.013363298960030079,0.6592159867286682,0.5898592472076416,0.01814410462975502,0.6126945614814758,0.5676888823509216,0.012388577684760094,0.5723230838775635,0.5369545817375183,0.007426001131534576,0.6739516854286194,0.445429265499115,0.06083759292960167,0.640822172164917,0.37668687105178833,0.05337133631110191,0.6091928482055664,0.3743975758552551,0.03747877851128578,0.5816407203674316,0.39003127813339233,0.025910766795277596,0.6889360547065735,0.4265924394130707,0.03908491134643555,0.651263415813446,0.3329487442970276,0.026797696948051453,0.6103976368904114,0.34282681345939636,0.008400583639740944,0.582798421382904,0.38419270515441895,-0.0021405615843832493,0.704260528087616,0.42021647095680237,0.012077479623258114,0.6668681502342224,0.326221764087677,0.0008255405118688941,0.6230557560920715,0.33746278285980225,-0.01055326871573925,0.5937560200691223,0.3735891580581665,-0.015955036506056786,0.7174131274223328,0.42482709884643555,-0.01587657444179058,0.6775311827659607,0.3544139862060547,-0.023450877517461777,0.6398013830184937,0.3563724458217621,-0.028285261243581772,0.6131388545036316,0.3795791268348694,-0.03106600232422352,C
0.7964577078819275,0.6469600796699524,-1.7830606680035999e-07,0.7297543883323669,0.6369967460632324,0.003268000204116106,0.6667850613594055,0.5879113674163818,0.0033451432827860117,0.6192434430122375,0.5657641887664795,-0.004284054506570101,0.579500675201416,0.5359252095222473,-0.010372619144618511,0.6798873543739319,0.4458536207675934,0.04217897355556488,0.6455484628677368,0.37524479627609253,0.028195522725582123,0.6125456690788269,0.3701592683792114,0.009343479759991169,0.5832229852676392,0.38537609577178955,-0.003415004350244999,0.6958097815513611,0.4267517626285553,0.02580338530242443,0.660514235496521,0.33201533555984497,0.008256195113062859,0.6199252605438232,0.3403708338737488,-0.010758019052445889,0.5902623534202576,0.38005393743515015,-0.02121543325483799,0.7129624485969543,0.42047908902168274,0.004088279325515032,0.6787729263305664,0.3233765661716461,-0.010873806662857533,0.6348121762275696,0.33250176906585693,-0.022926315665245056,0.604154109954834,0.3679259121417999,-0.02821112610399723,0.7279581427574158,0.427345335483551,-0.019078608602285385,0.6907638907432556,0.357119619846344,-0.028638362884521484,0.6533515453338623,0.3552117943763733,-0.034362729638814926,0.6261628866195679,0.37536609172821045,-0.037356261163949966,C
0.7963785529136658,0.6498078107833862,-1.6012640458029637e-07,0.7302504181861877,0.6463242769241333,0.0035871986765414476,0.6666976809501648,0.6008076667785645,0.004448981489986181,0.6181666254997253,0.5769315958023071,-0.0025912239216268063,0.5787992477416992,0.5428009033203125,-0.007927719503641129,0.6748444437980652,0.4581593871116638,0.04576960951089859,0.6420350670814514,0.3839094042778015,0.03218436613678932,0.6110917925834656,0.38074785470962524,0.013366395607590675,0.5842527151107788,0.39977937936782837,0.001028475002385676,0.6898586750030518,0.43705105781555176,0.029791593551635742,0.65261310338974,0.3416600525379181,0.012979870662093163,0.6133847832679749,0.3505259156227112,-0.006176788825541735,0.5870229005813599,0.3950123190879822,-0.016339726746082306,0.7066941261291504,0.4277731776237488,0.008356325328350067,0.6702291369438171,0.33075717091560364,-0.004828786943107843,0.6279172897338867,0.33945661783218384,-0.01594209112226963,0.5997292399406433,0.3779589533805847,-0.020488301292061806,0.7236157655715942,0.428790420293808,-0.014729999005794525,0.6865552663803101,0.35545140504837036,-0.023195601999759674,0.6494667530059814,0.3494335412979126,-0.02860245294868946,0.6223682761192322,0.3688111901283264,-0.031056268140673637,C
0.778597354888916,0.7814198732376099,-3.259920617892931e-07,0.7096845507621765,0.710777997970581,0.01318852324038744,0.6666468977928162,0.6118664145469666,0.01264979224652052,0.6311613321304321,0.5577238202095032,0.0024205578956753016,0.6062837839126587,0.4991895258426666,-0.007293189875781536,0.7434789538383484,0.4649576246738434,0.028308948501944542,0.7256108522415161,0.3407755196094513,0.016837239265441895,0.6952441334724426,0.2828798294067383,0.0067991893738508224,0.6656563878059387,0.24184119701385498,-0.0013609655434265733,0.7599574327468872,0.46892550587654114,0.0059034633450210094,0.7000579237937927,0.3487880825996399,-0.017603207379579544,0.642190158367157,0.38390323519706726,-0.030661698430776596,0.6125118136405945,0.4402727484703064,-0.034720536321401596,0.7650097608566284,0.4870912730693817,-0.018649304285645485,0.7035846710205078,0.3799613118171692,-0.039696961641311646,0.6484172940254211,0.41274818778038025,-0.04518379271030426,0.6220515370368958,0.4614158272743225,-0.04430486634373665,0.7578899264335632,0.5161014795303345,-0.04297386109828949,0.706118106842041,0.4337911009788513,-0.05673383176326752,0.6622037887573242,0.44448697566986084,-0.05882113799452782,0.637664794921875,0.48175936937332153,-0.05743793025612831,D
0.7776042819023132,0.7675961256027222,-7.642614718861296e-08,0.7089463472366333,0.7169920206069946,0.021854154765605927,0.6579790711402893,0.6371442079544067,0.029211120679974556,0.6181046962738037,0.5823034048080444,0.022975804284214973,0.6014372110366821,0.5144141316413879,0.01760033145546913,0.7074668407440186,0.4943748414516449,0.07745300978422165,0.6872966289520264,0.3881959021091461,0.08482227474451065,0.6599027514457703,0.3461367189884186,0.08247890323400497,0.6327391862869263,0.31461209058761597,0.07760747522115707,0.722927451133728,0.48666688799858093,0.052568741142749786,0.6786025762557983,0.38402998447418213,0.045903921127319336,0.6314589381217957,0.4059983491897583,0.03339288383722305,0.602980375289917,0.44850295782089233,0.02880175970494747,0.7313464879989624,0.4874262511730194,0.02378653734922409,0.6852725744247437,0.39331066608428955,0.017294883728027344,0.6372250318527222,0.41969871520996094,0.010603277012705803,0.6099685430526733,0.4655606746673584,0.009464150294661522,0.7332416772842407,0.49818477034568787,-0.005279413424432278,0.688062310218811,0.4300830066204071,-0.005911697633564472,0.6476946473121643,0.43737611174583435,-0.00593738816678524,0.6233609914779663,0.4692828953266144,-0.004898503888398409,D
0.7882905602455139,0.7667204141616821,1.7378859240579914e-07,0.7170526385307312,0.7325546741485596,0.020635195076465607,0.6588851809501648,0.6468327641487122,0.027702389284968376,0.6156753897666931,0.5929753184318542,0.02081330306828022,0.6041645407676697,0.5245957374572754,0.01427201833575964,0.7002922296524048,0.505774736404419,0.08458947390317917,0.6864795684814453,0.40105143189430237,0.0989886000752449,0.6684013605117798,0.35569921135902405,0.10185229033231735,0.6501367092132568,0.315447062253952,0.10066740959882736,0.716921329498291,0.49495357275009155,0.06172484531998634,0.6786587238311768,0.39830029010772705,0.059946008026599884,0.6392974853515625,0.41968834400177,0.04829602688550949,0.6161754131317139,0.45623159408569336,0.04608035832643509,0.7282378077507019,0.49324068427085876,0.03524510934948921,0.6839192509651184,0.4089607298374176,0.033127740025520325,0.6377824544906616,0.4421020746231079,0.023434847593307495,0.6122013330459595,0.48922988772392273,0.021565772593021393,0.7331069707870483,0.5016924738883972,0.008875314146280289,0.690276026725769,0.4299696385860443,0.015479558147490025,0.6534351110458374,0.4285988211631775,0.016226088628172874,0.632999837398529,0.4503939747810364,0.017553046345710754,D
0.7947017550468445,0.7740409970283508,-1.3280983068852947e-07,0.7258039116859436,0.7105181217193604,0.01393061876296997,0.6769057512283325,0.6178984045982361,0.015581393614411354,0.6375911831855774,0.5658776760101318,0.006431878544390202,0.6140970587730408,0.5036317706108093,-0.0020998299587517977,0.7425933480262756,0.47184789180755615,0.04146864265203476,0.7301982045173645,0.34374022483825684,0.03786296397447586,0.7096010446548462,0.2801927626132965,0.031185541301965714,0.6882693767547607,0.2274968922138214,0.0236021988093853,0.756770670413971,0.47271910309791565,0.018727019429206848,0.7048259973526001,0.3645084500312805,-0.00027534528635442257,0.6515296101570129,0.38886621594429016,-0.015252064913511276,0.6215077042579651,0.43371933698654175,-0.02144313044846058,0.7624773979187012,0.4859806001186371,-0.006469020154327154,0.7099172472953796,0.3803653419017792,-0.02378663420677185,0.6592357754707336,0.4083634614944458,-0.031505029648542404,0.6327908039093018,0.45627087354660034,-0.03249890357255936,0.7608591914176941,0.5075241923332214,-0.0317307710647583,0.7149309515953064,0.42483070492744446,-0.043089695274829865,0.6741236448287964,0.4271322786808014,-0.04654848948121071,0.6504122018814087,0.45822179317474365,-0.04652997478842735,D
0.7966750264167786,0.7663152813911438,-2.241167607053285e-07,0.7264552712440491,0.7068817615509033,0.01854451186954975,0.6805288195610046,0.617157518863678,0.02024395577609539,0.6449142694473267,0.5673923492431641,0.009898819960653782,0.6285377740859985,0.5122765302658081,-0.0003503452753648162,0.7505773901939392,0.46953466534614563,0.04394839331507683,0.7337421774864197,0.3481760621070862,0.040883809328079224,0.7066465020179749,0.28968697786331177,0.03579321131110191,0.6817076802253723,0.2473161220550537,0.02983918972313404,0.7654845714569092,0.46851009130477905,0.018862690776586533,0.7055848240852356,0.36422455310821533,0.0009764859569258988,0.6540214419364929,0.40291255712509155,-0.010834083892405033,0.63181072473526,0.45721107721328735,-0.014371405355632305,0.7694427967071533,0.47916147112846375,-0.008374921046197414,0.7105838656425476,0.3750649094581604,-0.023429937660694122,0.6633923053741455,0.4092644453048706,-0.027538668364286423,0.6450072526931763,0.462262898683548,-0.02649618871510029,0.7631037831306458,0.49892672896385193,-0.03540928661823273,0.7139052152633667,0.4151080846786499,-0.044164832681417465,0.6763973832130432,0.41824644804000854,-0.04481716454029083,0.6589568257331848,0.45194870233535767,-0.04306064546108246,D
0.8048268556594849,0.7766773700714111,-3.4573784546410025e-07,0.7275983691215515,0.6977696418762207,0.021325815469026566,0.6887152791023254,0.6055529713630676,0.02280391752719879,0.6558598875999451,0.5559492707252502,0.012473277747631073,0.6275559067726135,0.5091286897659302,0.001326861442066729,0.7661189436912537,0.4532760679721832,0.02958330512046814,0.7461278438568115,0.3175598382949829,0.020126955583691597,0.722111165523529,0.2549618184566498,0.012515299953520298,0.6974603533744812,0.2059381604194641,0.005635563749819994,0.7826594114303589,0.45821911096572876,0.0034840393345803022,0.7082204818725586,0.34829363226890564,-0.019076108932495117,0.656526505947113,0.39344102144241333,-0.03075435571372509,0.6343469023704529,0.4479861855506897,-0.034898243844509125,0.7853366732597351,0.4785420894622803,-0.02359948307275772,0.7117430567741394,0.3727203607559204,-0.04497132450342178,0.6625133156776428,0.41666895151138306,-0.04910297691822052,0.6430376768112183,0.4711954891681671,-0.04769636690616608,0.7744368314743042,0.5076321363449097,-0.04968871548771858,0.7153822183609009,0.4265044331550598,-0.06465645879507065,0.6716492176055908,0.43903082609176636,-0.06727156043052673,0.6482470035552979,0.47735267877578735,-0.06634259968996048,D
0.7867662906646729,0.7672956585884094,-7.462831064231068e-08,0.7208253145217896,0.7198111414909363,0.005780794192105532,0.6689607501029968,0.6327454447746277,0.00496783759444952,0.6318613886833191,0.574562132358551,-0.0068541644141077995,0.6294801831245422,0.5161842107772827,-0.01752464659512043,0.7091307640075684,0.4841664433479309,0.04127092286944389,0.6992983222007751,0.3576415777206421,0.0351870134472847,0.6757729053497314,0.29636043310165405,0.02837251126766205,0.656133234500885,0.245257169008255,0.021098485216498375,0.7281605005264282,0.4808473587036133,0.021495288237929344,0.6917361617088318,0.36146706342697144,-0.0040231444872915745,0.6475726962089539,0.40655386447906494,-0.01763067953288555,0.6299501061439514,0.4687005281448364,-0.018755001947283745,0.7431859374046326,0.4876594841480255,-0.0018562915502116084,0.7074425220489502,0.3749316930770874,-0.022748524323105812,0.6641768217086792,0.4210761785507202,-0.027322327718138695,0.6491564512252808,0.4848403334617615,-0.02282186597585678,0.7549044489860535,0.505553126335144,-0.02654169499874115,0.722827672958374,0.4126289188861847,-0.03698819503188133,0.6829273700714111,0.4239644408226013,-0.03806908801198006,0.6634847521781921,0.4698556661605835,-0.03521938994526863,D
0.8082432746887207,0.7685977220535278,-3.330391962208523e-07,0.7340385913848877,0.6822211742401123,0.03438790515065193,0.6997172236442566,0.5859445333480835,0.04130103439092636,0.6676918268203735,0.5328019857406616,0.03360983356833458,0.6394914984703064,0.4787909686565399,0.024115219712257385,0.783846378326416,0.4511736333370209,0.04819565638899803,0.7693958878517151,0.32206445932388306,0.04628449305891991,0.7480908632278442,0.2560681998729706,0.04302637651562691,0.7248400449752808,0.2055571973323822,0.03835908696055412,0.7988291382789612,0.4541204273700714,0.015833955258131027,0.7294213175773621,0.3407972455024719,0.0008215443231165409,0.6761531829833984,0.3743933141231537,-0.00808712188154459,0.6513226628303528,0.42502203583717346,-0.011343230493366718,0.7963297367095947,0.47156861424446106,-0.016946598887443542,0.72774338722229,0.35837483406066895,-0.03314189985394478,0.6790897250175476,0.3922020196914673,-0.035891901701688766,0.6585143208503723,0.4400780200958252,-0.03472456336021423,0.7783118486404419,0.49480900168418884,-0.047645654529333115,0.7233671545982361,0.4034775495529175,-0.05891484022140503,0.6832662224769592,0.4105202853679657,-0.05928397551178932,0.6619506478309631,0.4448508024215698,-0.05769429728388786,D
0.7682695388793945,0.8107608556747437,-3.075676318076148e-07,0.6918436884880066,0.7214692831039429,0.0032213465310633183,0.6501572132110596,0.6229550242424011,-0.0059190052561461926,0.6194427013397217,0.5594368577003479,-0.022856762632727623,0.6140711903572083,0.5032714009284973,-0.03863653540611267,0.7431368827819824,0.46497201919555664,0.011194487102329731,0.7254031300544739,0.3369448184967041,-0.004590093158185482,0.6991139650344849,0.2716066539287567,-0.014345768839120865,0.6754534244537354,0.22289985418319702,-0.021804558113217354,0.7604010105133057,0.4783889651298523,-0.006563885137438774,0.6844766736030579,0.37493571639060974,-0.033053427934646606,0.6378201842308044,0.43525439500808716,-0.03940621763467789,0.6254435181617737,0.49006497859954834,-0.03823113068938255,0.7638260722160339,0.504475474357605,-0.02694554068148136,0.6900404691696167,0.4059651494026184,-0.05203801766037941,0.6466681361198425,0.4593217074871063,-0.04766027629375458,0.6358830332756042,0.5165017247200012,-0.03885010629892349,0.7534821629524231,0.5397237539291382,-0.04822353273630142,0.6952735185623169,0.46347078680992126,-0.06495331972837448,0.6593150496482849,0.4871037006378174,-0.0622042715549469,0.646206796169281,0.5326447486877441,-0.0557628758251667,D
0.7587252259254456,0.8116828799247742,-3.1906938602332957e-07,0.6879904866218567,0.7454279065132141,0.007765720598399639,0.6440531015396118,0.6497832536697388,0.006295729894191027,0.6125296354293823,0.5883718729019165,-0.004559306427836418,0.6032276749610901,0.5261038541793823,-0.014336427673697472,0.710174560546875,0.49655669927597046,0.031521450728178024,0.6939351558685303,0.376569926738739,0.020900025963783264,0.6682187914848328,0.3205953538417816,0.013129553757607937,0.644870936870575,0.2788928747177124,0.006841444876044989,0.727446973323822,0.49675363302230835,0.012896926142275333,0.6648893356323242,0.4050675332546234,-0.013727966696023941,0.6227899789810181,0.46912163496017456,-0.02466038428246975,0.6103138327598572,0.5356197357177734,-0.024341154843568802,0.7360974550247192,0.5100039839744568,-0.00872656237334013,0.6717777252197266,0.4294790029525757,-0.03353052958846092,0.6326866149902344,0.4882538616657257,-0.035306621342897415,0.6233775615692139,0.5509980916976929,-0.028912851586937904,0.7363017797470093,0.5325243473052979,-0.03078252077102661,0.6814314126968384,0.47422629594802856,-0.04663652926683426,0.6492791771888733,0.5026023983955383,-0.04708531126379967,0.640657365322113,0.5497867465019226,-0.042341429740190506,D
0.7493988275527954,0.8190516829490662,-3.612469754443737e-07,0.6806474328041077,0.7340641617774963,0.02526644431054592,0.6437520980834961,0.6370717287063599,0.027689505368471146,0.61685711145401,0.5697677731513977,0.014906338416039944,0.6046168804168701,0.49627989530563354,0.002304058289155364,0.7183639407157898,0.49776098132133484,0.059672679752111435,0.7090636491775513,0.3813549280166626,0.0541338287293911,0.6853423118591309,0.3174327611923218,0.04879579693078995,0.6625998616218567,0.269960880279541,0.04325887933373451,0.7377499341964722,0.5000284314155579,0.02859421819448471,0.6728613972663879,0.4178914725780487,0.006405392661690712,0.6346282362937927,0.4855315089225769,-0.0011248931987211108,0.6279568076133728,0.5468369722366333,0.0010492353467270732,0.7471044659614563,0.5123026371002197,-0.005622972268611193,0.6763941645622253,0.4411122500896454,-0.02839817851781845,0.6449734568595886,0.5113711953163147,-0.022374985739588737,0.6456619501113892,0.5717824101448059,-0.011285059154033661,0.7482763528823853,0.5307918787002563,-0.03965974971652031,0.6836922764778137,0.4754753112792969,-0.05357232317328453,0.654613196849823,0.5181879997253418,-0.04732557758688927,0.6543976068496704,0.5681477189064026,-0.03822749853134155,D
0.747378945350647,0.8160727024078369,-3.214848334209819e-07,0.6809296607971191,0.7329139113426208,0.011065909639000893,0.6448755860328674,0.6388015747070312,0.005258295685052872,0.616762638092041,0.5713208317756653,-0.011898936703801155,0.6020777821540833,0.4985097646713257,-0.02837495505809784,0.7254307270050049,0.49072858691215515,0.03121567703783512,0.71512371301651,0.3648990988731384,0.0184579249471426,0.6970592141151428,0.2917228937149048,0.010702837258577347,0.680728554725647,0.23474940657615662,0.004205324687063694,0.7438103556632996,0.49707305431365967,0.0074584283865988255,0.6681836843490601,0.42037418484687805,-0.01986403949558735,0.6308495402336121,0.49288085103034973,-0.024903465062379837,0.6268723011016846,0.5458638072013855,-0.02097940631210804,0.7502861022949219,0.513900637626648,-0.01947408728301525,0.672317624092102,0.4432944655418396,-0.04627135023474693,0.6424317359924316,0.5148674845695496,-0.03634549304842949,0.6446846127510071,0.5696085691452026,-0.02221943810582161,0.7470524907112122,0.5368247628211975,-0.04724681377410889,0.6838735342025757,0.4765915274620056,-0.0647922083735466,0.6561851501464844,0.5178605914115906,-0.057339444756507874,0.655459463596344,0.5651736259460449,-0.04632127657532692,D
0.7545500993728638,0.8253923654556274,-1.4674010628823453e-07,0.6829091310501099,0.759893000125885,0.020731544122099876,0.6333982944488525,0.6629118919372559,0.027040258049964905,0.5982592105865479,0.6042012572288513,0.019582288339734077,0.5761840343475342,0.5420775413513184,0.01228424720466137,0.6947644352912903,0.5147902369499207,0.05786619707942009,0.6846254467964172,0.38956892490386963,0.056671787053346634,0.662604808807373,0.3272380232810974,0.051593709737062454,0.6411435604095459,0.2769453823566437,0.04519295692443848,0.7104033827781677,0.5131165385246277,0.03067200630903244,0.6645198464393616,0.39964061975479126,0.010766483843326569,0.6125329732894897,0.43676674365997314,-0.003740061540156603,0.5868076086044312,0.49134355783462524,-0.007195888087153435,0.718407928943634,0.5245693325996399,0.0006452935631386936,0.6711657047271729,0.41959869861602783,-0.0179700069129467,0.6217659115791321,0.4638352394104004,-0.024664320051670074,0.6005985736846924,0.5217462778091431,-0.022775080054998398,0.7202012538909912,0.5446884632110596,-0.0292098056524992,0.6769165396690369,0.46286654472351074,-0.039937712252140045,0.6362535357475281,0.475370317697525,-0.04155949875712395,0.616946280002594,0.5148856043815613,-0.03915233910083771,D
0.7582429647445679,0.81269371509552,-3.565916983916395e-07,0.6842981576919556,0.7068467140197754,0.01941678486764431,0.6547275185585022,0.6147818565368652,0.016180476173758507,0.6274132132530212,0.550586462020874,0.0016558816423639655,0.6089162826538086,0.4860588610172272,-0.013603167608380318,0.7569204568862915,0.477627694606781,0.031680405139923096,0.7443580627441406,0.34957432746887207,0.022851724177598953,0.7213598489761353,0.2797391712665558,0.015787513926625252,0.7006532549858093,0.2247166931629181,0.009029916487634182,0.7720131278038025,0.4882788360118866,0.00711722020059824,0.687041163444519,0.39408737421035767,-0.012810980901122093,0.6410285234451294,0.45435115694999695,-0.017859304323792458,0.635002851486206,0.5029988884925842,-0.01754012703895569,0.7680922150611877,0.5116723775863647,-0.018866276368498802,0.6845636367797852,0.4132325053215027,-0.03832198679447174,0.6485378742218018,0.4737195074558258,-0.029472418129444122,0.6499477028846741,0.5259820222854614,-0.019507797434926033,0.7499759197235107,0.5394933819770813,-0.04453147202730179,0.6850531101226807,0.45832884311676025,-0.056983813643455505,0.6594966650009155,0.49664175510406494,-0.048731375485658646,0.6619498133659363,0.5473587512969971,-0.03908176347613335,D
0.7509228587150574,0.8193672895431519,-3.2659434623383277e-07,0.6802263855934143,0.7388898730278015,0.00876642856746912,0.6414167284965515,0.6422687768936157,0.003991527017205954,0.6124581098556519,0.5769606232643127,-0.01058624405413866,0.6055664420127869,0.509892463684082,-0.0239948108792305,0.7197926640510559,0.48978865146636963,0.028260469436645508,0.7083116173744202,0.36561208963394165,0.016125455498695374,0.6836970448493958,0.30138248205184937,0.009080243296921253,0.6622374653816223,0.2542404532432556,0.003434077836573124,0.737385094165802,0.4944349527359009,0.007860164158046246,0.6688382029533386,0.4097212553024292,-0.01751384697854519,0.6291889548301697,0.4797542989253998,-0.022400006651878357,0.6245886087417603,0.5371140837669373,-0.01854293793439865,0.7435972094535828,0.5111837983131409,-0.01567699760198593,0.6749788522720337,0.4321914613246918,-0.040135979652404785,0.6406309604644775,0.4958883821964264,-0.033259112387895584,0.6403142213821411,0.5529965162277222,-0.02158203162252903,0.7397907376289368,0.5360484719276428,-0.03994123265147209,0.6817154288291931,0.47123563289642334,-0.055965907871723175,0.6523299813270569,0.5097149610519409,-0.05079229548573494,0.651007890701294,0.5607797503471375,-0.04173074662685394,D
0.8006640672683716,0.7297207117080688,-3.206514520570636e-07,0.7445741891860962,0.6901708841323853,-0.014574642293155193,0.7094576954841614,0.5912003517150879,-0.022568702697753906,0.7359165549278259,0.5215068459510803,-0.03443150222301483,0.7829574346542358,0.5146941542625427,-0.043998833745718,0.7242857813835144,0.4990015923976898,0.0006454163230955601,0.7108303308486938,0.39909258484840393,-0.02379094809293747,0.7140817046165466,0.44838500022888184,-0.0393035002052784,0.7246633768081665,0.5005648136138916,-0.04612042009830475,0.7579772472381592,0.48205411434173584,-0.004616275895386934,0.7517099380493164,0.3731216490268707,-0.029378022998571396,0.7520024180412292,0.44332355260849,-0.03664027154445648,0.7591160535812378,0.5038586854934692,-0.034286003559827805,0.791746199131012,0.4832454323768616,-0.014873415231704712,0.788469135761261,0.3786718249320984,-0.03483603894710541,0.782997727394104,0.44779378175735474,-0.03355294466018677,0.7862451076507568,0.5125630497932434,-0.025943120941519737,0.8257114291191101,0.495971143245697,-0.02777743898332119,0.8238495588302612,0.4140709936618805,-0.03809283301234245,0.8110766410827637,0.4528101682662964,-0.035379357635974884,0.8070317506790161,0.5059360265731812,-0.030038051307201385,E
0.8177505135536194,0.7210676670074463,-4.023658277674258e-07,0.7564657926559448,0.6763390302658081,-0.009458635933697224,0.7178893089294434,0.5854053497314453,-0.01676325872540474,0.7315644025802612,0.5139039158821106,-0.02894868329167366,0.7736318707466125,0.5219672322273254,-0.03928746283054352,0.7496915459632874,0.4744945764541626,0.006748167797923088,0.7374422550201416,0.3866456151008606,-0.017690829932689667,0.7258831262588501,0.447293758392334,-0.03261120244860649,0.7338489890098572,0.49568548798561096,-0.03975372761487961,0.7788017392158508,0.4655277132987976,-0.001755853765644133,0.770399808883667,0.3631848990917206,-0.028201574459671974,0.7568420171737671,0.43977898359298706,-0.03419402614235878,0.7659869194030762,0.4953533411026001,-0.03028734214603901,0.8084863424301147,0.4689441919326782,-0.015086534433066845,0.8014736175537109,0.367221862077713,-0.03766839578747749,0.7841651439666748,0.4427438974380493,-0.034244656562805176,0.7901557087898254,0.504848837852478,-0.024080611765384674,0.8407685160636902,0.48454511165618896,-0.030508210882544518,0.8253805041313171,0.406896710395813,-0.04097418487071991,0.8056915998458862,0.4537877142429352,-0.03573278710246086,0.8070367574691772,0.5069637298583984,-0.02803662419319153,E
0.7152433395385742,0.708967387676239,-3.243782202844159e-07,0.6600121855735779,0.6618966460227966,-0.01851162500679493,0.6298393607139587,0.5606902837753296,-0.02865377441048622,0.6619572639465332,0.49140697717666626,-0.04239536449313164,0.7117951512336731,0.4868879020214081,-0.05313747003674507,0.646345317363739,0.4684896171092987,0.0014169375644996762,0.63482266664505,0.3667874336242676,-0.02514399215579033,0.6376985311508179,0.4260261058807373,-0.04294527694582939,0.6482166647911072,0.4824002981185913,-0.05117680877447128,0.680869460105896,0.45365068316459656,-0.0027926843613386154,0.6753409504890442,0.34220555424690247,-0.028464019298553467,0.6733288764953613,0.4155588746070862,-0.037887923419475555,0.6794480681419373,0.4729583263397217,-0.03727322071790695,0.7143520712852478,0.45627492666244507,-0.012772412039339542,0.7135090827941895,0.34600579738616943,-0.033192478120326996,0.7049404382705688,0.41575151681900024,-0.03317766264081001,0.7068102359771729,0.4807942807674408,-0.02654270827770233,0.7475945949554443,0.4706978499889374,-0.02593914046883583,0.7466383576393127,0.38872402906417847,-0.035889867693185806,0.7321234345436096,0.42635536193847656,-0.03379940241575241,0.7276408076286316,0.47833797335624695,-0.029094628989696503,E
0.7490047812461853,0.6953952312469482,-3.6849857565357524e-07,0.6850264072418213,0.7043713331222534,-0.009704268537461758,0.6254374384880066,0.6485123038291931,-0.013002738356590271,0.6174085140228271,0.5727088451385498,-0.021738732233643532,0.6589793562889099,0.5484669208526611,-0.028238637372851372,0.6245657205581665,0.5334858298301697,0.0172922071069479,0.5872865915298462,0.45594990253448486,-0.0034502719063311815,0.5884503126144409,0.5057709217071533,-0.016516469419002533,0.6069474816322327,0.5418676733970642,-0.022154750302433968,0.6446571350097656,0.5008108019828796,0.010225248523056507,0.6069995164871216,0.410459965467453,-0.01377796195447445,0.6127826571464539,0.47988903522491455,-0.019833168014883995,0.6349987387657166,0.5211945176124573,-0.015014944598078728,0.6702101230621338,0.4792102873325348,-0.002411512890830636,0.6351681351661682,0.39022761583328247,-0.02202119491994381,0.6382754445075989,0.459372341632843,-0.020906798541545868,0.6586581468582153,0.5071920156478882,-0.012118753977119923,0.7015587687492371,0.4637927711009979,-0.017533212900161743,0.6706991195678711,0.39725375175476074,-0.02606954053044319,0.6649340987205505,0.44563159346580505,-0.022843316197395325,0.6789605617523193,0.49114322662353516,-0.01667024940252304,E
0.739087700843811,0.706017017364502,-3.1214034379445366e-07,0.6918838024139404,0.6332296133041382,-0.016655711457133293,0.6752294301986694,0.5305231213569641,-0.028181523084640503,0.7155792713165283,0.4746752679347992,-0.043490584939718246,0.7641312479972839,0.49706852436065674,-0.05612516775727272,0.7122101783752441,0.4375358521938324,-0.003145701251924038,0.7179208993911743,0.33346742391586304,-0.029466716572642326,0.7112772464752197,0.3807055652141571,-0.04612952470779419,0.7105589509010315,0.44008222222328186,-0.05372431501746178,0.7494580745697021,0.4409390985965729,-0.008548089303076267,0.7634443640708923,0.3331400752067566,-0.032419197261333466,0.7489298582077026,0.4039967656135559,-0.03892116621136665,0.7441827058792114,0.45731320977211,-0.03758246824145317,0.7816294431686401,0.4613075256347656,-0.01905141957104206,0.800870954990387,0.35395216941833496,-0.037688929587602615,0.7809930443763733,0.41642773151397705,-0.03272411972284317,0.7709475755691528,0.47838881611824036,-0.024163194000720978,0.8109333515167236,0.4974023997783661,-0.032696906477212906,0.8278523087501526,0.41439110040664673,-0.04197355732321739,0.8080499768257141,0.4421480596065521,-0.03678055480122566,0.7934973239898682,0.49029603600502014,-0.030359385535120964,E
0.745559573173523,0.7014297842979431,-3.1259202160072164e-07,0.7092673182487488,0.6088958382606506,-0.015766235068440437,0.7053561210632324,0.5069901943206787,-0.026913920417428017,0.7561551332473755,0.46557995676994324,-0.040955737233161926,0.7997803688049316,0.508996307849884,-0.05193400755524635,0.7553558349609375,0.41958609223365784,-0.0031246112193912268,0.7738819122314453,0.333124577999115,-0.029996028169989586,0.7631807923316956,0.371367871761322,-0.04847376048564911,0.7547867298126221,0.42724183201789856,-0.057500552386045456,0.7925796508789062,0.4410667419433594,-0.008315111510455608,0.8224380612373352,0.35628533363342285,-0.03166191279888153,0.7976692914962769,0.4184979796409607,-0.038656868040561676,0.7837518453598022,0.4674655497074127,-0.038030508905649185,0.8205687999725342,0.4767337441444397,-0.018293816596269608,0.8550712466239929,0.4022943675518036,-0.034725356847047806,0.8259800672531128,0.45065903663635254,-0.027718719094991684,0.8071040511131287,0.5000146627426147,-0.018504120409488678,0.8420796990394592,0.5300077795982361,-0.031452056020498276,0.8682417869567871,0.4627070724964142,-0.03681918978691101,0.8452228903770447,0.4837177097797394,-0.02788650430738926,0.826530396938324,0.522159993648529,-0.01929582469165325,E
0.7633025646209717,0.7029863595962524,-3.2593533205727e-07,0.7029287219047546,0.6694527268409729,-0.02077186293900013,0.6602094769477844,0.573986828327179,-0.03249894082546234,0.6827895045280457,0.4927063286304474,-0.04748303443193436,0.7367113828659058,0.4887963831424713,-0.05891210213303566,0.6741283535957336,0.46695390343666077,0.0017781456699594855,0.6551382541656494,0.36879396438598633,-0.026337718591094017,0.6582997441291809,0.42869728803634644,-0.04515804722905159,0.6728236675262451,0.48213496804237366,-0.05399591475725174,0.706647515296936,0.446114182472229,-0.0019039855105802417,0.6932275891304016,0.33734893798828125,-0.030903730541467667,0.6925336718559265,0.41097739338874817,-0.04037390649318695,0.7042196989059448,0.4700145125389099,-0.03840762376785278,0.7397146821022034,0.4429331123828888,-0.012017043307423592,0.7298610210418701,0.3332134485244751,-0.035378504544496536,0.7230011224746704,0.40337836742401123,-0.035938531160354614,0.7308310866355896,0.46871858835220337,-0.028297163546085358,0.7747359275817871,0.45019418001174927,-0.025560719892382622,0.7652302384376526,0.36632299423217773,-0.03733254224061966,0.7515890002250671,0.4067456126213074,-0.03622395545244217,0.7527294754981995,0.4608740210533142,-0.03140226751565933,E
0.7691993117332458,0.6976875066757202,-3.746875734123023e-07,0.7065292596817017,0.6992358565330505,-0.01657130755484104,0.6481522917747498,0.6363140344619751,-0.024096526205539703,0.6490882039070129,0.5529072284698486,-0.035966381430625916,0.6910799145698547,0.5079824328422546,-0.04468970373272896,0.6428179740905762,0.5328142046928406,0.009146783500909805,0.6021926403045654,0.4531245231628418,-0.016046028584241867,0.6139460206031799,0.5072467923164368,-0.03319086134433746,0.6366341710090637,0.5462566018104553,-0.041222862899303436,0.6659435629844666,0.4917263388633728,0.004130135290324688,0.6280298829078674,0.39782679080963135,-0.022007480263710022,0.638148844242096,0.46676936745643616,-0.03186413273215294,0.6590957641601562,0.5133258700370789,-0.030648473650217056,0.6938594579696655,0.46685612201690674,-0.00704648531973362,0.6597834825515747,0.37356749176979065,-0.02770860493183136,0.6649248600006104,0.4426591396331787,-0.02898220904171467,0.6840325593948364,0.49600139260292053,-0.02259184420108795,0.7260727882385254,0.4521258473396301,-0.021356403827667236,0.6981383562088013,0.3828045129776001,-0.03070192225277424,0.6927707195281982,0.42940574884414673,-0.028964078053832054,0.7051920294761658,0.477033793926239,-0.02436487004160881,E
0.7711660265922546,0.7048913836479187,-3.542352260410553e-07,0.7142466306686401,0.6648889183998108,-0.02048889361321926,0.6791079640388489,0.5668131113052368,-0.032160088419914246,0.7111621499061584,0.49510613083839417,-0.046783704310655594,0.7597503662109375,0.4803052544593811,-0.05799783021211624,0.6892332434654236,0.467846155166626,-0.005456252489238977,0.6763502955436707,0.36233481764793396,-0.0341147780418396,0.6839978098869324,0.430014431476593,-0.0522727333009243,0.6957563161849976,0.48563453555107117,-0.060661431401968,0.7251614928245544,0.44790807366371155,-0.00940682366490364,0.7178958058357239,0.331676721572876,-0.036750178784132004,0.72077876329422,0.4126832187175751,-0.04574398696422577,0.7271100282669067,0.4697340726852417,-0.045027755200862885,0.7597386240959167,0.4464274048805237,-0.019024837762117386,0.756738543510437,0.3301885426044464,-0.0407789871096611,0.7529786825180054,0.4048701226711273,-0.03967566788196564,0.7555823922157288,0.46934399008750916,-0.03254888951778412,0.7937687039375305,0.45886582136154175,-0.03186166286468506,0.7930862903594971,0.3701198101043701,-0.04333850368857384,0.7811794281005859,0.41183337569236755,-0.04100380092859268,0.7768493294715881,0.4654372036457062,-0.03616280108690262,E
0.7837636470794678,0.6940574049949646,-2.865619705971767e-07,0.7203447818756104,0.6697876453399658,-0.0191073976457119,0.6712282299995422,0.5863983631134033,-0.031186049804091454,0.6862366199493408,0.5090117454528809,-0.04625554755330086,0.7302923798561096,0.4812886118888855,-0.059109512716531754,0.6949092745780945,0.4556564390659332,-0.0060323020443320274,0.6803587079048157,0.3498682379722595,-0.03446665406227112,0.6817630529403687,0.386831134557724,-0.052588265389204025,0.6938729286193848,0.44285452365875244,-0.06019892916083336,0.728985071182251,0.4385637044906616,-0.010642988607287407,0.7250325679779053,0.323482871055603,-0.041270192712545395,0.7215971350669861,0.3930618166923523,-0.05122191458940506,0.7269658446311951,0.46009063720703125,-0.049153558909893036,0.7622174024581909,0.43863144516944885,-0.020749887451529503,0.7602856159210205,0.33176708221435547,-0.04629559814929962,0.7507942318916321,0.39867839217185974,-0.048370908945798874,0.7521815896034241,0.46596217155456543,-0.041571129113435745,0.7976037859916687,0.4506225883960724,-0.03343307971954346,0.7929071187973022,0.36220061779022217,-0.048304006457328796,0.7801960706710815,0.4011208713054657,-0.047336380928754807,0.7774729132652283,0.45563849806785583,-0.0419897697865963,E
0.7894876599311829,0.6931444406509399,-2.088599728722329e-07,0.7243338823318481,0.6674087643623352,-0.01788303628563881,0.6743030548095703,0.586767315864563,-0.029055455699563026,0.6877339482307434,0.5089010000228882,-0.043713100254535675,0.7340547442436218,0.4883263409137726,-0.0564168281853199,0.696484386920929,0.4644947648048401,-0.0004321052401792258,0.6799551844596863,0.3668416142463684,-0.027039170265197754,0.6770184636116028,0.3824118971824646,-0.04449298605322838,0.6854715347290039,0.4275106191635132,-0.05169076472520828,0.7301293015480042,0.44356459379196167,-0.005042332224547863,0.7225950956344604,0.33957284688949585,-0.03499305620789528,0.720548152923584,0.40170150995254517,-0.045102767646312714,0.727748692035675,0.4683149456977844,-0.042758770287036896,0.7633541226387024,0.4388616979122162,-0.015179488807916641,0.7560752630233765,0.3406718075275421,-0.04056889936327934,0.7483095526695251,0.40407148003578186,-0.042961232364177704,0.7524834871292114,0.4734920263290405,-0.03564415127038956,0.7979978919029236,0.44571468234062195,-0.027888091281056404,0.7899032235145569,0.3619294762611389,-0.04243553429841995,0.7764330506324768,0.3974717855453491,-0.04179739952087402,0.7743644714355469,0.45395657420158386,-0.03625957667827606,E
0.7878577709197998,0.7028070688247681,-3.1168463010544656e-07,0.7253062725067139,0.6678364872932434,-0.019736599177122116,0.6834439039230347,0.5760781764984131,-0.03138938173651695,0.7081555128097534,0.5004655122756958,-0.046313293278217316,0.7557623982429504,0.4951295256614685,-0.0579872727394104,0.6949930191040039,0.4770807921886444,0.00030220558983273804,0.6798930764198303,0.37835317850112915,-0.027533292770385742,0.6875283718109131,0.43816280364990234,-0.045839034020900726,0.7011731863021851,0.49025365710258484,-0.05412007123231888,0.7284170985221863,0.4562586545944214,-0.0034797778353095055,0.719820499420166,0.3491216003894806,-0.03182917460799217,0.7235876321792603,0.4250345528125763,-0.04093082621693611,0.7331467270851135,0.4841543734073639,-0.03906562924385071,0.761591374874115,0.45018821954727173,-0.013329776003956795,0.7550203800201416,0.34452465176582336,-0.036010827869176865,0.752589225769043,0.41708940267562866,-0.03529788926243782,0.7591795921325684,0.4826756715774536,-0.027036385610699654,0.7953135967254639,0.4547683894634247,-0.026419388130307198,0.7883360385894775,0.3704528510570526,-0.03739717975258827,0.778594434261322,0.4139733612537384,-0.03460600599646568,0.7793148756027222,0.4680698812007904,-0.028671860694885254,E
0.7873941659927368,0.6947237253189087,-2.6862815616368607e-07,0.7304719090461731,0.6593289971351624,-0.019397178664803505,0.6923309564590454,0.5568260550498962,-0.029382668435573578,0.7223565578460693,0.4790031909942627,-0.042344674468040466,0.7726137638092041,0.46495336294174194,-0.05252181738615036,0.6995842456817627,0.4701668620109558,-0.0005016995128244162,0.68315190076828,0.3672514259815216,-0.02603250928223133,0.689949631690979,0.4143945574760437,-0.04483100026845932,0.703779935836792,0.4695167541503906,-0.05417247489094734,0.7331891655921936,0.4481361210346222,-0.004209244158118963,0.723362147808075,0.33394747972488403,-0.028205085545778275,0.7263826131820679,0.3917854130268097,-0.04003910347819328,0.7348060011863708,0.44998079538345337,-0.04224872589111328,0.7666246294975281,0.4444398880004883,-0.01345245260745287,0.7606500387191772,0.3284648656845093,-0.03216840326786041,0.7583968043327332,0.38352957367897034,-0.035789355635643005,0.764160692691803,0.44662541151046753,-0.03302302584052086,0.8003259897232056,0.4526590406894684,-0.025904376059770584,0.7943003177642822,0.36537182331085205,-0.03664146363735199,0.7868028879165649,0.3979613780975342,-0.03715643659234047,0.7882211208343506,0.45066922903060913,-0.03498603031039238,E
0.7957087755203247,0.6956073045730591,-2.152988827219815e-07,0.731626570224762,0.653983473777771,-0.018597086891531944,0.694985568523407,0.563850998878479,-0.030157631263136864,0.7220090627670288,0.4873357117176056,-0.04528573527932167,0.7676501274108887,0.47429823875427246,-0.058192212134599686,0.7113335132598877,0.4614555537700653,0.0021651878487318754,0.6994157433509827,0.36233609914779663,-0.025548934936523438,0.7004904747009277,0.397441565990448,-0.046170011162757874,0.7119380235671997,0.44933757185935974,-0.05597648024559021,0.7454252243041992,0.4433026611804962,-0.0019397754222154617,0.7408379316329956,0.33278340101242065,-0.030893482267856598,0.7392905354499817,0.3902058005332947,-0.044781509786844254,0.7476984858512878,0.4557133913040161,-0.0464693047106266,0.7786529660224915,0.4403996765613556,-0.011786139570176601,0.7762851119041443,0.33360791206359863,-0.03549623116850853,0.7677422165870667,0.3906667232513428,-0.04108764976263046,0.7720745205879211,0.46067655086517334,-0.0371033176779747,0.8127301931381226,0.4494708180427551,-0.024524448439478874,0.8092831969261169,0.36309316754341125,-0.03767050430178642,0.7960028052330017,0.39386996626853943,-0.03907684609293938,0.7932237982749939,0.45038706064224243,-0.03596695140004158,E
0.7963770031929016,0.6919269561767578,-2.958880997994129e-07,0.7390532493591309,0.6564261317253113,-0.01832108572125435,0.7036501169204712,0.5510739684104919,-0.02600438892841339,0.7364301085472107,0.4749023914337158,-0.03671414777636528,0.7861323356628418,0.4600510895252228,-0.04463880881667137,0.7131221890449524,0.468466579914093,0.0009566487860865891,0.6976678967475891,0.3623487949371338,-0.02398828975856304,0.7023780345916748,0.4107224941253662,-0.04166630282998085,0.7148686647415161,0.4671953618526459,-0.049970388412475586,0.7466307282447815,0.44833484292030334,-0.0025234126951545477,0.7374599575996399,0.331872820854187,-0.026097020134329796,0.7381933331489563,0.38985884189605713,-0.03733531013131142,0.745583713054657,0.4476729929447174,-0.038979820907115936,0.7794598340988159,0.4453676640987396,-0.011560358107089996,0.7749892473220825,0.32748258113861084,-0.030664360150694847,0.7704890370368958,0.3825302720069885,-0.03459670767188072,0.7752527594566345,0.44553977251052856,-0.03185640648007393,0.812537670135498,0.45308101177215576,-0.023610452190041542,0.8077534437179565,0.363614946603775,-0.035507168620824814,0.7988011240959167,0.39617568254470825,-0.03682132437825203,0.7992133498191833,0.4502175450325012,-0.0349862240254879,E
0.8039692044258118,0.956707775592804,1.1679497902150615e-07,0.7420045137405396,0.919191300868988,-0.013705689460039139,0.6962891221046448,0.7874710559844971,-0.013450950384140015,0.6767346262931824,0.6692696213722229,-0.015914451330900192,0.6879748106002808,0.5867488384246826,-0.015394139103591442,0.716794490814209,0.656049370765686,0.03445906937122345,0.7029513716697693,0.5648724436759949,0.023920495063066483,0.7005167603492737,0.5511078834533691,0.007942857220768929,0.7015165090560913,0.5431031584739685,-0.002834496321156621,0.7475944757461548,0.6289122104644775,0.02923486940562725,0.7282492518424988,0.5051178932189941,0.029681192710995674,0.7167994976043701,0.42760714888572693,0.020843850448727608,0.7061547636985779,0.35557010769844055,0.012367701157927513,0.780229926109314,0.6344634294509888,0.016260268166661263,0.7639070749282837,0.5158873200416565,0.012844632379710674,0.751889705657959,0.4438917934894562,0.00627086590975523,0.7389192581176758,0.3796175420284271,-0.0004743674071505666,0.8170663714408875,0.6578676700592041,-0.00019348580099176615,0.8013999462127686,0.5656967163085938,-0.0028145660180598497,0.7890580892562866,0.5076930522918701,-0.003176572499796748,0.7765748500823975,0.449365496635437,-0.005347218364477158,F
0.8048090934753418,0.9502366185188293,1.9578916976570326e-07,0.7445595264434814,0.8928391337394714,-0.01603882387280464,0.7088642716407776,0.7577569484710693,-0.01744287833571434,0.6953577399253845,0.6388779282569885,-0.02110479585826397,0.7106446027755737,0.5653300285339355,-0.02215258590877056,0.7358672618865967,0.6343040466308594,0.03285646066069603,0.7292008399963379,0.5397367477416992,0.02043803036212921,0.7268511652946472,0.517681896686554,0.001880687428638339,0.7265865802764893,0.5013465285301208,-0.011196175590157509,0.7693624496459961,0.6120785474777222,0.02803480066359043,0.7602651119232178,0.4848133325576782,0.02509390562772751,0.7553319334983826,0.4033812880516052,0.012061302550137043,0.7502754926681519,0.3265502154827118,0.0005435707280412316,0.8023653030395508,0.6234526634216309,0.015506701543927193,0.794520914554596,0.5003389716148376,0.008252774365246296,0.787493884563446,0.4233773350715637,-0.0015740053495392203,0.7791146636009216,0.35407477617263794,-0.010053186677396297,0.8393015265464783,0.6538287997245789,-0.0003675321058835834,0.8295583724975586,0.5564925074577332,-0.006177057512104511,0.8217086791992188,0.4940796494483948,-0.008396776393055916,0.8130231499671936,0.4313676357269287,-0.011692767962813377,F
0.73769211769104,0.9750255346298218,-3.9750869262888955e-08,0.6737337708473206,0.9617436528205872,-0.01530143991112709,0.6194648742675781,0.8566211462020874,-0.019658662378787994,0.6026368141174316,0.7573358416557312,-0.026592127978801727,0.6113776564598083,0.7070755958557129,-0.03068867325782776,0.647744357585907,0.6940867304801941,0.015831122174859047,0.6332480311393738,0.5942134857177734,-0.008959952741861343,0.635418713092804,0.6240825057029724,-0.03244216367602348,0.6411870121955872,0.6639921069145203,-0.04507080838084221,0.679519534111023,0.6642045974731445,0.009240634739398956,0.6643201112747192,0.5411078333854675,0.00040671747410669923,0.6543567180633545,0.4726414382457733,-0.011743561364710331,0.6450557112693787,0.4087550640106201,-0.022057577967643738,0.712058424949646,0.6660244464874268,-0.005050283391028643,0.6976622343063354,0.5489046573638916,-0.014979912899434566,0.6846939325332642,0.47648054361343384,-0.024361778050661087,0.6703680753707886,0.4066414535045624,-0.03239056095480919,0.7481549978256226,0.6872822046279907,-0.022618385031819344,0.7353142499923706,0.5911223888397217,-0.029577044770121574,0.7249956727027893,0.5303488969802856,-0.0318068191409111,0.7135449051856995,0.4678126275539398,-0.034803356975317,F
0.7518145442008972,0.9761911630630493,-2.8141002417214622e-08,0.6874359846115112,0.9575126767158508,-0.013908172957599163,0.6334495544433594,0.8376767635345459,-0.016627885401248932,0.6161038279533386,0.7276996374130249,-0.022739065811038017,0.6388190984725952,0.6772136092185974,-0.02627282217144966,0.6656413078308105,0.6816701292991638,0.022182783111929893,0.6538904905319214,0.5832402110099792,-0.0005508869653567672,0.6497587561607361,0.6031977534294128,-0.02364962548017502,0.6492481827735901,0.6365076303482056,-0.036929164081811905,0.6973376274108887,0.6531692147254944,0.014790430665016174,0.6829254627227783,0.5288825631141663,0.006890430115163326,0.6701603531837463,0.45589694380760193,-0.0051000383682549,0.6581620573997498,0.39210841059684753,-0.015317737124860287,0.7308385372161865,0.6576058864593506,-0.0005269344546832144,0.7173595428466797,0.5359925627708435,-0.010248525068163872,0.7050663232803345,0.462861567735672,-0.019627295434474945,0.690627932548523,0.3956280052661896,-0.027536792680621147,0.7668133974075317,0.6826140284538269,-0.019178608432412148,0.755047619342804,0.5849784016609192,-0.026674605906009674,0.7441785335540771,0.5221335887908936,-0.029744043946266174,0.7316900491714478,0.45867717266082764,-0.03338463231921196,F
0.8097244501113892,0.9468485116958618,1.406470460096898e-07,0.7458428740501404,0.9242715239524841,-0.01823241263628006,0.6920196413993835,0.8120259046554565,-0.022568369284272194,0.681299090385437,0.7019004821777344,-0.028998225927352905,0.7061042785644531,0.6340540647506714,-0.03221788629889488,0.7010157704353333,0.6698487997055054,0.021879149600863457,0.679988443851471,0.5763453245162964,0.001231775851920247,0.6935104131698608,0.576254665851593,-0.021402373909950256,0.7110233306884766,0.5822516679763794,-0.03496459499001503,0.7307608127593994,0.6344517469406128,0.017206450924277306,0.7093069553375244,0.5134023427963257,0.011215540580451488,0.7025627493858337,0.44061872363090515,-0.001793596544303,0.6980912089347839,0.37041500210762024,-0.012996083125472069,0.7629479169845581,0.6327911019325256,0.0045213415287435055,0.7441030740737915,0.5167089104652405,-0.0034900333266705275,0.7320416569709778,0.4432251453399658,-0.012976874597370625,0.7213717103004456,0.37364423274993896,-0.021336229518055916,0.8014101982116699,0.6477307081222534,-0.012001398019492626,0.7820820212364197,0.5550670027732849,-0.016070447862148285,0.7696825265884399,0.49743255972862244,-0.016676081344485283,0.757807731628418,0.4373944103717804,-0.019129186868667603,F
0.7600855827331543,0.8071658611297607,2.9264899126246746e-07,0.7006545662879944,0.7327609658241272,-0.013555034063756466,0.6704007983207703,0.6071833968162537,-0.010908856987953186,0.6605005264282227,0.49889904260635376,-0.010223247110843658,0.6666175127029419,0.41428425908088684,-0.0075820875354111195,0.6902886629104614,0.5074342489242554,0.03439569100737572,0.6864646673202515,0.40281665325164795,0.030508864670991898,0.6847127676010132,0.3389735519886017,0.019060585647821426,0.6845797300338745,0.27991095185279846,0.008569343946874142,0.7179067730903625,0.49163684248924255,0.03133663907647133,0.7078045606613159,0.376696914434433,0.02868347428739071,0.7009480595588684,0.3028283715248108,0.01483639981597662,0.6928983926773071,0.23461422324180603,0.003390355035662651,0.7453452944755554,0.49761608242988586,0.022362904623150826,0.7352340221405029,0.3859802484512329,0.01585215888917446,0.7261064648628235,0.3169061541557312,0.00535255903378129,0.7157484889030457,0.2584981620311737,-0.003028809791430831,0.7758997082710266,0.5170971751213074,0.010516411624848843,0.7653356194496155,0.42820289731025696,0.004282507114112377,0.7568939328193665,0.3693643808364868,-1.7285088688367978e-05,0.7484573721885681,0.31412360072135925,-0.003946251701563597,F
0.7589282393455505,0.8171502351760864,3.1029532010506955e-07,0.7004712224006653,0.7489377856254578,-0.020275980234146118,0.6707208156585693,0.6237515807151794,-0.022418444976210594,0.6606642007827759,0.5110304355621338,-0.025251837447285652,0.6667017936706543,0.42087000608444214,-0.025972364470362663,0.6934049129486084,0.5073449015617371,0.02503448724746704,0.691669225692749,0.4031292796134949,0.01743783988058567,0.6928562521934509,0.3418118953704834,0.004039027262479067,0.6954710483551025,0.283531129360199,-0.007858466356992722,0.7245074510574341,0.4929110109806061,0.023709764704108238,0.7188031077384949,0.37898653745651245,0.017682036384940147,0.7157018780708313,0.3074253499507904,0.0027349700685590506,0.710913360118866,0.23843327164649963,-0.00958228763192892,0.7537511587142944,0.5030152797698975,0.01597910188138485,0.748711347579956,0.39001041650772095,0.005547923501580954,0.7420054078102112,0.31894153356552124,-0.006203364115208387,0.7333097457885742,0.25363409519195557,-0.01537801418453455,0.7844828367233276,0.5279660224914551,0.0050507416017353535,0.7783183455467224,0.4355860948562622,-0.005637831520289183,0.773278534412384,0.3734912574291229,-0.012139914557337761,0.7679641842842102,0.31142786145210266,-0.01744529977440834,F
0.7610666751861572,0.8036714792251587,2.2510801045427797e-07,0.6972079277038574,0.7437204122543335,-0.017700685188174248,0.659207284450531,0.6251254677772522,-0.020169762894511223,0.6410826444625854,0.51545649766922,-0.025003373622894287,0.6592451333999634,0.4360079765319824,-0.027213260531425476,0.6865376234054565,0.514510452747345,0.03548980504274368,0.6769058108329773,0.4267767071723938,0.02341662533581257,0.6771631836891174,0.4058930575847626,0.0051376670598983765,0.6808212995529175,0.38875842094421387,-0.0076972548849880695,0.7168465852737427,0.48937705159187317,0.03271123021841049,0.7060470581054688,0.374078631401062,0.02887900546193123,0.6998645067214966,0.3009485602378845,0.0146650904789567,0.6938366889953613,0.23008161783218384,0.002889886498451233,0.7474218606948853,0.49344706535339355,0.021969987079501152,0.7391512989997864,0.37952882051467896,0.013937802985310555,0.7315196990966797,0.30854833126068115,0.0025644637644290924,0.723057210445404,0.24432098865509033,-0.00613940367475152,0.7803807854652405,0.5143953561782837,0.007832850329577923,0.7713097333908081,0.42220109701156616,0.0025454119313508272,0.7645886540412903,0.3629096448421478,-0.0006173169240355492,0.7578510046005249,0.3038144111633301,-0.00417720153927803,F
0.7651917338371277,0.8062843084335327,1.5939041020374134e-07,0.7078720927238464,0.7441154718399048,-0.012278513982892036,0.6777470707893372,0.6286791563034058,-0.012416748329997063,0.6636228561401367,0.5281925201416016,-0.015433773398399353,0.6674295663833618,0.45671260356903076,-0.016089919954538345,0.6899176836013794,0.5124157071113586,0.03631075471639633,0.6789438128471375,0.42545902729034424,0.0246463343501091,0.6769928336143494,0.40157055854797363,0.006225373595952988,0.6776583194732666,0.38421210646629333,-0.006657809019088745,0.7197425365447998,0.48640409111976624,0.030569711700081825,0.7067233324050903,0.3703100085258484,0.027384785935282707,0.6995338797569275,0.29618459939956665,0.012862981297075748,0.6917384266853333,0.22538301348686218,0.0002330075658392161,0.7495206594467163,0.491203248500824,0.01765991933643818,0.7398239374160767,0.37678974866867065,0.010867969132959843,0.7309558987617493,0.30554693937301636,-0.0002087253815261647,0.7217177152633667,0.2428308129310608,-0.00955091044306755,0.7830055356025696,0.5143624544143677,0.0017588401678949594,0.7714362144470215,0.4220814108848572,-0.0032098747324198484,0.7631846070289612,0.36322957277297974,-0.006009346339851618,0.7548204660415649,0.30563783645629883,-0.009681440889835358,F
0.7687622308731079,0.8091827630996704,3.4145503491345153e-07,0.715149998664856,0.7370628118515015,-0.020334936678409576,0.6845769286155701,0.6098260283470154,-0.022665102034807205,0.6709882616996765,0.4990313947200775,-0.02599690668284893,0.6760554313659668,0.41282710433006287,-0.026907991617918015,0.6980769038200378,0.49533966183662415,0.025635389611124992,0.6932631731033325,0.3836696743965149,0.018493739888072014,0.6911249160766602,0.3161645829677582,0.005477130878716707,0.6909100413322449,0.2559828758239746,-0.005723198410123587,0.7258440852165222,0.48049235343933105,0.024609806016087532,0.7135269641876221,0.3582213222980499,0.0205550380051136,0.706144392490387,0.2807312607765198,0.007772568613290787,0.6971815228462219,0.21076446771621704,-0.0028143050149083138,0.7547835111618042,0.48879435658454895,0.016992921009659767,0.7430251836776733,0.37075740098953247,0.009916848503053188,0.7336670756340027,0.29962804913520813,0.0003363966825418174,0.7221837043762207,0.24047836661338806,-0.00746333971619606,0.7871478796005249,0.5111571550369263,0.005712011829018593,0.7758145332336426,0.41908225417137146,-0.0012208794942125678,0.766084611415863,0.3588240146636963,-0.006046663504093885,0.7559554576873779,0.3040926456451416,-0.01036214642226696,F
0.763547420501709,0.8046975135803223,1.8852743721708975e-07,0.6998912692070007,0.7474292516708374,-0.015959490090608597,0.6630210876464844,0.6302335262298584,-0.01792667992413044,0.6459478139877319,0.5240293741226196,-0.022619830444455147,0.6603079438209534,0.4459235966205597,-0.024754589423537254,0.6892925500869751,0.5203337669372559,0.03612159192562103,0.6792876124382019,0.43451738357543945,0.023033425211906433,0.6778267621994019,0.41754937171936035,0.004302228335291147,0.6797648072242737,0.4046027958393097,-0.008400616236031055,0.7178066968917847,0.4951542913913727,0.03227889537811279,0.7047728300094604,0.3799889087677002,0.02792120911180973,0.6961359977722168,0.30765992403030396,0.014014842920005322,0.6875152587890625,0.23800542950630188,0.002480085240676999,0.7471153140068054,0.4989117980003357,0.020411977544426918,0.7363069653511047,0.3846239447593689,0.012312497943639755,0.7265119552612305,0.3138124346733093,0.0014797223266214132,0.7165293097496033,0.2508240044116974,-0.0069314464926719666,0.7797589302062988,0.5183473229408264,0.0052025835029780865,0.7687271237373352,0.4243418872356415,-0.0001550156739540398,0.7611345052719116,0.36409085988998413,-0.0033474189694970846,0.7533819675445557,0.3043046295642853,-0.007008652668446302,F
0.7571251392364502,0.8024106621742249,7.452382533301716e-08,0.6968798041343689,0.7511208057403564,-0.011365237645804882,0.6659687161445618,0.6305020451545715,-0.010586460120975971,0.6697881817817688,0.5282264351844788,-0.01308982539921999,0.6911437511444092,0.4691081643104553,-0.013041500933468342,0.6825308203697205,0.5261180996894836,0.031511325389146805,0.6710619330406189,0.43168336153030396,0.014545554295182228,0.6721797585487366,0.4316636323928833,-0.00488272774964571,0.6761761903762817,0.4470022916793823,-0.015596427023410797,0.7134214639663696,0.4975002408027649,0.025928379967808723,0.7005215883255005,0.3809759020805359,0.021642200648784637,0.6924181580543518,0.30863791704177856,0.00937824510037899,0.6843400597572327,0.24404197931289673,-0.0007829422247596085,0.7437539100646973,0.49936559796333313,0.01277367863804102,0.7336517572402954,0.3874276876449585,0.005745103117078543,0.723133385181427,0.31386232376098633,-0.004518846981227398,0.712763786315918,0.24932017922401428,-0.012838872149586678,0.7767828106880188,0.5161545276641846,-0.0034064319916069508,0.7670987248420715,0.4249458909034729,-0.007766124792397022,0.7589647769927979,0.36532583832740784,-0.00992545671761036,0.7502967715263367,0.3066807985305786,-0.012889712117612362,F
0.7611801028251648,0.8032508492469788,2.192042458659671e-08,0.6968591809272766,0.770660400390625,-0.014958193525671959,0.6461589932441711,0.666516900062561,-0.01993449777364731,0.6288972496986389,0.5626721382141113,-0.028065860271453857,0.659835159778595,0.51876300573349,-0.03348498046398163,0.6814026236534119,0.520395040512085,0.02218792587518692,0.6696018576622009,0.4243285059928894,-0.001588206272572279,0.6664906740188599,0.4446249008178711,-0.025388816371560097,0.667450487613678,0.47674161195755005,-0.03866841644048691,0.7114719152450562,0.4945266842842102,0.01667075604200363,0.698528528213501,0.37533390522003174,0.008344341069459915,0.689532458782196,0.30606722831726074,-0.003352711210027337,0.6802033185958862,0.2416013479232788,-0.012928150594234467,0.7430664896965027,0.4973953366279602,0.003130255499854684,0.7309733033180237,0.38479626178741455,-0.005789631977677345,0.7210490107536316,0.3139323592185974,-0.01422534603625536,0.7097657918930054,0.24846777319908142,-0.02098604291677475,0.7780646085739136,0.5192210078239441,-0.013914885930716991,0.7661041021347046,0.4264204502105713,-0.01888868398964405,0.7576479911804199,0.367730975151062,-0.020252877846360207,0.7485468983650208,0.30799365043640137,-0.022455433383584023,F
0.7684945464134216,0.8016884326934814,3.320421058106149e-07,0.7061458230018616,0.7304370999336243,-0.020042046904563904,0.6790111660957336,0.5977103114128113,-0.022981373593211174,0.6782600283622742,0.47983840107917786,-0.026634017005562782,0.6989763379096985,0.3951103091239929,-0.028611967340111732,0.7180365324020386,0.48694437742233276,0.02189670130610466,0.7247170209884644,0.38553348183631897,0.013172540813684464,0.7301942110061646,0.3243960440158844,-0.0008006307762116194,0.737273097038269,0.26632869243621826,-0.012970967218279839,0.7510327696800232,0.47653716802597046,0.01985492743551731,0.7519765496253967,0.3586028814315796,0.012696169316768646,0.7525852918624878,0.2796856760978699,-0.0017910657916218042,0.7522245049476624,0.20509538054466248,-0.013451959937810898,0.7810483574867249,0.49159255623817444,0.011473816819489002,0.7820209264755249,0.3750181794166565,0.000272984616458416,0.7797597646713257,0.30003899335861206,-0.01130079198628664,0.775220513343811,0.23088350892066956,-0.02005390264093876,0.8119955658912659,0.5220229029655457,-4.111678936169483e-05,0.811310887336731,0.4272705316543579,-0.01096777431666851,0.8092422485351562,0.3637910783290863,-0.01726689375936985,0.8063721656799316,0.3004685044288635,-0.0223817378282547,F
0.8220816850662231,0.7800477147102356,2.023505771830969e-07,0.7527925372123718,0.760489821434021,-0.01841612346470356,0.6887614727020264,0.6673919558525085,-0.019183939322829247,0.6520154476165771,0.571858823299408,-0.02152932435274124,0.6561986207962036,0.4860396981239319,-0.020815294235944748,0.6926570534706116,0.5445530414581299,0.033813320100307465,0.6685587167739868,0.4675324857234955,0.025022052228450775,0.6652486324310303,0.44008415937423706,0.009504180401563644,0.6632899045944214,0.4121460020542145,-0.0023308268282562494,0.7153254151344299,0.5052525401115417,0.0319175198674202,0.6816577911376953,0.40704309940338135,0.02930559404194355,0.659400224685669,0.3435570001602173,0.017274802550673485,0.6366020441055298,0.2827995717525482,0.007300274912267923,0.7443627119064331,0.4920482635498047,0.02231202833354473,0.7121105194091797,0.39312928915023804,0.01540481299161911,0.6896772384643555,0.3360639810562134,0.006734005641192198,0.666547417640686,0.28620368242263794,0.00017936798394657671,0.7804021835327148,0.4921190142631531,0.009103388525545597,0.7505037784576416,0.413694828748703,0.004133667331188917,0.7296134829521179,0.36596599221229553,0.0021939969155937433,0.7084406018257141,0.3180885314941406,-4.773306136485189e-05,F
0.8168442845344543,0.7807366847991943,6.156142973168244e-08,0.751243531703949,0.7805849313735962,-0.013375031761825085,0.6782191395759583,0.7011407017707825,-0.012970631942152977,0.6380752325057983,0.6111279726028442,-0.015488054603338242,0.6458612680435181,0.5313090682029724,-0.015338500030338764,0.6794102191925049,0.5705560445785522,0.030752435326576233,0.6477206349372864,0.49857431650161743,0.016102230176329613,0.6443963646888733,0.4879327416419983,-0.0023175987880676985,0.6453730463981628,0.48185670375823975,-0.01448659598827362,0.6985308527946472,0.5291216373443604,0.025801172479987144,0.6571815609931946,0.44034117460250854,0.019469400867819786,0.6284271478652954,0.3863980174064636,0.006588601507246494,0.6009408235549927,0.3369336724281311,-0.0034090294502675533,0.7264457941055298,0.5107150077819824,0.013591562397778034,0.6855087280273438,0.4207265079021454,0.004298108629882336,0.6581436395645142,0.37123727798461914,-0.004395721945911646,0.6312160491943359,0.32913491129875183,-0.01043824665248394,0.762627363204956,0.505364179611206,-0.0017700584139674902,0.7259476780891418,0.4325503706932068,-0.0077950782142579556,0.7001602649688721,0.3901267349720001,-0.009730859659612179,0.6742355823516846,0.34861284494400024,-0.011712787672877312,F
0.7974594235420227,0.7928692698478699,1.8420023195631074e-07,0.730971097946167,0.7513960003852844,-0.015911053866147995,0.6808282732963562,0.6351911425590515,-0.015511341392993927,0.6612501740455627,0.5219702124595642,-0.017146416008472443,0.6796057224273682,0.44646334648132324,-0.016418997198343277,0.7022159099578857,0.5164433121681213,0.03425558656454086,0.689642071723938,0.43601804971694946,0.02576424367725849,0.690540611743927,0.4124993085861206,0.010475873947143555,0.6922397017478943,0.38750624656677246,-0.0015824066940695047,0.732383668422699,0.48379820585250854,0.030176127329468727,0.7151164412498474,0.37234413623809814,0.02712784893810749,0.7046339511871338,0.3002300262451172,0.01453323569148779,0.6934823393821716,0.2294875681400299,0.0036989706568419933,0.7637213468551636,0.48215991258621216,0.018657006323337555,0.7489732503890991,0.3692604601383209,0.01023405883461237,0.7376096248626709,0.30009105801582336,-0.0004960775258950889,0.7247518301010132,0.23640328645706177,-0.008964193053543568,0.7996962070465088,0.49780696630477905,0.00398412486538291,0.7846121788024902,0.4063470959663391,-0.0029523600824177265,0.774015486240387,0.34762850403785706,-0.006406598724424839,0.7625330686569214,0.28785115480422974,-0.010265723802149296,F
0.7678288221359253,0.8042575120925903,1.5936272745875613e-07,0.7128451466560364,0.7357164621353149,-0.013486056588590145,0.6860690712928772,0.6158998608589172,-0.01728013902902603,0.6820977926254272,0.510090172290802,-0.02375500090420246,0.7023512721061707,0.4514783024787903,-0.02841407060623169,0.7265974879264832,0.489429771900177,0.024458272382616997,0.7285344004631042,0.39675819873809814,0.00781307928264141,0.7295510172843933,0.382362425327301,-0.012556418776512146,0.732021152973175,0.3732703626155853,-0.02643508091568947,0.7613862156867981,0.47496792674064636,0.017126642167568207,0.7662920355796814,0.3557348847389221,0.00916237011551857,0.7704489231109619,0.28003421425819397,-0.006338417064398527,0.7746066451072693,0.20523247122764587,-0.019400648772716522,0.7918464541435242,0.49101522564888,0.0030059872660785913,0.7988811731338501,0.3746508061885834,-0.007914774119853973,0.8013948202133179,0.3007863759994507,-0.020390816032886505,0.8019722104072571,0.22930949926376343,-0.03047102503478527,0.8217410445213318,0.5276622176170349,-0.013886922039091587,0.825441300868988,0.4321242570877075,-0.022472849115729332,0.8276842832565308,0.370208740234375,-0.02696933038532734,0.8290956020355225,0.3062642812728882,-0.031698260456323624,F
0.7730093598365784,0.7917007207870483,1.9228663461490214e-07,0.7253382802009583,0.7158891558647156,-0.017763152718544006,0.7081913352012634,0.587394118309021,-0.025085000321269035,0.7201187610626221,0.48240914940834045,-0.033701833337545395,0.7516596913337708,0.42369356751441956,-0.04012344405055046,0.7625077962875366,0.47561711072921753,0.010604243725538254,0.7774671316146851,0.37575578689575195,-0.012540599331259727,0.7766860723495483,0.37594470381736755,-0.03525370731949806,0.7751330137252808,0.3953595757484436,-0.0480472631752491,0.8002583980560303,0.4744131863117218,0.005584736354649067,0.8290991187095642,0.3497470021247864,-0.004253317601978779,0.8482277989387512,0.2750700116157532,-0.018938887864351273,0.8674142360687256,0.20923927426338196,-0.030955171212553978,0.8294427394866943,0.5021443367004395,-0.006312043406069279,0.8576564788818359,0.38596221804618835,-0.01835685968399048,0.8745540380477905,0.30971142649650574,-0.03138021379709244,0.8900424838066101,0.23897218704223633,-0.04159226268529892,0.8552988767623901,0.5494040846824646,-0.020945226773619652,0.8749532103538513,0.4573487341403961,-0.03021402470767498,0.8886248469352722,0.3964628577232361,-0.03458208963274956,0.901543140411377,0.33571499586105347,-0.03891396522521973,F
0.7765703797340393,0.7492812871932983,1.9865238698457688e-07,0.7158918976783752,0.7078501582145691,-0.01141398772597313,0.6737792491912842,0.5929728746414185,-0.007034722715616226,0.6648814678192139,0.4866844415664673,-0.004467072896659374,0.6875249147415161,0.42839011549949646,-8.081940904958174e-05,0.7020308375358582,0.5281950235366821,0.03349248692393303,0.6935274004936218,0.45599353313446045,0.026915354654192924,0.6922206282615662,0.43935513496398926,0.01425684429705143,0.6919652819633484,0.4274512827396393,0.005693873856216669,0.7285595536231995,0.5037670731544495,0.03193850442767143,0.7210320234298706,0.4043383002281189,0.03317065164446831,0.7154025435447693,0.3407120704650879,0.0245310440659523,0.7104937434196472,0.2819381058216095,0.01721426099538803,0.7562522888183594,0.5015900135040283,0.02397223748266697,0.7472751140594482,0.40829217433929443,0.0205700621008873,0.7394702434539795,0.34662866592407227,0.011844750493764877,0.7321118712425232,0.29374298453330994,0.005307223182171583,0.7876373529434204,0.5113493800163269,0.01345286425203085,0.7768588066101074,0.4369659125804901,0.012228288687765598,0.7693629860877991,0.39060574769973755,0.011345362290740013,0.7618953585624695,0.34683001041412354,0.009401753544807434,F
0.7784072756767273,0.7856160402297974,3.193405859747145e-07,0.7164636254310608,0.7167941331863403,-0.017152544111013412,0.6846619844436646,0.5937344431877136,-0.016555538401007652,0.6751791834831238,0.483504056930542,-0.017531123012304306,0.6917538642883301,0.4061330556869507,-0.01631060801446438,0.7164286375045776,0.4901232123374939,0.03445364907383919,0.7155560851097107,0.3938485383987427,0.029008997604250908,0.7170057892799377,0.33685311675071716,0.015593061223626137,0.7205929160118103,0.28173357248306274,0.0037212385796010494,0.7445797324180603,0.47340601682662964,0.03252827376127243,0.7381342053413391,0.35959380865097046,0.029474757611751556,0.7337464690208435,0.2846464514732361,0.016061658039689064,0.7277923822402954,0.2143096923828125,0.0049366154707968235,0.7711760997772217,0.4810970723628998,0.023723803460597992,0.7642678618431091,0.36888161301612854,0.016543298959732056,0.7567400336265564,0.2972963750362396,0.0064334748312830925,0.7479844689369202,0.23384416103363037,-0.001578652416355908,0.8011837601661682,0.5035051107406616,0.011550622060894966,0.7931244969367981,0.41342708468437195,0.005141361616551876,0.7868494391441345,0.3547047972679138,0.0010370983509346843,0.7806529402732849,0.29661107063293457,-0.002974404953420162,F
0.7796791195869446,0.7879244685173035,3.0297198350126564e-07,0.7230991125106812,0.7136681079864502,-0.016314459964632988,0.6944172978401184,0.5844748020172119,-0.015050926245748997,0.6875641345977783,0.4747035503387451,-0.014898283407092094,0.6957535743713379,0.3913409113883972,-0.01255009975284338,0.7144801020622253,0.48370033502578735,0.0274799931794405,0.7120606303215027,0.37576961517333984,0.02264726720750332,0.7114976644515991,0.31070083379745483,0.01175026223063469,0.7121472954750061,0.25159674882888794,0.0017346421955153346,0.7427217364311218,0.4709005057811737,0.025665415450930595,0.7349444627761841,0.3559318482875824,0.02179619111120701,0.730587363243103,0.2826421856880188,0.00865045003592968,0.7251067161560059,0.21506160497665405,-0.002119853161275387,0.7704880237579346,0.47964441776275635,0.01807384192943573,0.7626485824584961,0.3680172264575958,0.010550548322498798,0.7557742595672607,0.299160897731781,0.000645324878860265,0.7474109530448914,0.23966678977012634,-0.007200480438768864,0.8011541366577148,0.5013841986656189,0.007504248525947332,0.7925883531570435,0.41163939237594604,0.00011872796312673017,0.7854493856430054,0.35208970308303833,-0.004365559201687574,0.7783896923065186,0.29543790221214294,-0.008222064934670925,F
0.7845140695571899,0.792324423789978,3.0914972626305826e-07,0.7222709655761719,0.7277995944023132,-0.017892425879836082,0.6853151917457581,0.6072134375572205,-0.017534887418150902,0.6703161001205444,0.4967228174209595,-0.018486885353922844,0.6824325323104858,0.4124754071235657,-0.01704218238592148,0.7092770338058472,0.4988451600074768,0.03371446579694748,0.7041392922401428,0.3999532461166382,0.028309201821684837,0.7036382555961609,0.3394860625267029,0.015335309319198132,0.7052100896835327,0.28188785910606384,0.0037067478988319635,0.7375745177268982,0.4785088002681732,0.03237607330083847,0.7260429859161377,0.366726815700531,0.029267899692058563,0.7193079590797424,0.2943788170814514,0.016026800498366356,0.7109217643737793,0.22613775730133057,0.005066419020295143,0.7654891014099121,0.4824069142341614,0.02421632409095764,0.7542468309402466,0.3715217113494873,0.016755711287260056,0.7443569898605347,0.3031245470046997,0.007184561807662249,0.7329782247543335,0.24232524633407593,-0.0002921048435382545,0.7974556684494019,0.5010039210319519,0.012683170847594738,0.7851276397705078,0.41213828325271606,0.005708060227334499,0.7764336466789246,0.354594886302948,0.0017247864743694663,0.7676790952682495,0.29762208461761475,-0.0018810871988534927,F
0.8279819488525391,0.854950487613678,-4.857006388192531e-07,0.76701819896698,0.7922033667564392,-0.0011537395184859633,0.71616530418396,0.6963518261909485,-0.006119285710155964,0.6781244874000549,0.6246744394302368,-0.018641183152794838,0.6461973786354065,0.5588558912277222,-0.03001292422413826,0.7694866061210632,0.5513818264007568,0.022727403789758682,0.7362002730369568,0.46327441930770874,0.003188866190612316,0.7010607719421387,0.4169020652770996,-0.010281720198690891,0.6716408133506775,0.3808146119117737,-0.019822509959340096,0.7930432558059692,0.5444017648696899,0.007572738919407129,0.7218364477157593,0.5219387412071228,-0.02509476989507675,0.6999659538269043,0.6093145608901978,-0.03429245948791504,0.7064352035522461,0.6598531007766724,-0.03274695202708244,0.810258686542511,0.5547879338264465,-0.012110831215977669,0.7373770475387573,0.540873646736145,-0.04580996185541153,0.718007504940033,0.6255682110786438,-0.04097544401884079,0.7269055843353271,0.6753613948822021,-0.02857791632413864,0.8219172954559326,0.579266369342804,-0.03300676867365837,0.7545103430747986,0.5601710677146912,-0.055033765733242035,0.7355301976203918,0.6190178990364075,-0.05032246559858322,0.7449157238006592,0.6648010015487671,-0.04057120159268379,G
0.8189107775688171,0.8593381643295288,-4.7251873525056e-07,0.7592275738716125,0.7984100580215454,-0.005108286626636982,0.711219310760498,0.7024824023246765,-0.013309444300830364,0.6756318807601929,0.63117915391922,-0.028256231918931007,0.6454347372055054,0.5595759153366089,-0.04159063100814819,0.7618057727813721,0.5565740466117859,0.017493488267064095,0.7284011840820312,0.4678025245666504,-0.006597741041332483,0.6927068829536438,0.42465338110923767,-0.01952601782977581,0.6630522608757019,0.39197635650634766,-0.027602551504969597,0.7853490710258484,0.5486542582511902,0.003367343917489052,0.7171885967254639,0.520785391330719,-0.03056560643017292,0.7074763178825378,0.6289668083190918,-0.032732296735048294,0.7269633412361145,0.6621176600456238,-0.025257185101509094,0.8040628433227539,0.5592973232269287,-0.016272809356451035,0.7327592968940735,0.544926106929779,-0.0519866980612278,0.729492723941803,0.6480666399002075,-0.0363558754324913,0.753279983997345,0.6732995510101318,-0.01645573414862156,0.8181950449943542,0.588047206401825,-0.037610579282045364,0.7539997100830078,0.5678106546401978,-0.05825122818350792,0.7472268342971802,0.6384414434432983,-0.045035164803266525,0.7691460251808167,0.6646807193756104,-0.029695289209485054,G
0.8280655145645142,0.8481910228729248,-4.3651658643284463e-07,0.7712253928184509,0.78719562292099,-0.007098966743797064,0.7204499244689941,0.6916494369506836,-0.019487114623188972,0.677111029624939,0.6303840279579163,-0.03766385093331337,0.6386168599128723,0.5762835144996643,-0.053426045924425125,0.7718819379806519,0.5469672679901123,0.008638130500912666,0.7335895895957947,0.4724069833755493,-0.019466202706098557,0.698093831539154,0.43742430210113525,-0.03350067138671875,0.6660457849502563,0.4114525318145752,-0.04171030968427658,0.7999036312103271,0.5402078628540039,-0.004674605559557676,0.7312027215957642,0.5274038314819336,-0.03693273663520813,0.7344534397125244,0.6357117295265198,-0.03464023768901825,0.7592504620552063,0.645572304725647,-0.025710567831993103,0.8243347406387329,0.5528643727302551,-0.023793339729309082,0.7536488771438599,0.5579898357391357,-0.05616229400038719,0.7586109638214111,0.6548445820808411,-0.03647169843316078,0.7849016189575195,0.6570239067077637,-0.016346894204616547,0.8426425457000732,0.5810688138008118,-0.044997889548540115,0.7794196009635925,0.5766385197639465,-0.06145425885915756,0.7773944735527039,0.6417598724365234,-0.04599132761359215,0.800609827041626,0.651608943939209,-0.031005069613456726,G
0.8233139514923096,0.8679125308990479,-5.115474550621002e-07,0.7584865093231201,0.7701405882835388,0.005275798495858908,0.7181859016418457,0.6660173535346985,-0.0049322922714054585,0.6810073256492615,0.5988011956214905,-0.022664029151201248,0.6419109106063843,0.538407564163208,-0.03927372768521309,0.8024538159370422,0.5347658395767212,0.014547602273523808,0.7487658858299255,0.45800483226776123,-0.007906444370746613,0.7102007269859314,0.4131244421005249,-0.02394239977002144,0.6761686205863953,0.37767288088798523,-0.03614075854420662,0.8239190578460693,0.5360684990882874,-0.0054799639619886875,0.7301716804504395,0.5113232135772705,-0.031072085723280907,0.7267475724220276,0.6090937256813049,-0.03094370849430561,0.7503875494003296,0.6385602951049805,-0.0273965522646904,0.8335416316986084,0.5569897294044495,-0.029174216091632843,0.7372899651527405,0.5448923707008362,-0.05110853165388107,0.7392135262489319,0.6340218782424927,-0.031487397849559784,0.766054093837738,0.6547549962997437,-0.01635715737938881,0.8311458826065063,0.5949855446815491,-0.054617054760456085,0.754374086856842,0.5784727334976196,-0.0682421401143074,0.7521492838859558,0.639668345451355,-0.054049957543611526,0.7746829986572266,0.6641052961349487,-0.04177921265363693,G
0.8233056664466858,0.8554784655570984,-4.0881488416744105e-07,0.7663297653198242,0.7896749973297119,-0.003198670456185937,0.7165906429290771,0.6927463412284851,-0.013223621062934399,0.6740636825561523,0.6285502314567566,-0.031033607199788094,0.6345609426498413,0.5741665959358215,-0.04718023166060448,0.7590922713279724,0.5573006868362427,0.01695382222533226,0.7233796715736389,0.47857415676116943,-0.007978321984410286,0.6897276639938354,0.43770474195480347,-0.01770292967557907,0.6618738174438477,0.4015352725982666,-0.023202069103717804,0.7860221862792969,0.5490152835845947,0.0013183474075049162,0.7257510423660278,0.5303357839584351,-0.02955901436507702,0.7298866510391235,0.6415106654167175,-0.024733640253543854,0.7551181316375732,0.6454620361328125,-0.013356754556298256,0.8121078014373779,0.5571395754814148,-0.020309561863541603,0.7487397789955139,0.5545265078544617,-0.053446680307388306,0.7539747357368469,0.6535687446594238,-0.03301737457513809,0.7810454368591309,0.6523224115371704,-0.011565233580768108,0.8342108130455017,0.5815932154655457,-0.043655529618263245,0.7751591801643372,0.5655936598777771,-0.06009098142385483,0.7720882296562195,0.6341540217399597,-0.04373479261994362,0.7963590025901794,0.6470791697502136,-0.02789725363254547,G
0.8435975909233093,0.8574382066726685,-5.070143060947885e-07,0.7679574489593506,0.7558701634407043,0.010226965881884098,0.727047860622406,0.6575915217399597,0.0017466049175709486,0.6887893676757812,0.594632089138031,-0.013462956994771957,0.6451339721679688,0.5439239740371704,-0.028389496728777885,0.8153305053710938,0.5261440873146057,0.009913467802107334,0.7496334910392761,0.4595373272895813,-0.009711099788546562,0.7066816687583923,0.42699897289276123,-0.026744695380330086,0.671028733253479,0.3964265286922455,-0.04072576388716698,0.8318537473678589,0.5358737707138062,-0.01004323922097683,0.7291292548179626,0.5131936073303223,-0.03074605204164982,0.7272798418998718,0.5962222218513489,-0.0322323814034462,0.7502455115318298,0.6273278594017029,-0.0331445038318634,0.8326659202575684,0.5680755972862244,-0.03194184601306915,0.7307450771331787,0.5512276887893677,-0.04732813686132431,0.7340818643569946,0.6282175779342651,-0.03086683340370655,0.7609245777130127,0.6519808769226074,-0.020901497453451157,0.8215975165367126,0.6170408725738525,-0.054950982332229614,0.7454873323440552,0.5965413451194763,-0.06597182154655457,0.7432969212532043,0.6476165056228638,-0.05499925836920738,0.7640892863273621,0.6743206977844238,-0.046660613268613815,G
0.8172382712364197,0.8519766926765442,-5.023782705393387e-07,0.7560839056968689,0.7784640192985535,0.004123765509575605,0.7115941643714905,0.6746862530708313,-0.0006619062623940408,0.6750501990318298,0.6004061698913574,-0.013783272355794907,0.6367499828338623,0.5442387461662292,-0.026281647384166718,0.780368447303772,0.5479909777641296,0.026678990572690964,0.7400997877120972,0.4692138433456421,0.00937854964286089,0.7042003273963928,0.4248429238796234,-0.004130723886191845,0.6728658676147461,0.3922784924507141,-0.013708440586924553,0.8020139932632446,0.5438677668571472,0.009479396045207977,0.7268030643463135,0.508647620677948,-0.01799583248794079,0.6962279677391052,0.5839919447898865,-0.02676342986524105,0.6907393932342529,0.6372937560081482,-0.02653958462178707,0.8145613670349121,0.5541987419128418,-0.01159351971000433,0.7345861792564392,0.5309765934944153,-0.03906099498271942,0.7083127498626709,0.6057124733924866,-0.03494291380047798,0.707628607749939,0.6594827771186829,-0.02536465786397457,0.8176775574684143,0.576200544834137,-0.03365226835012436,0.748360276222229,0.5522406697273254,-0.0515335388481617,0.7237430214881897,0.6012409925460815,-0.04753025248646736,0.7226705551147461,0.6468166708946228,-0.03987265005707741,G
0.8108205795288086,0.8517209887504578,-3.8349634223777684e-07,0.7461221814155579,0.791060745716095,0.0039064642041921616,0.697586178779602,0.6926841139793396,0.0028785173781216145,0.6613477468490601,0.6248928904533386,-0.007043236866593361,0.6276398301124573,0.5666049718856812,-0.015914566814899445,0.7488304376602173,0.5653510093688965,0.032260335981845856,0.7183807492256165,0.4724215269088745,0.018872560933232307,0.6849586963653564,0.42722249031066895,0.007858101278543472,0.6549991369247437,0.392789363861084,-0.0006181569187901914,0.7713931202888489,0.5581706762313843,0.01589568890631199,0.7124837636947632,0.5102448463439941,-0.011633213609457016,0.6814836263656616,0.5770508050918579,-0.023733465000987053,0.6748120188713074,0.633643627166748,-0.025210797786712646,0.7882009148597717,0.564663290977478,-0.0043326690793037415,0.7237597703933716,0.5246071219444275,-0.03237580507993698,0.6923280954360962,0.5951253175735474,-0.03369173780083656,0.6882495880126953,0.6546913981437683,-0.026749510318040848,0.7993283271789551,0.5817624926567078,-0.02527834288775921,0.7416368126869202,0.5465517044067383,-0.04316200315952301,0.7105874419212341,0.5900265574455261,-0.04231925681233406,0.7041718363761902,0.6391939520835876,-0.03671736270189285,G
0.845943033695221,0.8462077379226685,-4.5969630946274265e-07,0.7786979675292969,0.7795650362968445,0.0058623068034648895,0.7287874817848206,0.6834891438484192,0.0023377486504614353,0.6899601221084595,0.6198694705963135,-0.010178142227232456,0.6504172086715698,0.5700769424438477,-0.02189132757484913,0.7879711985588074,0.5417171120643616,0.028035061433911324,0.7444987893104553,0.46614426374435425,0.012261869385838509,0.7060762047767639,0.42529213428497314,-0.0006608997355215251,0.6732077598571777,0.3941969871520996,-0.0106074009090662,0.8102292418479919,0.5346407294273376,0.009127345867455006,0.7348343133926392,0.5077188014984131,-0.016930490732192993,0.7066861391067505,0.5804896354675293,-0.02636100724339485,0.7052265405654907,0.6314172148704529,-0.027531594038009644,0.8245831727981567,0.5456544756889343,-0.013449041172862053,0.7473583221435547,0.5260540246963501,-0.039951391518116,0.718982458114624,0.5990340113639832,-0.03703166916966438,0.7190993428230286,0.6521133780479431,-0.02886260859668255,0.8304259181022644,0.572044849395752,-0.036949627101421356,0.763977587223053,0.5478758811950684,-0.05481672286987305,0.7348608374595642,0.5959898829460144,-0.051680032163858414,0.7315363883972168,0.6446000337600708,-0.0449550524353981,G
0.8613313436508179,0.8456383347511292,-4.979945060767932e-07,0.784048318862915,0.7749398946762085,0.015518958680331707,0.7323923110961914,0.6861200332641602,0.013138653710484505,0.6867901086807251,0.6347859501838684,0.00035335827851668,0.6402759552001953,0.6020352244377136,-0.012419321574270725,0.7970231771469116,0.5411810278892517,0.03351368010044098,0.7400913238525391,0.4741230607032776,0.020309364423155785,0.6980270147323608,0.4428820312023163,0.008533046580851078,0.6635065078735352,0.4208259582519531,-0.0005322002107277513,0.8134740591049194,0.5369963645935059,0.01067532692104578,0.7247523069381714,0.5197128057479858,-0.011255312711000443,0.6963579654693604,0.5977054238319397,-0.019336292520165443,0.6950246691703796,0.6505751609802246,-0.02088742144405842,0.8200483322143555,0.5520065426826477,-0.014650775119662285,0.7313851118087769,0.5395193099975586,-0.03632069751620293,0.7085962891578674,0.6159813404083252,-0.032051220536231995,0.7128216624259949,0.6678748726844788,-0.02466982789337635,0.817661702632904,0.5813992023468018,-0.03997596725821495,0.7459003925323486,0.560789167881012,-0.053346969187259674,0.7222405076026917,0.6098155379295349,-0.04790865257382393,0.7226859927177429,0.6565110087394714,-0.04066426306962967,G
0.8453049659729004,0.841752290725708,-4.859862769990286e-07,0.7800129652023315,0.772256076335907,0.005381147377192974,0.7319555878639221,0.6786897778511047,0.0004438917967490852,0.6928526163101196,0.6130244731903076,-0.013214572332799435,0.6526347994804382,0.5632413625717163,-0.026334917172789574,0.792109489440918,0.5396079421043396,0.02567743882536888,0.7491703629493713,0.46316853165626526,0.00888877920806408,0.710811197757721,0.421962708234787,-0.004050643648952246,0.6790673732757568,0.3906555771827698,-0.01351796742528677,0.8135953545570374,0.533482015132904,0.007156422361731529,0.7366116642951965,0.5047051310539246,-0.019170809537172318,0.710142195224762,0.5838946104049683,-0.02667374163866043,0.7120657563209534,0.6378387808799744,-0.026214372366666794,0.8270506262779236,0.5448472499847412,-0.015047973953187466,0.7502015829086304,0.5235745906829834,-0.04148651659488678,0.7264925837516785,0.5994813442230225,-0.03635723888874054,0.7313292622566223,0.6537764072418213,-0.026641348376870155,0.8323556780815125,0.5699613094329834,-0.03817891702055931,0.7665826678276062,0.5430021286010742,-0.05544928088784218,0.7416912913322449,0.5907708406448364,-0.05076947063207626,0.7432281970977783,0.6378125548362732,-0.042977962642908096,G
0.8140100240707397,0.8457743525505066,-3.4862162578974676e-07,0.7594714760780334,0.7665481567382812,0.0013959986390545964,0.7239086031913757,0.6488898992538452,0.0006512397085316479,0.6980550289154053,0.56174236536026,-0.008956735953688622,0.6728271245956421,0.48905444145202637,-0.01728888414800167,0.7844012379646301,0.5582671165466309,0.03592922165989876,0.7757603526115417,0.44855624437332153,0.023959143087267876,0.7508881688117981,0.39090657234191895,0.015052825212478638,0.7295980453491211,0.3434857130050659,0.007874720729887486,0.8089168071746826,0.5566354990005493,0.02062995173037052,0.76143878698349,0.47070151567459106,-0.008386596105992794,0.7262973785400391,0.5309104919433594,-0.01922641322016716,0.7202085852622986,0.5895670056343079,-0.01819276250898838,0.8273935914039612,0.5660994648933411,0.0006685563712380826,0.7781680226325989,0.48010849952697754,-0.02939070761203766,0.7402058243751526,0.538611114025116,-0.030715860426425934,0.7330606579780579,0.5992441773414612,-0.02222621999680996,0.8422252535820007,0.5815895199775696,-0.0201916191726923,0.7957934141159058,0.5090736150741577,-0.03993915766477585,0.7595542073249817,0.5375409126281738,-0.040807660669088364,0.7483447194099426,0.5863380432128906,-0.035884611308574677,G
0.8230230808258057,0.8285712003707886,-2.1275141648402496e-07,0.7727978825569153,0.7637531757354736,-0.006232229061424732,0.7365586161613464,0.6413010954856873,-0.004588117823004723,0.7150034308433533,0.5421238541603088,-0.010188399814069271,0.7015471458435059,0.4583438038825989,-0.014896226115524769,0.7809351086616516,0.5657281875610352,0.03615788370370865,0.7762842178344727,0.4525860846042633,0.028239356353878975,0.760177731513977,0.38889557123184204,0.021869393065571785,0.7486745715141296,0.33355212211608887,0.01586870849132538,0.805922269821167,0.5611775517463684,0.02706569992005825,0.7766188383102417,0.4655493497848511,-0.004686929751187563,0.748028039932251,0.5216454267501831,-0.020026322454214096,0.7423641085624695,0.5899842977523804,-0.019406326115131378,0.8289666175842285,0.5649386048316956,0.01333723682910204,0.8019828200340271,0.46396470069885254,-0.01728382520377636,0.7696214914321899,0.5184802412986755,-0.024932675063610077,0.7623981237411499,0.5843579173088074,-0.018698688596487045,0.8556310534477234,0.573042094707489,-0.001500486396253109,0.8288677334785461,0.4888719618320465,-0.020273784175515175,0.7998374104499817,0.5127332210540771,-0.02469060942530632,0.7906352877616882,0.5647655725479126,-0.021695081144571304,G
0.8675076365470886,0.8462203741073608,-5.158957492312766e-07,0.7913826107978821,0.7730165719985962,0.016544489189982414,0.739488422870636,0.6827898621559143,0.012055604718625546,0.6948556303977966,0.6273106932640076,-0.003134278580546379,0.6488938331604004,0.5859616994857788,-0.018419558182358742,0.8039177656173706,0.5343908071517944,0.031040456146001816,0.7474256753921509,0.4670003056526184,0.015851056203246117,0.7054378986358643,0.43479499220848083,0.002693390240892768,0.670900285243988,0.41371244192123413,-0.0071964566595852375,0.8222029209136963,0.5324945449829102,0.006155005656182766,0.7336849570274353,0.5165903568267822,-0.015981022268533707,0.7047233581542969,0.5914356112480164,-0.023000793531537056,0.7024326324462891,0.6412976980209351,-0.024425838142633438,0.8301005959510803,0.5500009655952454,-0.02127876505255699,0.7407444715499878,0.5384595394134521,-0.04168274253606796,0.7170732617378235,0.6099758744239807,-0.03483792766928673,0.7198693156242371,0.6564733386039734,-0.026932518929243088,0.8285728096961975,0.5816505551338196,-0.048967570066452026,0.7543671131134033,0.5618269443511963,-0.061930760741233826,0.7325172424316406,0.6085622310638428,-0.05519618093967438,0.734527051448822,0.6513720154762268,-0.0475081242620945,G
0.8845844268798828,0.8396146297454834,-5.636546234200068e-07,0.8061524629592896,0.7690870761871338,0.019092781469225883,0.7513273358345032,0.6854812502861023,0.01611234061419964,0.7037219405174255,0.6457913517951965,0.004969125613570213,0.6547514796257019,0.6256055235862732,-0.00742840813472867,0.8131009340286255,0.5292900800704956,0.012550955638289452,0.7344613075256348,0.4850916862487793,-0.0039152661338448524,0.6880149245262146,0.47057631611824036,-0.017450619488954544,0.6504701375961304,0.4621947407722473,-0.027222709730267525,0.817803144454956,0.5469881892204285,-0.009045750834047794,0.7141826152801514,0.5531420111656189,-0.030219687148928642,0.6997859477996826,0.6277504563331604,-0.03717440739274025,0.708328366279602,0.6802038550376892,-0.04054022580385208,0.8118414878845215,0.5885100960731506,-0.030523259192705154,0.7144035696983337,0.5871598720550537,-0.049885209649801254,0.7068440914154053,0.659653902053833,-0.045207250863313675,0.7202128767967224,0.7080860733985901,-0.039703115820884705,0.799095869064331,0.6452571153640747,-0.05093195289373398,0.7235587239265442,0.6259851455688477,-0.0653349757194519,0.709835410118103,0.670200526714325,-0.06148195639252663,0.7168893814086914,0.7137088179588318,-0.0563218854367733,G
0.8550567626953125,0.8448729515075684,-5.056069767306326e-07,0.7832967042922974,0.7754487991333008,0.011127406731247902,0.7333665490150452,0.6890432238578796,0.005173583049327135,0.6901644468307495,0.6303001642227173,-0.010447968728840351,0.6451194882392883,0.5839831829071045,-0.025531448423862457,0.7962399125099182,0.539068877696991,0.030543414875864983,0.7419959902763367,0.47308313846588135,0.013451339676976204,0.6984496116638184,0.44171619415283203,-0.0005353999440558255,0.6628656983375549,0.42003676295280457,-0.010611162520945072,0.8145259022712708,0.5344308614730835,0.008260064758360386,0.7284731268882751,0.5155622959136963,-0.015777694061398506,0.7086915373802185,0.5999406576156616,-0.021386461332440376,0.7163652181625366,0.6494669914245605,-0.020464155822992325,0.82245934009552,0.5481216907501221,-0.017503084614872932,0.736515462398529,0.5355428457260132,-0.04036740958690643,0.7219107747077942,0.6157417893409729,-0.030763184651732445,0.7341063022613525,0.6626591682434082,-0.01952614076435566,0.8215252161026001,0.5764511823654175,-0.04410513490438461,0.7505505084991455,0.5567754507064819,-0.0584634467959404,0.7344755530357361,0.6117231249809265,-0.04984648525714874,0.7438726425170898,0.6572081446647644,-0.03993409872055054,G
0.8399449586868286,0.8490890860557556,-4.699533633356623e-07,0.7735150456428528,0.780100405216217,-0.0012711193412542343,0.7233422994613647,0.6919775605201721,-0.011625764891505241,0.6826714277267456,0.6327796578407288,-0.028778644278645515,0.642701268196106,0.5786347985267639,-0.04448952153325081,0.7818235754966736,0.54208904504776,0.01624097116291523,0.7339441776275635,0.47628650069236755,-0.008575500920414925,0.6937547326087952,0.44278979301452637,-0.02412821725010872,0.6597692966461182,0.4193840026855469,-0.034362442791461945,0.8039070963859558,0.5360639691352844,-0.00011310860281810164,0.7240290641784668,0.5278393030166626,-0.03063182160258293,0.7210353016853333,0.6314411759376526,-0.0322788767516613,0.7436307072639465,0.6568793058395386,-0.02683226950466633,0.8187057971954346,0.5504423975944519,-0.021384937688708305,0.7356258034706116,0.5554197430610657,-0.05192166566848755,0.737362802028656,0.6508792638778687,-0.03526931628584862,0.763056755065918,0.6667878031730652,-0.017573190852999687,0.8258310556411743,0.5846219062805176,-0.04421936348080635,0.7542994618415833,0.5767961144447327,-0.06140570715069771,0.7526772618293762,0.6428290605545044,-0.046903032809495926,0.7765897512435913,0.6627997756004333,-0.0322105772793293,G
0.8386525511741638,0.8325496912002563,-3.8456352058346965e-07,0.7786428928375244,0.7772369980812073,0.002365659223869443,0.7296580672264099,0.6855656504631042,0.00033751362934708595,0.6917102336883545,0.617362916469574,-0.010709495283663273,0.658615231513977,0.5552840828895569,-0.020624855533242226,0.7753428220748901,0.5641143918037415,0.03481205925345421,0.7497758269309998,0.4654863476753235,0.01874680072069168,0.7136715054512024,0.4253019094467163,0.007532132789492607,0.683205783367157,0.39639192819595337,6.554630090249702e-05,0.7950571179389954,0.5550251007080078,0.018679728731513023,0.7370262742042542,0.49519211053848267,-0.012094946578145027,0.7140172123908997,0.5789435505867004,-0.021390415728092194,0.7220646739006042,0.6372236013412476,-0.0181407667696476,0.8127719759941101,0.5604817867279053,-0.0021775506902486086,0.754150927066803,0.5062222480773926,-0.03308168053627014,0.7354748845100403,0.5880623459815979,-0.029470451176166534,0.7487034201622009,0.6433040499687195,-0.016525113955140114,0.830497145652771,0.5741795301437378,-0.023929862305521965,0.7774240970611572,0.5235306620597839,-0.04231506586074829,0.7561341524124146,0.5744727849960327,-0.037621285766363144,0.7659528851509094,0.6236377954483032,-0.02783104218542576,G
0.8609256744384766,0.84112149477005,-4.487752676141099e-07,0.7990532517433167,0.7564432621002197,0.003324138931930065,0.7575713396072388,0.6434032320976257,0.0010806054342538118,0.7237827777862549,0.5642107129096985,-0.009992157109081745,0.6898548603057861,0.5023369193077087,-0.02009042352437973,0.8231521844863892,0.5311745405197144,0.03058796189725399,0.799491286277771,0.4323470890522003,0.014351719990372658,0.7675307393074036,0.38185784220695496,0.0013660909608006477,0.7381280064582825,0.3439539968967438,-0.008033335208892822,0.8472254276275635,0.5292420387268066,0.013877615332603455,0.7857330441474915,0.46953871846199036,-0.01501514296978712,0.7518652677536011,0.5357375144958496,-0.02666611038148403,0.745339572429657,0.5923153162002563,-0.028021439909934998,0.8644345998764038,0.5415465235710144,-0.007042321376502514,0.8003405332565308,0.48647043108940125,-0.03673906996846199,0.764484167098999,0.5517259240150452,-0.037179019302129745,0.7577466368675232,0.6102510094642639,-0.029661890119314194,0.8747483491897583,0.5638467073440552,-0.028714453801512718,0.8187628388404846,0.5110886096954346,-0.04783790931105614,0.783329963684082,0.5472444891929626,-0.046680793166160583,0.7729478478431702,0.5954198241233826,-0.04091943800449371,G
0.8524088859558105,0.8525346517562866,-5.087962335892371e-07,0.7884983420372009,0.7675877809524536,0.005479222163558006,0.7443475723266602,0.6539134979248047,0.001002768985927105,0.7088700532913208,0.5763066411018372,-0.012363956309854984,0.6699519157409668,0.5198217630386353,-0.025073252618312836,0.8188362121582031,0.5295380353927612,0.025392983108758926,0.7843797206878662,0.43800467252731323,0.007842293940484524,0.7487319707870483,0.38970404863357544,-0.0057313283905386925,0.71665358543396,0.35690000653266907,-0.015323543921113014,0.8426782488822937,0.5295358300209045,0.0071351975202560425,0.7681595087051392,0.48471957445144653,-0.01909663714468479,0.7333912253379822,0.5519829988479614,-0.027675244957208633,0.7264498472213745,0.6037519574165344,-0.028506649658083916,0.8570495843887329,0.5444472432136536,-0.014900226145982742,0.7802015542984009,0.5049064755439758,-0.041958194226026535,0.7464553713798523,0.5707446336746216,-0.03874768316745758,0.7407575249671936,0.6262347102165222,-0.030557027086615562,0.8617904186248779,0.5706033706665039,-0.03776181861758232,0.7973721027374268,0.5282950401306152,-0.056029677391052246,0.7626243829727173,0.5649448037147522,-0.0530589334666729,0.7512931823730469,0.6101345419883728,-0.04657185450196266,G
0.8625808358192444,0.8515338897705078,-5.468352810567012e-07,0.7934942841529846,0.7716508507728577,0.013330287300050259,0.7453525066375732,0.6719478368759155,0.0092269042506814,0.7043992280960083,0.6061073541641235,-0.005617816466838121,0.6610152721405029,0.5559158325195312,-0.020587578415870667,0.8135048151016235,0.5317990779876709,0.032449472695589066,0.7669193744659424,0.45423293113708496,0.014982348307967186,0.727508544921875,0.41574156284332275,0.0007139640511013567,0.6931196451187134,0.39083153009414673,-0.009478725492954254,0.8353973031044006,0.5286514759063721,0.008742577396333218,0.7518972158432007,0.49982190132141113,-0.01733613945543766,0.7212820053100586,0.5776633620262146,-0.025765078142285347,0.7190558314323425,0.6332545280456543,-0.026466233655810356,0.847628653049469,0.5425587296485901,-0.01838599145412445,0.7625857591629028,0.5206453800201416,-0.044063862413167953,0.7343573570251465,0.5952847003936768,-0.03895605728030205,0.7345734238624573,0.6491844058036804,-0.030085308477282524,0.8504679799079895,0.5704456567764282,-0.04591036215424538,0.7778005599975586,0.5444252490997314,-0.06329404562711716,0.7504737377166748,0.5938271880149841,-0.0585763156414032,0.7487465143203735,0.6421877145767212,-0.05103662982583046,G
0.8592906594276428,0.8410588502883911,-5.359022452466888e-07,0.7912393808364868,0.7572431564331055,0.013178904540836811,0.7474796175956726,0.654987096786499,0.009351189248263836,0.7084885835647583,0.5869215130805969,-0.00462311552837491,0.66732257604599,0.5336735248565674,-0.017982495948672295,0.823889434337616,0.5256298780441284,0.03349035233259201,0.7747958302497864,0.44836941361427307,0.016746843233704567,0.7346468567848206,0.41132867336273193,0.002265287796035409,0.700223982334137,0.3872304856777191,-0.00788346491754055,0.8429304361343384,0.5247851610183716,0.010916863568127155,0.7595856189727783,0.4844098389148712,-0.01286506187170744,0.7283599376678467,0.5548456907272339,-0.021070823073387146,0.7247710824012756,0.6054980158805847,-0.022164231166243553,0.8503971099853516,0.5384547114372253,-0.01498026680201292,0.7645288109779358,0.5049567222595215,-0.03799465298652649,0.7375792860984802,0.5766201615333557,-0.03237088397145271,0.7387559413909912,0.6281797289848328,-0.02375432848930359,0.8470175266265869,0.5639520287513733,-0.04139680415391922,0.7749214172363281,0.5321672558784485,-0.05646558478474617,0.7486830949783325,0.5779889225959778,-0.05114481970667839,0.7465500235557556,0.6235940456390381,-0.04363764822483063,G
0.8777104616165161,0.8287811279296875,-5.574303827415861e-07,0.8061805963516235,0.7444055676460266,0.03611079603433609,0.7650719285011292,0.6500617265701294,0.0406256765127182,0.7273932695388794,0.5869331955909729,0.030765265226364136,0.6893396973609924,0.5309509038925171,0.019348982721567154,0.8560113906860352,0.521135687828064,0.054690539836883545,0.7954162359237671,0.4441744089126587,0.051110319793224335,0.7553806900978088,0.41042670607566833,0.04371468350291252,0.721403956413269,0.38810884952545166,0.03682206571102142,0.8682423233985901,0.5206732749938965,0.02307090535759926,0.777133584022522,0.4770739674568176,0.010912347584962845,0.7464343309402466,0.5403265953063965,0.003906161291524768,0.7408326864242554,0.5908969044685364,0.001179192797280848,0.8644567131996155,0.534321665763855,-0.009202343411743641,0.7678836584091187,0.49251261353492737,-0.023106427863240242,0.7410839200019836,0.5618265867233276,-0.019903521984815598,0.7387326955795288,0.6170289516448975,-0.015616893768310547,0.8477951884269714,0.555672287940979,-0.039641041308641434,0.7690226435661316,0.5198724865913391,-0.049534086138010025,0.748141348361969,0.5669787526130676,-0.044624969363212585,0.747626006603241,0.6171213388442993,-0.03918248787522316,G
0.861456573009491,0.8362853527069092,-4.0795475797494873e-07,0.7987390160560608,0.7713809609413147,-0.00020080170361325145,0.7494102120399475,0.668911874294281,-0.0015636994503438473,0.7122055888175964,0.597511887550354,-0.01098035927861929,0.6792783141136169,0.5382987260818481,-0.019348910078406334,0.7949129939079285,0.5528804063796997,0.029262710362672806,0.769956648349762,0.45161378383636475,0.012391527183353901,0.7369701266288757,0.4101075232028961,-0.000322136766044423,0.7073925733566284,0.3790550231933594,-0.009121845476329327,0.8179621696472168,0.5467349290847778,0.015212024562060833,0.7611671090126038,0.4921923875808716,-0.018063688650727272,0.7329469919204712,0.5677450299263,-0.03221524506807327,0.731101393699646,0.6286192536354065,-0.03321860358119011,0.8384533524513245,0.5547564625740051,-0.0032390221022069454,0.7801802158355713,0.5026254653930664,-0.03677795082330704,0.7505658268928528,0.5779461860656738,-0.039583344012498856,0.7494096755981445,0.6390891075134277,-0.03133666515350342,0.8583089113235474,0.5708929300308228,-0.022325867787003517,0.8061031103134155,0.5194393396377563,-0.04334358870983124,0.7760911583900452,0.5646243095397949,-0.043347179889678955,0.7723795175552368,0.6162822246551514,-0.0371968075633049,G
0.8436809778213501,0.8350434899330139,-3.4587816344355815e-07,0.7889044880867004,0.7828925848007202,0.0009522800683043897,0.7389119863510132,0.6901942491531372,-0.005952636245638132,0.7008414268493652,0.6192734837532043,-0.022463154047727585,0.6675360798835754,0.5535727143287659,-0.03809119015932083,0.7743868231773376,0.5640738606452942,0.029660994186997414,0.7497199773788452,0.46805262565612793,0.012052477337419987,0.7146915197372437,0.4271068572998047,0.005663033574819565,0.6887134909629822,0.3929668962955475,0.002196376444771886,0.798052966594696,0.5589940547943115,0.012960102409124374,0.7472373843193054,0.5027802586555481,-0.0148843415081501,0.7387924790382385,0.6054414510726929,-0.0121769355610013,0.7587482929229736,0.6312751173973083,-0.0005343504599295557,0.8209635019302368,0.565649688243866,-0.00937770027667284,0.7677890658378601,0.5105485916137695,-0.03921446576714516,0.7605476975440979,0.6088037490844727,-0.023465566337108612,0.7821884751319885,0.6374863982200623,-0.0033534595277160406,0.8448048830032349,0.5799657702445984,-0.03306493163108826,0.7941381931304932,0.525183916091919,-0.047899629920721054,0.7790358066558838,0.5912364721298218,-0.03483807295560837,0.7950431704521179,0.6292991042137146,-0.020417645573616028,G
0.8793532848358154,0.8526731729507446,-5.556509563575673e-07,0.8034650683403015,0.7602643966674805,0.016399722546339035,0.7564063668251038,0.6651360988616943,0.009877839125692844,0.713028609752655,0.6008052825927734,-0.006107322406023741,0.6672478914260864,0.5470196604728699,-0.02219962887465954,0.8431597352027893,0.5233315229415894,0.023430408909916878,0.7754131555557251,0.4538373053073883,0.006600836757570505,0.7289230823516846,0.42188721895217896,-0.006169962231069803,0.693758487701416,0.39730721712112427,-0.01573122851550579,0.8587780594825745,0.5280593633651733,-0.0010906488168984652,0.7557628154754639,0.49008598923683167,-0.020075267180800438,0.737998902797699,0.5788356065750122,-0.019228244200348854,0.7542206048965454,0.621236264705658,-0.016387058421969414,0.8593721985816956,0.5528140068054199,-0.028075870126485825,0.7595461010932922,0.5200660824775696,-0.04442211613059044,0.7504549026489258,0.6014138460159302,-0.027516786009073257,0.7730355262756348,0.6367149949073792,-0.015065067447721958,0.8481866121292114,0.5930115580558777,-0.05562657117843628,0.7721006870269775,0.5556270480155945,-0.06569286435842514,0.7629128098487854,0.6064936518669128,-0.05309603363275528,0.7830596566200256,0.6420218348503113,-0.04265092685818672,G
0.8724355697631836,0.8863848447799683,1.4280328741733683e-07,0.860051691532135,0.7474443912506104,0.019627483561635017,0.814272403717041,0.6516566276550293,0.015878677368164062,0.7565508484840393,0.626081645488739,0.008579278364777565,0.7116714119911194,0.6356167197227478,3.20893814205192e-05,0.8059842586517334,0.5747331380844116,-0.024559376761317253,0.7156506180763245,0.4956358075141907,-0.045031771063804626,0.6648622155189514,0.45642614364624023,-0.058669909834861755,0.6223148107528687,0.4274778664112091,-0.0666116252541542,0.789193868637085,0.6458578109741211,-0.04308093711733818,0.6945459842681885,0.5425481796264648,-0.06134475767612457,0.6390679478645325,0.49127453565597534,-0.07067185640335083,0.5949764251708984,0.4535844027996063,-0.07860472053289413,0.7680309414863586,0.720790684223175,-0.05658966302871704,0.6715735793113708,0.630700409412384,-0.06871656328439713,0.6828028559684753,0.6624311208724976,-0.05500337481498718,0.7060055732727051,0.6919431090354919,-0.04258814826607704,0.7480291724205017,0.7931396961212158,-0.06824304908514023,0.6754568219184875,0.7110628485679626,-0.07164011150598526,0.6862945556640625,0.7228276133537292,-0.05392535775899887,0.7087385654449463,0.738422155380249,-0.03828471153974533,H
0.8458740711212158,0.8252565264701843,1.0667787364582182e-07,0.8292768001556396,0.7019231915473938,0.02188928797841072,0.7854083180427551,0.6241138577461243,0.021674633026123047,0.7350867986679077,0.607492208480835,0.01696041040122509,0.696591854095459,0.6182030439376831,0.011019217781722546,0.7746617197990417,0.5563873648643494,-0.012615676037967205,0.6926268935203552,0.49750158190727234,-0.02901708520948887,0.646189272403717,0.4663539528846741,-0.0406925193965435,0.6082720756530762,0.44310590624809265,-0.047384221106767654,0.7589665651321411,0.6171497702598572,-0.03026892989873886,0.673345685005188,0.5376889705657959,-0.043049395084381104,0.6237529516220093,0.4989871680736542,-0.049957484006881714,0.585397481918335,0.4718180298805237,-0.05603593587875366,0.7418023347854614,0.6833996772766113,-0.04361214488744736,0.6575565934181213,0.6217191219329834,-0.05046432465314865,0.6691269874572754,0.6501204371452332,-0.038284946233034134,0.691249430179596,0.6732580065727234,-0.027894936501979828,0.7266478538513184,0.7498780488967896,-0.05531134083867073,0.6627414226531982,0.690357506275177,-0.05532538518309593,0.6723793745040894,0.7029380202293396,-0.03934354707598686,0.6926933526992798,0.7154397368431091,-0.02556644193828106,H
0.8476872444152832,0.8127249479293823,1.0366876779244194e-07,0.8325875997543335,0.6915830969810486,0.01488501112908125,0.7894156575202942,0.6138221621513367,0.008979417383670807,0.7378040552139282,0.5973738431930542,0.0006189266568981111,0.697059154510498,0.6113379597663879,-0.009198342449963093,0.7808374762535095,0.5496659874916077,-0.028886111453175545,0.6957298517227173,0.495434045791626,-0.048236746340990067,0.6488732695579529,0.4711723327636719,-0.060881469398736954,0.6091920137405396,0.45252862572669983,-0.06828945130109787,0.7675372958183289,0.6165229082107544,-0.04454818367958069,0.6777932047843933,0.5441110134124756,-0.06067979708313942,0.6253082156181335,0.5097220540046692,-0.06836425513029099,0.5834183692932129,0.48316285014152527,-0.07546640187501907,0.7513698935508728,0.685587465763092,-0.05564766749739647,0.6622951030731201,0.6210457682609558,-0.06621658056974411,0.6719322800636292,0.6451284885406494,-0.05452679842710495,0.6930528283119202,0.6681306958198547,-0.04460116848349571,0.7362415790557861,0.7515323758125305,-0.06527635455131531,0.6688201427459717,0.6932268142700195,-0.06883838772773743,0.6772500276565552,0.7006475329399109,-0.053710777312517166,0.696886420249939,0.7106181383132935,-0.040594205260276794,H
0.8238060474395752,0.8104360699653625,8.165118714487107e-08,0.8069969415664673,0.691230058670044,0.017893701791763306,0.7625266313552856,0.6178154349327087,0.01622583158314228,0.7123695611953735,0.6013157367706299,0.011017157696187496,0.6741632223129272,0.6089998483657837,0.004316710866987705,0.7497820854187012,0.562206506729126,-0.018756570294499397,0.6662899851799011,0.5133841037750244,-0.035730574280023575,0.6199936866760254,0.4913264513015747,-0.04650666564702988,0.5828564763069153,0.4756719768047333,-0.052289221435785294,0.7364873886108398,0.62289959192276,-0.03479098528623581,0.6474097371101379,0.5576843023300171,-0.0482725091278553,0.5980396270751953,0.5253081917762756,-0.053902518004179,0.5611780881881714,0.5019224286079407,-0.058911703526973724,0.7222996950149536,0.6895418167114258,-0.046829432249069214,0.6370036602020264,0.6338790059089661,-0.054731037467718124,0.6490419507026672,0.6526656746864319,-0.04204806312918663,0.6717727780342102,0.6701906323432922,-0.03137463703751564,0.7101277112960815,0.7574917078018188,-0.0574825257062912,0.6437404155731201,0.6994929909706116,-0.059449393302202225,0.6524901390075684,0.704904317855835,-0.044234856963157654,0.6720099449157715,0.7142587900161743,-0.030949873849749565,H
0.8038923740386963,0.8306769728660583,1.768244288768983e-07,0.7881998419761658,0.7129032015800476,0.0146780451759696,0.7441878318786621,0.6410971879959106,0.010398906655609608,0.6946243047714233,0.6314889192581177,0.003684655763208866,0.6564737558364868,0.6428846120834351,-0.004380432888865471,0.7335286736488342,0.5931715965270996,-0.02571423538029194,0.6498957872390747,0.5392995476722717,-0.04235417768359184,0.6046226024627686,0.5177182555198669,-0.05144326388835907,0.5684621334075928,0.5021767020225525,-0.05539732798933983,0.7166348099708557,0.6571738123893738,-0.039046045392751694,0.6295002102851868,0.5851568579673767,-0.05088461562991142,0.5829191207885742,0.5501925945281982,-0.05283771827816963,0.5484272241592407,0.526289701461792,-0.05488166585564613,0.7004567384719849,0.7229089736938477,-0.048332490026950836,0.6222946643829346,0.6591571569442749,-0.053859442472457886,0.6365769505500793,0.6710923314094543,-0.040032293647527695,0.6591274738311768,0.6892192363739014,-0.028990626335144043,0.6878569722175598,0.7867329120635986,-0.05651738867163658,0.6337961554527283,0.7237309813499451,-0.05570386350154877,0.6446598768234253,0.7234025001525879,-0.03967113420367241,0.6625869274139404,0.7320343852043152,-0.026292137801647186,H
0.8151577115058899,0.8324532508850098,4.100163408793378e-08,0.7998230457305908,0.7173793315887451,0.02076161839067936,0.7583630084991455,0.6406912803649902,0.02145710587501526,0.7135375738143921,0.6170802116394043,0.017335575073957443,0.6777542233467102,0.6201688647270203,0.011842343956232071,0.7481377124786377,0.5757039189338684,-0.009541725739836693,0.6723823547363281,0.5256291627883911,-0.02421722374856472,0.6300739049911499,0.5003179311752319,-0.03388797864317894,0.5958837270736694,0.48181188106536865,-0.03931158035993576,0.7360800504684448,0.6272563934326172,-0.027803858742117882,0.6560338139533997,0.5600484013557434,-0.04096781834959984,0.6089733242988586,0.5246429443359375,-0.04780350998044014,0.5726858973503113,0.49748924374580383,-0.05342039838433266,0.7222588658332825,0.6876408457756042,-0.04238906130194664,0.6415437459945679,0.640536904335022,-0.05132000148296356,0.6506233215332031,0.6713506579399109,-0.04060046002268791,0.6707739233970642,0.6917011737823486,-0.030843613669276237,0.7097077965736389,0.7519147396087646,-0.05539923533797264,0.6435927152633667,0.7039182186126709,-0.05748571828007698,0.651003897190094,0.7218277454376221,-0.04295666515827179,0.6707569360733032,0.7365673184394836,-0.030273111537098885,H
0.8239153027534485,0.8332102298736572,-8.227953429695845e-09,0.8002738356590271,0.7291163206100464,0.019409239292144775,0.7582312822341919,0.6579421162605286,0.01879100129008293,0.7133923768997192,0.6350060701370239,0.012720555067062378,0.6804836988449097,0.6411626935005188,0.006086694076657295,0.7442331910133362,0.5789766907691956,-0.006383105181157589,0.6716194152832031,0.539451539516449,-0.02459210529923439,0.6292789578437805,0.5162695646286011,-0.03806614503264427,0.5945943593978882,0.5008387565612793,-0.04657946899533272,0.7425543665885925,0.6198398470878601,-0.02538502775132656,0.6650287508964539,0.5683649778366089,-0.043545812368392944,0.6161837577819824,0.5432970523834229,-0.05539602041244507,0.580374002456665,0.5242671966552734,-0.06402730196714401,0.7387683987617493,0.6753517985343933,-0.04123745113611221,0.6581141352653503,0.6602504253387451,-0.05226058140397072,0.658804178237915,0.7038909196853638,-0.043319396674633026,0.6748801469802856,0.7235217094421387,-0.03464950993657112,0.7348582744598389,0.734933614730835,-0.055979665368795395,0.6680681705474854,0.7284018993377686,-0.057785406708717346,0.667744517326355,0.752898097038269,-0.04517998546361923,0.6827090978622437,0.7610659003257751,-0.03416389599442482,H
0.7917136549949646,0.8647116422653198,2.905281633047707e-07,0.7827044725418091,0.7471206784248352,0.005762668326497078,0.7392388582229614,0.6645908355712891,-0.0014991433126851916,0.6889739632606506,0.6440967321395874,-0.009674959816038609,0.6492976546287537,0.6503059267997742,-0.018920985981822014,0.725426971912384,0.6296286582946777,-0.03471336141228676,0.6438009738922119,0.5609095096588135,-0.05040996894240379,0.6011126041412354,0.5314881205558777,-0.057142212986946106,0.5659604072570801,0.5101251006126404,-0.059798210859298706,0.7053993344306946,0.6933199763298035,-0.04485373571515083,0.6228245496749878,0.6084107160568237,-0.05700284242630005,0.5790073871612549,0.5627868175506592,-0.05768699198961258,0.545883297920227,0.5320104956626892,-0.058914460241794586,0.6880097985267639,0.7596878409385681,-0.05160033702850342,0.6157444715499878,0.6758000254631042,-0.05945967882871628,0.6331059336662292,0.6802768707275391,-0.04571961611509323,0.6556879878044128,0.7012691497802734,-0.03440539538860321,0.6761667728424072,0.8202724456787109,-0.05786554515361786,0.6286478042602539,0.7364838123321533,-0.06034140661358833,0.6415661573410034,0.7277188897132874,-0.045898035168647766,0.6579262018203735,0.7395697832107544,-0.03357274457812309,H
0.7688089609146118,0.8845838308334351,2.369280451830491e-07,0.7678738236427307,0.7596427798271179,0.020170949399471283,0.732689619064331,0.6767679452896118,0.027324961498379707,0.685613751411438,0.6424623131752014,0.032423876225948334,0.6487261056900024,0.6382955312728882,0.03711627423763275,0.7026860117912292,0.6431461572647095,0.0033584502525627613,0.6319640874862671,0.5753538608551025,0.0053266193717718124,0.5940260291099548,0.5472464561462402,0.008454952389001846,0.5635960102081299,0.530116617679596,0.011767691932618618,0.675442099571228,0.6953119039535522,-0.005369577091187239,0.6059746742248535,0.6150075197219849,-0.0018986936192959547,0.5691128969192505,0.5735644102096558,0.0034068762324750423,0.5417430400848389,0.547826886177063,0.00717275170609355,0.6549496650695801,0.7515356540679932,-0.010460007935762405,0.5993621349334717,0.6761047840118408,-0.0006002264562994242,0.5948385000228882,0.648751974105835,0.012388056144118309,0.5966379642486572,0.6410601139068604,0.020442886278033257,0.6439751386642456,0.804101288318634,-0.014249632135033607,0.6106962561607361,0.7335536479949951,-0.001185277826152742,0.6105446815490723,0.7031275629997253,0.014218119904398918,0.6147714853286743,0.6887924671173096,0.025739198550581932,H
0.8104180097579956,0.8603094816207886,6.40231903048516e-08,0.7936211228370667,0.7419404983520508,0.02423105202615261,0.7517069578170776,0.6709831357002258,0.02527782693505287,0.7065220475196838,0.6517488956451416,0.021518278867006302,0.6703256368637085,0.6573272943496704,0.016452359035611153,0.7391660809516907,0.6057173013687134,-0.008778577670454979,0.6579055786132812,0.5545094013214111,-0.021995795890688896,0.6140751242637634,0.5333012938499451,-0.0307123102247715,0.5796512365341187,0.5183640718460083,-0.03514830023050308,0.7241823077201843,0.6651413440704346,-0.02680516242980957,0.6409047842025757,0.594261646270752,-0.03683594614267349,0.5951458811759949,0.5619148015975952,-0.04041406139731407,0.5619648694992065,0.5386030077934265,-0.04393204301595688,0.7083293795585632,0.7302284836769104,-0.040674857795238495,0.6308906078338623,0.6684885621070862,-0.04439132660627365,0.6395025253295898,0.689205527305603,-0.030974075198173523,0.6589582562446594,0.7092856168746948,-0.020641930401325226,0.6950477361679077,0.7949770092964172,-0.052876003086566925,0.6366493701934814,0.7345128655433655,-0.05084015056490898,0.6417499780654907,0.7395845055580139,-0.034969769418239594,0.6567440032958984,0.7486432790756226,-0.021876521408557892,H
0.8399879932403564,0.9107511043548584,1.972200180944128e-07,0.8255555033683777,0.7918075323104858,0.00755838630720973,0.7784922122955322,0.709425151348114,-8.249849634012207e-05,0.7222279906272888,0.6918918490409851,-0.00904642790555954,0.6791006326675415,0.7020235061645508,-0.01922791823744774,0.7695905566215515,0.6575345993041992,-0.033916275948286057,0.6879208087921143,0.598995566368103,-0.05431133508682251,0.6415835022926331,0.5713523626327515,-0.0657525509595871,0.6035080552101135,0.5509362816810608,-0.07154041528701782,0.7532703876495361,0.7232615947723389,-0.04660994932055473,0.6643315553665161,0.6466596126556396,-0.06348414719104767,0.6145017147064209,0.6050004363059998,-0.06843797862529755,0.5773600339889526,0.5759897232055664,-0.07243066281080246,0.7371160387992859,0.7925914525985718,-0.05588925629854202,0.6510633230209351,0.720482587814331,-0.06922345608472824,0.661878228187561,0.7318128943443298,-0.058273762464523315,0.684741735458374,0.7526100873947144,-0.04734940454363823,0.723256528377533,0.8598318099975586,-0.06428305804729462,0.6608823537826538,0.785374104976654,-0.07124952226877213,0.6671343445777893,0.7784672975540161,-0.05904800817370415,0.6835381388664246,0.7856624722480774,-0.04712674766778946,H
0.842006266117096,0.906919002532959,1.772624642626397e-07,0.8242582678794861,0.7864134311676025,0.011600576341152191,0.7762314677238464,0.7124526500701904,0.006276954896748066,0.7239994406700134,0.7021923065185547,-0.0012307747965678573,0.6847447752952576,0.7151789665222168,-0.009989844635128975,0.7649667263031006,0.6543852090835571,-0.026217028498649597,0.6847604513168335,0.6026566028594971,-0.04412002116441727,0.6381851434707642,0.5783200263977051,-0.05516037717461586,0.6007806062698364,0.5597232580184937,-0.061242762953042984,0.7527193427085876,0.7170928716659546,-0.0399223230779171,0.6657276153564453,0.6494755744934082,-0.05408342927694321,0.6152823567390442,0.613143265247345,-0.06008506566286087,0.5791891813278198,0.5872368812561035,-0.06545500457286835,0.7403435111045837,0.7854993939399719,-0.050035521388053894,0.6541137099266052,0.7271314263343811,-0.06103676185011864,0.6559416055679321,0.7432425022125244,-0.05287360027432442,0.6744425892829895,0.7642828822135925,-0.044775187969207764,0.7301213145256042,0.8529186248779297,-0.05887438356876373,0.667310357093811,0.8024955987930298,-0.06399641185998917,0.6695621609687805,0.8024424910545349,-0.0531659796833992,0.685360848903656,0.8106789588928223,-0.04285143315792084,H
0.8345192670822144,0.8873903751373291,1.4937582193397247e-07,0.816895604133606,0.7689527273178101,0.014697724021971226,0.7729910612106323,0.6988487839698792,0.009753497317433357,0.7242088317871094,0.6881842017173767,0.002006577793508768,0.686433732509613,0.7011687159538269,-0.007108104415237904,0.7572574019432068,0.6363672614097595,-0.024507397785782814,0.6771671175956726,0.5852124691009521,-0.041879910975694656,0.6327145099639893,0.5614832043647766,-0.05231597274541855,0.5969877243041992,0.5430811047554016,-0.057721324265003204,0.7459019422531128,0.6979284882545471,-0.0391150563955307,0.6607509851455688,0.6313059329986572,-0.05329594388604164,0.6101621389389038,0.5961843729019165,-0.05846061185002327,0.5737209916114807,0.5710822343826294,-0.0631222128868103,0.7336686849594116,0.7651727795600891,-0.04999237135052681,0.6491882801055908,0.7080821394920349,-0.059941500425338745,0.6409518122673035,0.7305408716201782,-0.051816828548908234,0.6510080695152283,0.756347119808197,-0.043823957443237305,0.7233242392539978,0.8304372429847717,-0.05936422944068909,0.6600220799446106,0.7755987644195557,-0.06330744177103043,0.650290310382843,0.7707117795944214,-0.053557202219963074,0.6542327404022217,0.7741407752037048,-0.044151995331048965,H
0.8432437777519226,0.8879573345184326,1.1717072823103081e-07,0.8210229873657227,0.7732812762260437,0.007304432801902294,0.7630618810653687,0.6992800235748291,-0.002305365167558193,0.6968755722045898,0.7008122801780701,-0.01325623132288456,0.6531769037246704,0.7225267291069031,-0.02564297616481781,0.7760156989097595,0.6367149949073792,-0.03289526700973511,0.7022998929023743,0.5868677496910095,-0.05384077876806259,0.6593946218490601,0.5600578784942627,-0.06667383015155792,0.6231832504272461,0.5383906364440918,-0.07496550679206848,0.7696279287338257,0.6955071091651917,-0.047654278576374054,0.6900652647018433,0.6279347538948059,-0.0669173076748848,0.641998291015625,0.592758297920227,-0.07545074075460434,0.6043822169303894,0.564052939414978,-0.08291517198085785,0.7608548998832703,0.7615699768066406,-0.05905134230852127,0.6736292243003845,0.7133688926696777,-0.07644869387149811,0.675262451171875,0.7410122156143188,-0.06910298764705658,0.6927950382232666,0.7645447254180908,-0.06063532829284668,0.7516212463378906,0.829157829284668,-0.0690343976020813,0.6840029358863831,0.7887401580810547,-0.07793131470680237,0.6874986886978149,0.7974973917007446,-0.06780194491147995,0.7061730027198792,0.8081013560295105,-0.05819489434361458,H
0.6463815569877625,0.936044454574585,5.826086066917924e-07,0.6307780742645264,0.8561279773712158,-0.02660260535776615,0.6491522192955017,0.7733913660049438,-0.042389437556266785,0.6962080597877502,0.7612051367759705,-0.05877138301730156,0.7384369969367981,0.7735298275947571,-0.07411397993564606,0.7087920308113098,0.6705344915390015,-0.019514217972755432,0.7555071115493774,0.600256085395813,-0.040106065571308136,0.7883238196372986,0.5637035369873047,-0.05583897605538368,0.8193342089653015,0.530989408493042,-0.06714154779911041,0.7382680177688599,0.7084259986877441,-0.022695517167448997,0.7902348637580872,0.6259685754776001,-0.04413986578583717,0.8231720924377441,0.5765798687934875,-0.059687789529561996,0.8539033532142639,0.5317763090133667,-0.06956074386835098,0.7530072331428528,0.76297527551651,-0.02933243103325367,0.7914854288101196,0.7117915153503418,-0.06002550944685936,0.7547889947891235,0.7530375123023987,-0.06348615139722824,0.7262004613876343,0.7870467305183411,-0.05790146440267563,0.7577171921730042,0.8282982707023621,-0.038385387510061264,0.7824953198432922,0.786961555480957,-0.0637938603758812,0.755600094795227,0.8103359341621399,-0.06360670179128647,0.7314839363098145,0.8352270722389221,-0.058044854551553726,H
0.6651917099952698,0.9519191980361938,6.67869812787103e-07,0.6519749164581299,0.8738960027694702,-0.02813054621219635,0.677074670791626,0.7855762839317322,-0.04323301836848259,0.7312199473381042,0.7693875432014465,-0.05782334879040718,0.776629626750946,0.7797749042510986,-0.07107491791248322,0.7330543398857117,0.6953537464141846,-0.026137202978134155,0.784974217414856,0.6296725273132324,-0.051752783358097076,0.8211299180984497,0.5929564237594604,-0.06814128160476685,0.854206919670105,0.5604270100593567,-0.0781770795583725,0.7592487931251526,0.7398360967636108,-0.029166249558329582,0.8178648352622986,0.6598485112190247,-0.05732862651348114,0.8569334745407104,0.6170473098754883,-0.07319769263267517,0.8924999237060547,0.5791993737220764,-0.07998108118772507,0.7723232507705688,0.8008187413215637,-0.03526526689529419,0.7979711890220642,0.7856407761573792,-0.07341699302196503,0.7519408464431763,0.8206825256347656,-0.07637683302164078,0.7197248339653015,0.8404901027679443,-0.06715112924575806,0.7749801278114319,0.8673000931739807,-0.043562427163124084,0.7831299901008606,0.8550753593444824,-0.07399718463420868,0.7455934882164001,0.8776565790176392,-0.07244796305894852,0.7183360457420349,0.8910315036773682,-0.0635685846209526,H
0.6708130240440369,0.9541441202163696,5.77958132907952e-07,0.658898651599884,0.8772611618041992,-0.02959587238729,0.6851828694343567,0.8046637177467346,-0.0463193878531456,0.7377558350563049,0.8086614608764648,-0.06312290579080582,0.7820850610733032,0.8302870392799377,-0.0787959173321724,0.7441884279251099,0.6966844201087952,-0.021431488916277885,0.7945387959480286,0.628174901008606,-0.04343964904546738,0.8285191059112549,0.5910816192626953,-0.06025151535868645,0.8599720597267151,0.5570235848426819,-0.07223283499479294,0.77491295337677,0.7341375350952148,-0.023523377254605293,0.8300639986991882,0.6529374122619629,-0.04580611363053322,0.8647632002830505,0.6047080755233765,-0.0626278817653656,0.8975287675857544,0.5580832362174988,-0.07330458611249924,0.789482057094574,0.7896029949188232,-0.029254795983433723,0.8299627900123596,0.7476671934127808,-0.06051357090473175,0.7941147089004517,0.785153865814209,-0.06609144061803818,0.7658103108406067,0.8126587271690369,-0.06194605678319931,0.7937314510345459,0.8573238253593445,-0.03765028342604637,0.8174218535423279,0.8265647888183594,-0.06336648762226105,0.7884368896484375,0.8452810049057007,-0.06450366228818893,0.762826144695282,0.8630236387252808,-0.0599106065928936,H
0.6820698380470276,0.914516806602478,6.445677058763977e-07,0.6671209335327148,0.8313298225402832,-0.030374322086572647,0.6935356259346008,0.7470517754554749,-0.047821491956710815,0.7475737929344177,0.7436835765838623,-0.0646442323923111,0.7943416833877563,0.7591936588287354,-0.08005194365978241,0.7622790336608887,0.6504622101783752,-0.02608492784202099,0.8189499974250793,0.5958303213119507,-0.04992044344544411,0.857191801071167,0.5693678855895996,-0.0660734698176384,0.8911386728286743,0.5465287566184998,-0.0769117996096611,0.792396605014801,0.6943763494491577,-0.0282097440212965,0.8581355810165405,0.6249586343765259,-0.05270830914378166,0.899057924747467,0.5885122418403625,-0.06730993837118149,0.9352326989173889,0.5556290745735168,-0.07532579451799393,0.8042644262313843,0.7535461187362671,-0.03399212658405304,0.8418020009994507,0.7164615988731384,-0.06751535087823868,0.7987952828407288,0.7495577931404114,-0.07008831202983856,0.7673273682594299,0.7742118835449219,-0.06326249986886978,0.8041205406188965,0.8227760791778564,-0.04237757995724678,0.8203911185264587,0.793070375919342,-0.06982175260782242,0.7871941328048706,0.8139402866363525,-0.06895541399717331,0.7623611092567444,0.8331258296966553,-0.06235493719577789,H
0.6899049878120422,0.938776433467865,5.813319035041786e-07,0.6744995713233948,0.858950138092041,-0.029200907796621323,0.6975096464157104,0.7726035118103027,-0.045439839363098145,0.7497654557228088,0.7659180760383606,-0.061710819602012634,0.7943694591522217,0.7817606329917908,-0.07680671662092209,0.7596097588539124,0.6647104024887085,-0.02389487810432911,0.8102903366088867,0.5887535810470581,-0.04688923805952072,0.844825029373169,0.546097993850708,-0.0628768652677536,0.8764653205871582,0.5079424381256104,-0.07386302947998047,0.7912272214889526,0.7036716938018799,-0.026953071355819702,0.8465479612350464,0.6137450337409973,-0.05105048045516014,0.8811679482460022,0.558875560760498,-0.06692832708358765,0.911915123462677,0.5101242065429688,-0.07611097395420074,0.8067300319671631,0.7620555758476257,-0.03350923955440521,0.8437906503677368,0.7143381834030151,-0.06776132434606552,0.8046355843544006,0.7571601271629333,-0.07192891836166382,0.7744821906089783,0.7890044450759888,-0.06590154021978378,0.8112384080886841,0.831691563129425,-0.04258988797664642,0.8273047208786011,0.801866352558136,-0.07142749428749084,0.7940958142280579,0.8296132683753967,-0.07198426127433777,0.7678745985031128,0.8538453578948975,-0.06612483412027359,H
0.6877846121788025,0.9481004476547241,6.657313633695594e-07,0.6732852458953857,0.8678305745124817,-0.02869076281785965,0.6956642866134644,0.7868034243583679,-0.04547687619924545,0.7472906112670898,0.7831408381462097,-0.061954841017723083,0.7923395037651062,0.7985788583755493,-0.0771574005484581,0.7625482678413391,0.6783024668693542,-0.023750286549329758,0.8190414309501648,0.6153978109359741,-0.045990489423274994,0.8571120500564575,0.5830962061882019,-0.06174618378281593,0.8913949131965637,0.5541146993637085,-0.07262029498815536,0.7925850749015808,0.7209384441375732,-0.026517732068896294,0.8562214374542236,0.6441970467567444,-0.049148544669151306,0.8971108198165894,0.5998764634132385,-0.06372018903493881,0.9326951503753662,0.5598064661026001,-0.07233674824237823,0.8055381178855896,0.7807259559631348,-0.03281997889280319,0.8437097072601318,0.7368767857551575,-0.0654190257191658,0.8045611381530762,0.7733461856842041,-0.06930078566074371,0.773942232131958,0.8008267283439636,-0.06375231593847275,0.8080935478210449,0.851119875907898,-0.04154914617538452,0.8265718817710876,0.8203241229057312,-0.0699310377240181,0.7928784489631653,0.8445020914077759,-0.07026670128107071,0.7651310563087463,0.8656126260757446,-0.06449386477470398,H
0.7380311489105225,0.872484564781189,-3.633413996340096e-07,0.6846968531608582,0.8411779403686523,-0.01935366354882717,0.6464869379997253,0.7422202825546265,-0.030224088579416275,0.6644325256347656,0.6657609343528748,-0.0431603379547596,0.7083349227905273,0.6543805599212646,-0.05136330425739288,0.6605205535888672,0.6171560883522034,-0.00348089006729424,0.6556764841079712,0.5343286991119385,-0.028689159080386162,0.6673847436904907,0.6024188995361328,-0.04141156002879143,0.6713088750839233,0.6439749002456665,-0.04542700946331024,0.695265531539917,0.6009035110473633,-0.005196045618504286,0.6957268714904785,0.5170408487319946,-0.03673436865210533,0.7060664892196655,0.6013017892837524,-0.04552349075675011,0.7043662071228027,0.648566722869873,-0.04158203676342964,0.7306747436523438,0.5995945930480957,-0.011602452024817467,0.7321168184280396,0.5153628587722778,-0.03746320307254791,0.7378110289573669,0.5885703563690186,-0.034393228590488434,0.7348477840423584,0.639991283416748,-0.02230382151901722,0.7627965807914734,0.6080297231674194,-0.020372554659843445,0.7626307606697083,0.5157382488250732,-0.030785931274294853,0.7618756890296936,0.45806559920310974,-0.030306376516819,0.7564113140106201,0.39689069986343384,-0.025752393528819084,I
0.7500951290130615,0.8642029762268066,-3.0735239420209837e-07,0.6958929896354675,0.8271748423576355,-0.02139117568731308,0.6558091044425964,0.7074779272079468,-0.03055182285606861,0.679185688495636,0.6276310086250305,-0.0410810224711895,0.7333971261978149,0.6369569897651672,-0.046739738434553146,0.6699388027191162,0.5932183265686035,-0.0050089480355381966,0.6662076711654663,0.5023603439331055,-0.02819284051656723,0.6766977906227112,0.5588701963424683,-0.038171589374542236,0.6818423867225647,0.6023973822593689,-0.04079490900039673,0.7083034515380859,0.5754237174987793,-0.00475503271445632,0.7113640904426575,0.4867768883705139,-0.03472546860575676,0.7207908034324646,0.5752113461494446,-0.03972463682293892,0.7182909250259399,0.6227348446846008,-0.0332009419798851,0.7463235855102539,0.5757440328598022,-0.009514068253338337,0.7499912977218628,0.484130322933197,-0.033673662692308426,0.7544040679931641,0.5603258013725281,-0.02869964949786663,0.7505220770835876,0.6154083013534546,-0.015927862375974655,0.7802248001098633,0.5841361880302429,-0.017042821273207664,0.7866262197494507,0.4882405400276184,-0.028989989310503006,0.7915730476379395,0.4269852638244629,-0.030659576877951622,0.79189532995224,0.363130122423172,-0.027855226770043373,I
0.704231858253479,0.8518147468566895,-3.171831792769808e-07,0.6523909568786621,0.8000324368476868,-0.020713483914732933,0.6247189044952393,0.6751718521118164,-0.030693097040057182,0.6536527276039124,0.605810821056366,-0.04200273007154465,0.7034304141998291,0.6335014700889587,-0.04817304015159607,0.6613826751708984,0.5704671144485474,-0.006613397039473057,0.666402280330658,0.47992420196533203,-0.0305928997695446,0.6660604476928711,0.5457397699356079,-0.04036388918757439,0.667378842830658,0.5943390727043152,-0.04277852922677994,0.6990947127342224,0.5690013766288757,-0.006796279922127724,0.7096365094184875,0.48347264528274536,-0.03807228058576584,0.705506443977356,0.5747812986373901,-0.042206354439258575,0.70063316822052,0.6257643103599548,-0.035073522478342056,0.735116720199585,0.5824324488639832,-0.012091908603906631,0.7455389499664307,0.49471279978752136,-0.03611370176076889,0.7378032207489014,0.5724644660949707,-0.029548749327659607,0.7286137342453003,0.6283471584320068,-0.01612880267202854,0.7665967345237732,0.6031551361083984,-0.02028803341090679,0.7877731323242188,0.5165010690689087,-0.032422225922346115,0.8016414642333984,0.45890897512435913,-0.034720756113529205,0.8119825720787048,0.3954387307167053,-0.03273935243487358,I
0.7379176020622253,0.8501417636871338,-2.9410372803795326e-07,0.6798883080482483,0.8263532519340515,-0.022437099367380142,0.6337313055992126,0.7187616229057312,-0.032764095813035965,0.6529737114906311,0.6334541440010071,-0.04457654431462288,0.7070705890655518,0.6188402771949768,-0.051360566169023514,0.6425037980079651,0.6017805337905884,-0.004432633984833956,0.6312863230705261,0.5094448328018188,-0.027870796620845795,0.6467379927635193,0.5698431730270386,-0.03937317058444023,0.6550230979919434,0.61347496509552,-0.04298689216375351,0.6785371899604797,0.5748206377029419,-0.004292725585401058,0.674081027507782,0.4834517240524292,-0.0330856516957283,0.688263475894928,0.5626853108406067,-0.040148284286260605,0.6889083981513977,0.611581563949585,-0.03575565665960312,0.7148919701576233,0.5667489767074585,-0.00931630376726389,0.7113254070281982,0.47541818022727966,-0.032463546842336655,0.7204427123069763,0.5451547503471375,-0.02890853025019169,0.7208207845687866,0.5996745228767395,-0.01746978983283043,0.748437225818634,0.5683622360229492,-0.017249904572963715,0.7491762638092041,0.47058504819869995,-0.02703346312046051,0.7500911355018616,0.40869438648223877,-0.027587050572037697,0.7456897497177124,0.34630438685417175,-0.024388212710618973,I
0.7234510779380798,0.8661987781524658,-3.123590204268112e-07,0.6664112210273743,0.8537236452102661,-0.022337129339575768,0.6162088513374329,0.7517138719558716,-0.03241047263145447,0.6333972811698914,0.6640936732292175,-0.0438791885972023,0.6874458193778992,0.6554688811302185,-0.05036232993006706,0.6216995120048523,0.6321337223052979,-0.0036657785531133413,0.6086137890815735,0.5434746742248535,-0.02670915424823761,0.6240703463554382,0.6080795526504517,-0.03822712227702141,0.6336663961410522,0.6497283577919006,-0.042406074702739716,0.6559208631515503,0.6036097407341003,-0.003590384731069207,0.6487553715705872,0.5119264721870422,-0.03331166133284569,0.6636171936988831,0.5924487709999084,-0.040493305772542953,0.6674280166625977,0.640903115272522,-0.03605114296078682,0.6911464929580688,0.5924558639526367,-0.008701654151082039,0.6852235794067383,0.5015496611595154,-0.03154604509472847,0.694104790687561,0.5721995234489441,-0.027741551399230957,0.696124255657196,0.6270977258682251,-0.016324328258633614,0.7243433594703674,0.5904744267463684,-0.016915718093514442,0.7208417654037476,0.49439185857772827,-0.025795504450798035,0.7182037234306335,0.43288373947143555,-0.02655569091439247,0.711412787437439,0.3705488443374634,-0.023899460211396217,I
0.7287786602973938,0.8541297316551208,-3.6277776871429523e-07,0.6694018244743347,0.8492175340652466,-0.019264521077275276,0.6104046106338501,0.7748170495033264,-0.029460612684488297,0.597687840461731,0.6932317018508911,-0.04142480716109276,0.6286824941635132,0.6569561958312988,-0.04791763052344322,0.6227238774299622,0.6330406069755554,-0.002037064405158162,0.6055730581283569,0.5507168173789978,-0.025936098769307137,0.6222972273826599,0.6108970642089844,-0.03673471882939339,0.6345613598823547,0.6561648845672607,-0.039182353764772415,0.6542825102806091,0.6067255139350891,-0.002751394407823682,0.6423496603965759,0.5294167995452881,-0.034742895513772964,0.6600497961044312,0.6124183535575867,-0.04162582382559776,0.6680023670196533,0.6669600605964661,-0.036138229072093964,0.6880406141281128,0.5921838879585266,-0.008448785170912743,0.6767086982727051,0.5107873678207397,-0.036360226571559906,0.6880817413330078,0.5881790518760681,-0.03188387677073479,0.6934362053871155,0.6472318172454834,-0.018223652616143227,0.7215524911880493,0.5877368450164795,-0.01635151356458664,0.7181220054626465,0.49152910709381104,-0.029953505843877792,0.7152639627456665,0.43297427892684937,-0.03123284876346588,0.7079855799674988,0.37208908796310425,-0.027309881523251534,I
0.7274932265281677,0.8284147381782532,-3.772161960569065e-07,0.6656532883644104,0.8170722723007202,-0.021809536963701248,0.6046065092086792,0.7428083419799805,-0.0332561731338501,0.5761080980300903,0.6585419178009033,-0.04677587375044823,0.6034024357795715,0.611587643623352,-0.05470298230648041,0.6282349228858948,0.6015151739120483,0.0030958300922065973,0.611156165599823,0.5163877010345459,-0.02346503548324108,0.6264009475708008,0.5812202095985413,-0.038563814014196396,0.6392750144004822,0.6355752944946289,-0.04359397664666176,0.661585807800293,0.5773900151252747,0.002172135515138507,0.6494871973991394,0.49048787355422974,-0.03455188125371933,0.6615619659423828,0.5764816999435425,-0.04739401862025261,0.6685892939567566,0.6428560018539429,-0.044478628784418106,0.695695698261261,0.564723789691925,-0.004400212783366442,0.6856071949005127,0.4735267162322998,-0.035831525921821594,0.6912610530853271,0.5520813465118408,-0.034890905022621155,0.6940699815750122,0.618546187877655,-0.022081976756453514,0.7294215559959412,0.5645003914833069,-0.013384941965341568,0.7260833382606506,0.4688515067100525,-0.028005758300423622,0.7233489751815796,0.40913552045822144,-0.029903335496783257,0.7174749374389648,0.35009294748306274,-0.02587517909705639,I
0.7258944511413574,0.8437926769256592,-2.9539506840592367e-07,0.6684362292289734,0.827089786529541,-0.01539317425340414,0.6181101202964783,0.7442393898963928,-0.02470748871564865,0.6143965125083923,0.6627939939498901,-0.0365164652466774,0.6408286094665527,0.6165919303894043,-0.04398977756500244,0.6353499889373779,0.6031416058540344,-0.001722916727885604,0.6220111846923828,0.5052258968353271,-0.024841494858264923,0.6306616067886353,0.549098551273346,-0.03637770563364029,0.6401976943016052,0.5954394936561584,-0.03975003585219383,0.6711700558662415,0.5797044634819031,-0.005697108339518309,0.6676110625267029,0.47570446133613586,-0.03950143977999687,0.6746546626091003,0.554582953453064,-0.05016615241765976,0.6764718294143677,0.6182667016983032,-0.0467023141682148,0.7065825462341309,0.570665180683136,-0.013687366619706154,0.7032306790351868,0.4686840772628784,-0.04140697792172432,0.7034106254577637,0.5417265892028809,-0.03951622173190117,0.7012129426002502,0.605070948600769,-0.028016559779644012,0.7398222088813782,0.575989305973053,-0.023515978828072548,0.7469332218170166,0.4781254529953003,-0.038538914173841476,0.7492123246192932,0.4177477955818176,-0.04104742407798767,0.7475093007087708,0.3571595847606659,-0.03809148073196411,I
0.7187216281890869,0.8478817939758301,-2.4248228669421223e-07,0.6594761610031128,0.8301076889038086,-0.020854638889431953,0.6156982779502869,0.7331475019454956,-0.03324484825134277,0.6389313340187073,0.6497119665145874,-0.04756266251206398,0.691430926322937,0.636020839214325,-0.05791154503822327,0.6261703372001648,0.6008083820343018,-0.004456216935068369,0.616288959980011,0.5094543695449829,-0.02742081880569458,0.6258331537246704,0.569251537322998,-0.040797844529151917,0.6349803805351257,0.6167336702346802,-0.046914804726839066,0.6613370180130005,0.574684739112854,-0.006669109687209129,0.6568877100944519,0.47442105412483215,-0.03754640743136406,0.6656787991523743,0.5549035668373108,-0.04744735732674599,0.670058012008667,0.6115396022796631,-0.0451529324054718,0.6969940066337585,0.5666085481643677,-0.013750551268458366,0.6940420269966125,0.46235817670822144,-0.036564767360687256,0.6959686875343323,0.5283787250518799,-0.03558295592665672,0.6951492428779602,0.5845228433609009,-0.02698591537773609,0.7297160625457764,0.5714859366416931,-0.02383844368159771,0.7349743843078613,0.47397029399871826,-0.034383662045001984,0.7365601658821106,0.41356438398361206,-0.03732193261384964,0.7347345352172852,0.35147199034690857,-0.03661348298192024,I
0.717965841293335,0.8347452878952026,-2.2419112610805314e-07,0.6610670685768127,0.8075439929962158,-0.01789456233382225,0.6202830672264099,0.7156563997268677,-0.030735714361071587,0.640006959438324,0.6482241749763489,-0.04656239598989487,0.6872019171714783,0.6319619417190552,-0.05890705808997154,0.6312640905380249,0.5876891613006592,-0.0038020270876586437,0.6203862428665161,0.4858603775501251,-0.030937273055315018,0.6276673078536987,0.5428867340087891,-0.04855312779545784,0.6369814872741699,0.6049909591674805,-0.05577515438199043,0.6665582060813904,0.5683631896972656,-0.007801191881299019,0.6640349626541138,0.45780232548713684,-0.04190821200609207,0.6674128174781799,0.5282080769538879,-0.057886555790901184,0.6708058714866638,0.5979355573654175,-0.059348441660404205,0.7020314335823059,0.5634264349937439,-0.016282640397548676,0.7023373246192932,0.45531073212623596,-0.040139611810445786,0.6986761689186096,0.5222141742706299,-0.04343244805932045,0.6955368518829346,0.5903980135917664,-0.03717860206961632,0.7347813248634338,0.5719167590141296,-0.02742723375558853,0.743578314781189,0.4754760265350342,-0.03781760111451149,0.7445752024650574,0.41456007957458496,-0.042060669511556625,0.7427545189857483,0.3575997054576874,-0.04207179322838783,I
0.7084144353866577,0.8541584014892578,-2.3835710294406454e-07,0.6537140011787415,0.8352642059326172,-0.01674441248178482,0.6097601056098938,0.7465929388999939,-0.028271539136767387,0.6239235401153564,0.6722934246063232,-0.04239700734615326,0.668572187423706,0.6510086059570312,-0.05327601730823517,0.6180482506752014,0.6174303293228149,-0.006418873555958271,0.6053332090377808,0.5198755860328674,-0.02987797185778618,0.6178767085075378,0.5723385214805603,-0.043601781129837036,0.6291416883468628,0.6263938546180725,-0.048685941845178604,0.6528925895690918,0.5943962931632996,-0.010390796698629856,0.6477534770965576,0.4860588014125824,-0.04075241461396217,0.6564837098121643,0.5528320670127869,-0.052193403244018555,0.6615384221076965,0.6157357096672058,-0.05074247345328331,0.6882746815681458,0.5868183374404907,-0.018233153969049454,0.6847982406616211,0.4856657087802887,-0.041039999574422836,0.6870920658111572,0.5504124164581299,-0.041095759719610214,0.6871806383132935,0.61196368932724,-0.03238993510603905,0.720431923866272,0.591762125492096,-0.028398914262652397,0.7229320406913757,0.4923229515552521,-0.03821355104446411,0.7221739888191223,0.42947760224342346,-0.039742760360240936,0.7182921767234802,0.3697415292263031,-0.037539757788181305,I
0.7105324268341064,0.8585634231567383,-3.1583701343151915e-07,0.6544708013534546,0.8428686261177063,-0.016994668170809746,0.6017094254493713,0.7549962997436523,-0.02659929357469082,0.5967171788215637,0.6672455072402954,-0.03887747600674629,0.6328516006469727,0.6331000328063965,-0.04678916931152344,0.621588408946991,0.6202873587608337,-0.00018408957112114877,0.6052637696266174,0.5251442790031433,-0.022848043590784073,0.6145350933074951,0.5734221935272217,-0.03423570096492767,0.6253200769424438,0.6201760768890381,-0.03778724744915962,0.6544371843338013,0.5963417291641235,-0.003201857442036271,0.6460240483283997,0.49223607778549194,-0.03516566380858421,0.65451580286026,0.5701876282691956,-0.04388239607214928,0.6606045961380005,0.6304813623428345,-0.039312686771154404,0.6879035234451294,0.5862581729888916,-0.010685717687010765,0.6806938052177429,0.4855332374572754,-0.036415908485651016,0.6832160949707031,0.5603194236755371,-0.032214000821113586,0.6852356791496277,0.6239452958106995,-0.019315842539072037,0.7196470499038696,0.589502215385437,-0.020611364394426346,0.720927357673645,0.49311649799346924,-0.03327743336558342,0.7188701033592224,0.43159326910972595,-0.03456348180770874,0.7145383954048157,0.3700883388519287,-0.03128790482878685,I
0.7109901309013367,0.8611533045768738,-2.7194221274839947e-07,0.6573824882507324,0.8420150279998779,-0.01885758899152279,0.6110278367996216,0.7524145245552063,-0.030537039041519165,0.6154603362083435,0.6745027303695679,-0.04469124972820282,0.6597170829772949,0.6527891159057617,-0.054959509521722794,0.6219227910041809,0.6198186278343201,-0.004140447825193405,0.606829047203064,0.522417426109314,-0.027388866990804672,0.6171121001243591,0.575424313545227,-0.03974283114075661,0.6282027363777161,0.6264803409576416,-0.04394812136888504,0.6556226015090942,0.5977047681808472,-0.0071981181390583515,0.6491308212280273,0.4879920184612274,-0.03886714577674866,0.6571260690689087,0.5638393759727478,-0.04850975051522255,0.6617659330368042,0.6260023713111877,-0.04470700025558472,0.69045490026474,0.5901890993118286,-0.014644764363765717,0.6847527623176575,0.4864828586578369,-0.03858313709497452,0.6867744326591492,0.5537190437316895,-0.036685340106487274,0.6873524188995361,0.6136760115623474,-0.025933735072612762,0.7225270867347717,0.5948519706726074,-0.024738363921642303,0.7251650094985962,0.49668455123901367,-0.03505202755331993,0.7244504690170288,0.43349409103393555,-0.03648728132247925,0.7210108637809753,0.37177789211273193,-0.033913157880306244,I
0.6984548568725586,0.8753129839897156,-2.6402312869322486e-07,0.64533531665802,0.8415830731391907,-0.017656268551945686,0.6043635010719299,0.7352146506309509,-0.028631381690502167,0.6205137372016907,0.6597979068756104,-0.041454289108514786,0.6707203388214111,0.6695396900177002,-0.050109077244997025,0.626995861530304,0.6019724607467651,-0.004645672161132097,0.6212130784988403,0.5138163566589355,-0.025683224201202393,0.6266566514968872,0.580909788608551,-0.037582289427518845,0.6339007616043091,0.6303626298904419,-0.0434533916413784,0.6643121242523193,0.5890852808952332,-0.00778938876464963,0.6647239327430725,0.4901413023471832,-0.037909772247076035,0.6661285758018494,0.5756935477256775,-0.04611463472247124,0.6681039333343506,0.6386616826057434,-0.04262522608041763,0.7013354301452637,0.5936811566352844,-0.015184955671429634,0.7034676671028137,0.49551162123680115,-0.03705829009413719,0.696000874042511,0.5626668334007263,-0.03505033627152443,0.68916255235672,0.6206159591674805,-0.025939250364899635,0.7342275381088257,0.6103166937828064,-0.025188950821757317,0.7502840161323547,0.5153681635856628,-0.03617183864116669,0.7591031193733215,0.4531959295272827,-0.039811886847019196,0.7648743391036987,0.3899781405925751,-0.03967417776584625,I
0.7093328833580017,0.8830026388168335,-3.2310077813235694e-07,0.6542837619781494,0.8746103644371033,-0.026683956384658813,0.6104236841201782,0.8049675226211548,-0.04400883987545967,0.6324249505996704,0.7494269609451294,-0.06064700707793236,0.6805148720741272,0.7445093989372253,-0.0721166655421257,0.6131744980812073,0.6536469459533691,-0.026234127581119537,0.6035756468772888,0.5777943730354309,-0.05546469986438751,0.6178687810897827,0.6572033166885376,-0.066550612449646,0.6294462084770203,0.7031024694442749,-0.0704478994011879,0.6517398953437805,0.6292458176612854,-0.025774294510483742,0.6485908031463623,0.5456166863441467,-0.05908285081386566,0.6584899425506592,0.650786280632019,-0.059329863637685776,0.6593672037124634,0.6922467947006226,-0.05088716745376587,0.6902948617935181,0.6262145638465881,-0.030815495178103447,0.691663920879364,0.5459904074668884,-0.05958905816078186,0.6918755173683167,0.6341120600700378,-0.051075149327516556,0.6864603757858276,0.6857982873916626,-0.036793239414691925,0.7253790497779846,0.6352847814559937,-0.03878270089626312,0.7305282950401306,0.5355792045593262,-0.059220485389232635,0.7322502732276917,0.47320666909217834,-0.06366223096847534,0.729465663433075,0.4042968153953552,-0.06239055097103119,I
0.712015688419342,0.8970944881439209,-2.7961877435700444e-07,0.6571957468986511,0.8895756006240845,-0.027467209845781326,0.6121818423271179,0.8327714204788208,-0.048423197120428085,0.6370112895965576,0.7776410579681396,-0.06851490586996078,0.6857563853263855,0.7570732831954956,-0.08268183469772339,0.6122963428497314,0.675256073474884,-0.034423939883708954,0.6035604476928711,0.6084517240524292,-0.06580366939306259,0.6188234090805054,0.6892474889755249,-0.07562535256147385,0.6291549801826477,0.7388929724693298,-0.07813815027475357,0.6505914926528931,0.6517375707626343,-0.03434787690639496,0.6470087766647339,0.5854485630989075,-0.0658855140209198,0.6578184962272644,0.6924976706504822,-0.06295294314622879,0.6571322679519653,0.7233721017837524,-0.05429428070783615,0.6889429688453674,0.6473925113677979,-0.0398726612329483,0.6899484395980835,0.5843145847320557,-0.0679362341761589,0.6914637088775635,0.6742792725563049,-0.05637702718377113,0.686994731426239,0.720947802066803,-0.0417315736413002,0.7247941493988037,0.6539733409881592,-0.04846225678920746,0.729463517665863,0.5554378032684326,-0.0700988844037056,0.7324379682540894,0.49505871534347534,-0.07346002012491226,0.7316251993179321,0.42681950330734253,-0.07174088060855865,I
0.7617309093475342,0.9043265581130981,-3.7617724046867806e-07,0.6959711909294128,0.8957808017730713,-0.025027763098478317,0.6295295357704163,0.7839860320091248,-0.03808194026350975,0.649599552154541,0.6845837831497192,-0.052814751863479614,0.7200798988342285,0.6732001304626465,-0.06154819577932358,0.6311743855476379,0.6184064745903015,-0.0070106456987559795,0.612704336643219,0.5174791216850281,-0.03508979454636574,0.629120409488678,0.6045491099357605,-0.04992316663265228,0.6425883769989014,0.6544825434684753,-0.056785836815834045,0.6701817512512207,0.5881367921829224,-0.00842916127294302,0.6574996113777161,0.4731726050376892,-0.04562188684940338,0.6722103357315063,0.5739601850509644,-0.05407789349555969,0.6813466548919678,0.6322798132896423,-0.04896646738052368,0.7125338315963745,0.577713668346405,-0.015734858810901642,0.7019813060760498,0.4656826853752136,-0.042299918830394745,0.7067276835441589,0.5565073490142822,-0.036756981164216995,0.7092755436897278,0.6266909837722778,-0.023293225094676018,0.7530293464660645,0.5793732404708862,-0.026868026703596115,0.7483996748924255,0.45942503213882446,-0.0383915938436985,0.741432249546051,0.38490569591522217,-0.0404408797621727,0.7321609258651733,0.3094906508922577,-0.038478951901197433,I
0.7531926035881042,0.8768552541732788,-3.18797219733824e-07,0.6885023713111877,0.8463432788848877,-0.016940908506512642,0.633027970790863,0.7329280376434326,-0.02779662236571312,0.6387749910354614,0.6420006155967712,-0.0422295406460762,0.692790150642395,0.6431325078010559,-0.05201008543372154,0.6528603434562683,0.5849619507789612,0.0009613191359676421,0.6405888199806213,0.47563794255256653,-0.024703964591026306,0.6372491121292114,0.5406171083450317,-0.03661460056900978,0.6431695222854614,0.595500648021698,-0.040649350732564926,0.6893408894538879,0.5661959648132324,-0.004250961355865002,0.6797429919242859,0.4494779109954834,-0.042532335966825485,0.6754655838012695,0.541780412197113,-0.05271560698747635,0.6822842955589294,0.6102286577224731,-0.04774339124560356,0.7288612127304077,0.5620307922363281,-0.014360201545059681,0.7186853885650635,0.4471532106399536,-0.04331325739622116,0.7086966037750244,0.5359657406806946,-0.03928085416555405,0.7076218128204346,0.6102811098098755,-0.02553883008658886,0.7670758366584778,0.5694898962974548,-0.027236662805080414,0.7711600661277771,0.4544207453727722,-0.03938246890902519,0.76730877161026,0.3789231777191162,-0.041100356727838516,0.7641180157661438,0.30349403619766235,-0.03846501559019089,I
0.7287912964820862,0.848683774471283,-3.231893401789421e-07,0.671255886554718,0.8270615935325623,-0.02217664197087288,0.6250893473625183,0.7223575711250305,-0.03437839448451996,0.644156277179718,0.6352092623710632,-0.04840216040611267,0.6944416761398315,0.6105077266693115,-0.057923395186662674,0.6275811791419983,0.601945698261261,-0.006142068654298782,0.6145356297492981,0.5017603635787964,-0.03185420110821724,0.6337429881095886,0.5692508816719055,-0.046775270253419876,0.6457529067993164,0.6233004331588745,-0.05263550952076912,0.6644267439842224,0.5735958218574524,-0.0077183060348033905,0.6572775840759277,0.46076804399490356,-0.03884834051132202,0.6737732291221619,0.5432708263397217,-0.05035528540611267,0.678017258644104,0.6031560301780701,-0.0487297959625721,0.7016081809997559,0.5628756284713745,-0.014188375324010849,0.695854902267456,0.45621341466903687,-0.03616763651371002,0.7037137150764465,0.5216414332389832,-0.03595869988203049,0.7040507793426514,0.5794225335121155,-0.027591204270720482,0.7354808449745178,0.5646674036979675,-0.023689962923526764,0.732601523399353,0.4622904062271118,-0.03131480887532234,0.7310734391212463,0.3977428078651428,-0.0326990932226181,0.7244163751602173,0.3354209363460541,-0.031210320070385933,I
0.7487772107124329,0.8505756855010986,-2.4326493530679727e-07,0.6933143138885498,0.8287771344184875,-0.021902374923229218,0.6483234167098999,0.7478101849555969,-0.03611576184630394,0.6571886539459229,0.6748799085617065,-0.05199659615755081,0.6987486481666565,0.6411532163619995,-0.06342453509569168,0.6463572382926941,0.6168989539146423,-0.007003186736255884,0.6332298517227173,0.5300709009170532,-0.030760549008846283,0.6487922072410583,0.5843577980995178,-0.04285123944282532,0.6577961444854736,0.6317206621170044,-0.04628615826368332,0.6797106266021729,0.5871448516845703,-0.008443331345915794,0.671959638595581,0.4877912104129791,-0.03725133091211319,0.68915194272995,0.5638585686683655,-0.0469629131257534,0.6926379799842834,0.6167051196098328,-0.04410552605986595,0.7146624326705933,0.5732834339141846,-0.014291034080088139,0.7078858613967896,0.47970592975616455,-0.03664080426096916,0.7190374135971069,0.5434070825576782,-0.03547011688351631,0.7208080887794495,0.5967777371406555,-0.025778446346521378,0.7477442622184753,0.5731436610221863,-0.022724809125065804,0.7434741854667664,0.47559279203414917,-0.03054759092628956,0.7418004274368286,0.41626524925231934,-0.029866566881537437,0.7338849902153015,0.3588218092918396,-0.025924688205122948,I
0.6993958353996277,0.9263654947280884,6.3540881001245e-07,0.6541527509689331,0.8534290790557861,-0.01766563579440117,0.6366246938705444,0.7383628487586975,-0.018597926944494247,0.6471759080886841,0.637042760848999,-0.021076427772641182,0.653887927532196,0.563487708568573,-0.020929327234625816,0.6309118270874023,0.6792594194412231,0.010573937557637691,0.613096296787262,0.5672922134399414,-0.001041994895786047,0.604658842086792,0.49940815567970276,-0.00913717970252037,0.5998741984367371,0.43625420331954956,-0.015351501293480396,0.6670868396759033,0.6739248633384705,0.00791198294609785,0.6730489134788513,0.5554950833320618,-0.014653128571808338,0.6843470335006714,0.47731584310531616,-0.03172602877020836,0.6980871558189392,0.4085789918899536,-0.04037618637084961,0.7002950310707092,0.6952359080314636,0.0015681339427828789,0.7091503143310547,0.6259768009185791,-0.033625442534685135,0.7032574415206909,0.716471791267395,-0.03548905625939369,0.7010605335235596,0.7820314764976501,-0.025806041434407234,0.7302731275558472,0.725242555141449,-0.0061621456407010555,0.7285720109939575,0.6901340484619141,-0.03582495450973511,0.720547080039978,0.7547109723091125,-0.034987639635801315,0.7166116237640381,0.7996371984481812,-0.026882203295826912,K
0.7055379152297974,0.9295008182525635,6.340670211102406e-07,0.6601505875587463,0.8625006675720215,-0.018861528486013412,0.6397775411605835,0.7484161257743835,-0.022532228380441666,0.6443873047828674,0.6433959007263184,-0.027062689885497093,0.6485068798065186,0.5666096210479736,-0.028727199882268906,0.6346389651298523,0.690035343170166,0.002422595862299204,0.6119951009750366,0.5752665996551514,-0.0101986238732934,0.6019176244735718,0.5068851113319397,-0.017607251182198524,0.5961355566978455,0.443855881690979,-0.023342814296483994,0.6714302897453308,0.6833482980728149,8.999866258818656e-05,0.6758566498756409,0.5586520433425903,-0.023267265409231186,0.6852473616600037,0.4793911576271057,-0.03945671021938324,0.6973022818565369,0.4092474579811096,-0.047876887023448944,0.7046586275100708,0.7029187679290771,-0.005245095584541559,0.7123956680297852,0.6261609196662903,-0.039474472403526306,0.7068700194358826,0.7162870168685913,-0.03841947019100189,0.7047401070594788,0.7824007272720337,-0.02754206396639347,0.734864354133606,0.7321464419364929,-0.012041979469358921,0.7306126952171326,0.6967282891273499,-0.0415751114487648,0.723138153553009,0.7632509469985962,-0.03953685238957405,0.7194257974624634,0.8102496266365051,-0.030737895518541336,K
0.7219760417938232,0.9524444341659546,5.744946065533441e-07,0.6704394817352295,0.8948010206222534,-0.014638140797615051,0.6511410474777222,0.7693267464637756,-0.016261039301753044,0.6633802652359009,0.6591897010803223,-0.019704695791006088,0.6714141964912415,0.5819182395935059,-0.021182356402277946,0.6556975841522217,0.707665205001831,0.003758097067475319,0.632986843585968,0.5865309238433838,-0.007182009052485228,0.6219099760055542,0.5191619396209717,-0.012135225348174572,0.6143665909767151,0.4569920599460602,-0.015552639961242676,0.6930618286132812,0.7004950046539307,-0.0008043564739637077,0.6939855813980103,0.5712487697601318,-0.021104266867041588,0.7001897692680359,0.4887342154979706,-0.033889688551425934,0.7103667855262756,0.4140479862689972,-0.03923651576042175,0.7272840142250061,0.7209445238113403,-0.007989940233528614,0.7187070846557617,0.6523537039756775,-0.03966180235147476,0.7132455706596375,0.7512547373771667,-0.03508826717734337,0.7156245708465576,0.8162606954574585,-0.021530088037252426,0.7602051496505737,0.7521685361862183,-0.01636635512113571,0.7407017350196838,0.716853141784668,-0.04238949716091156,0.7329099774360657,0.7919265627861023,-0.03569408878684044,0.7348960638046265,0.8379420042037964,-0.02363576740026474,K
0.7196006178855896,0.9517118334770203,6.415289703909366e-07,0.675707221031189,0.8990315794944763,-0.022396501153707504,0.6510804891586304,0.7815812230110168,-0.029662087559700012,0.6541262865066528,0.6714310050010681,-0.036706119775772095,0.6564928889274597,0.585396945476532,-0.04097007215023041,0.6414446234703064,0.7081150412559509,-0.01032229419797659,0.6214590072631836,0.588647723197937,-0.02748127095401287,0.6114305257797241,0.5211040377616882,-0.03571390360593796,0.6046212911605835,0.45745936036109924,-0.040785107761621475,0.6792628765106201,0.6975720524787903,-0.011941837146878242,0.684218168258667,0.5684528350830078,-0.03857649490237236,0.69334477186203,0.4904860556125641,-0.05325423553586006,0.7050886154174805,0.41776663064956665,-0.05908060446381569,0.7148168087005615,0.713199257850647,-0.016230270266532898,0.7229992747306824,0.6591846942901611,-0.05180324986577034,0.7185930013656616,0.7576274275779724,-0.04745210334658623,0.7172468304634094,0.8196761608123779,-0.0333205983042717,0.747506856918335,0.7384575605392456,-0.022324739024043083,0.7441532015800476,0.7147688269615173,-0.05038068816065788,0.7376924753189087,0.7880118489265442,-0.04436632990837097,0.7336006760597229,0.8313091397285461,-0.03228956088423729,K
0.7508826851844788,0.9264516830444336,7.119148222045624e-07,0.7035635709762573,0.8795083165168762,-0.030449753627181053,0.6702942252159119,0.77978515625,-0.03806082904338837,0.6615732312202454,0.6722714304924011,-0.043781034648418427,0.6526516079902649,0.5876374840736389,-0.04601256921887398,0.6461668014526367,0.7083222270011902,-0.006588301155716181,0.6178580522537231,0.6011254191398621,-0.022166842594742775,0.6024242639541626,0.53706294298172,-0.03144732862710953,0.5901117324829102,0.4749985933303833,-0.037507835775613785,0.6811375021934509,0.6849530339241028,-0.0029640039429068565,0.6728587746620178,0.5609108805656433,-0.02726641297340393,0.6740615963935852,0.479878306388855,-0.04270273447036743,0.6787804365158081,0.40717169642448425,-0.04955066367983818,0.7170301675796509,0.6888047456741333,-0.003668086137622595,0.7317559123039246,0.6275095343589783,-0.04087558388710022,0.7365238070487976,0.7202099561691284,-0.04274998977780342,0.7393928170204163,0.7869856357574463,-0.03226383030414581,0.7503349781036377,0.7047686576843262,-0.006794136483222246,0.7562933564186096,0.6757990121841431,-0.03990957513451576,0.7576077580451965,0.7453919649124146,-0.0407109409570694,0.7562576532363892,0.7956509590148926,-0.03268128260970116,K
0.7380189895629883,0.9132146835327148,6.005565751365793e-07,0.689225971698761,0.8592075705528259,-0.01887623406946659,0.6602431535720825,0.7596367001533508,-0.019309869036078453,0.6560699939727783,0.6640111207962036,-0.01978282257914543,0.6507607698440552,0.5968011021614075,-0.017403673380613327,0.6465644836425781,0.7158927917480469,0.007552008610218763,0.6206866502761841,0.612382173538208,-0.001318678492680192,0.6073237061500549,0.5512214303016663,-0.008240345865488052,0.5974404811859131,0.49433672428131104,-0.013841550797224045,0.6794466376304626,0.6967446208000183,0.008239516988396645,0.6712802052497864,0.5831270813941956,-0.008437884040176868,0.6725595593452454,0.5092243552207947,-0.022476954385638237,0.6763891577720642,0.44417452812194824,-0.030589209869503975,0.7120965123176575,0.7002826929092407,0.005335996393114328,0.7190670371055603,0.6238264441490173,-0.022988243028521538,0.722503662109375,0.7050212025642395,-0.025309303775429726,0.7253146767616272,0.7704378366470337,-0.018483713269233704,0.7423197031021118,0.7141283750534058,0.0007521174848079681,0.7439736723899841,0.6789595484733582,-0.02543012984097004,0.7433175444602966,0.7381220459938049,-0.026787569746375084,0.7426444292068481,0.7841699719429016,-0.021620547398924828,K
0.731879472732544,0.9370362758636475,6.208916829564259e-07,0.6882846355438232,0.8632748126983643,-0.016762077808380127,0.6750309467315674,0.7488215565681458,-0.018148021772503853,0.6874696612358093,0.6487975120544434,-0.021367663517594337,0.6964342594146729,0.5752702951431274,-0.022425057366490364,0.6765260696411133,0.6941778659820557,0.010063685476779938,0.6642332077026367,0.5820019245147705,-0.0012503168545663357,0.6603769063949585,0.512638509273529,-0.008687781170010567,0.6603374481201172,0.44851019978523254,-0.01389877125620842,0.7119983434677124,0.694366455078125,0.006713178940117359,0.7199331521987915,0.5753422975540161,-0.013846440240740776,0.7311185002326965,0.4968552887439728,-0.02855142205953598,0.7448216676712036,0.42898672819137573,-0.03542933613061905,0.7440858483314514,0.7186489701271057,-0.00032046178239397705,0.7532169222831726,0.6434159874916077,-0.035159606486558914,0.7434893846511841,0.7305952310562134,-0.036079660058021545,0.7388427257537842,0.7976195216178894,-0.02528354525566101,0.7724892497062683,0.7517505884170532,-0.008498573675751686,0.7715323567390442,0.7022577524185181,-0.037446144968271255,0.761015772819519,0.7649321556091309,-0.03481940180063248,0.7551779747009277,0.8140573501586914,-0.025214901193976402,K
0.7260628342628479,0.9481557011604309,6.388597739714896e-07,0.6841465830802917,0.8747832179069519,-0.017438039183616638,0.6700853109359741,0.7593731880187988,-0.020645255222916603,0.6796769499778748,0.6578696370124817,-0.025302983820438385,0.6866165399551392,0.5818011164665222,-0.027214832603931427,0.6683575510978699,0.6935349106788635,0.004991611465811729,0.6559799909591675,0.578211784362793,-0.007917591370642185,0.6517885327339172,0.5093721151351929,-0.015800001099705696,0.6508248448371887,0.4467780590057373,-0.02134852483868599,0.7050848007202148,0.6959134340286255,0.0011833786265924573,0.7164832949638367,0.5743774175643921,-0.021787602454423904,0.7298930883407593,0.49746888875961304,-0.03740224242210388,0.7452917098999023,0.4316259026527405,-0.04483471065759659,0.7376952171325684,0.72349613904953,-0.005854908376932144,0.7495633959770203,0.6563881039619446,-0.04060817137360573,0.7382410764694214,0.7433356642723083,-0.04016243293881416,0.7317598462104797,0.8069909811019897,-0.028995679691433907,0.7664344310760498,0.7595982551574707,-0.014216913841664791,0.7664632201194763,0.7204844355583191,-0.04281092807650566,0.7540007829666138,0.7847824096679688,-0.03964224457740784,0.7459225654602051,0.8311182260513306,-0.02990606799721718,K
0.7288169860839844,0.9492377042770386,5.784721111012914e-07,0.6850922107696533,0.8886871337890625,-0.01881677284836769,0.6618837118148804,0.7702187299728394,-0.0211725365370512,0.6623077988624573,0.6676664352416992,-0.02401852048933506,0.6591914296150208,0.5923754572868347,-0.02397119253873825,0.6520279049873352,0.7138243913650513,-0.001527919783256948,0.6286179423332214,0.6038273572921753,-0.015447461046278477,0.6176126003265381,0.5357674956321716,-0.022196585312485695,0.6100624799728394,0.47237062454223633,-0.026871509850025177,0.6877695322036743,0.7029902935028076,-0.003932299558073282,0.6903119683265686,0.5841153860092163,-0.027877382934093475,0.7003949284553528,0.507007896900177,-0.04144652932882309,0.7118180990219116,0.43610087037086487,-0.0470210425555706,0.7217856645584106,0.718556821346283,-0.009427784942090511,0.7300790548324585,0.6529527902603149,-0.04398338124155998,0.728556752204895,0.7451919317245483,-0.0402141809463501,0.7277486324310303,0.805171012878418,-0.026720380410552025,0.7547844052314758,0.7467718720436096,-0.016406279057264328,0.7520897388458252,0.7090103030204773,-0.0439956858754158,0.7468005418777466,0.7781674861907959,-0.03891310095787048,0.7443577647209167,0.8206073045730591,-0.027970537543296814,K
0.7230464816093445,0.9630186557769775,5.770525604020804e-07,0.6764383912086487,0.9133504629135132,-0.017369473353028297,0.6453417539596558,0.7975532412528992,-0.019374053925275803,0.6399121284484863,0.6951079964637756,-0.023020219057798386,0.6443489193916321,0.6298918128013611,-0.02431081421673298,0.6344245076179504,0.7251423001289368,0.00013563477841671556,0.6078453660011292,0.6154548525810242,-0.012641902081668377,0.5938045382499695,0.5545597076416016,-0.01868167147040367,0.5825531482696533,0.4975191652774811,-0.02308235876262188,0.6698287129402161,0.7119489908218384,-0.003494630102068186,0.6667091250419617,0.5940737724304199,-0.02768659219145775,0.6701164841651917,0.5169399976730347,-0.04193997383117676,0.6771931052207947,0.4482528567314148,-0.0476059652864933,0.7047787308692932,0.7279717922210693,-0.009912485256791115,0.7054208517074585,0.6706206202507019,-0.04455377161502838,0.7065475583076477,0.7656568288803101,-0.042879264801740646,0.710204541683197,0.8267496228218079,-0.03055230714380741,0.7382954359054565,0.7541295886039734,-0.017745550721883774,0.7317711114883423,0.7297261953353882,-0.04536646604537964,0.7277525663375854,0.7997717261314392,-0.041954778134822845,0.7273697257041931,0.8422052264213562,-0.032038480043411255,K
0.7242727279663086,0.9579777121543884,5.963775038253516e-07,0.6755735874176025,0.9039413928985596,-0.01723068207502365,0.6454963684082031,0.7910812497138977,-0.020586209371685982,0.6423582434654236,0.6880302429199219,-0.025612372905015945,0.6518018245697021,0.6146072745323181,-0.027683310210704803,0.6396538019180298,0.7227165102958679,0.0022916030138731003,0.6116253137588501,0.6115469932556152,-0.010120131075382233,0.597383439540863,0.5494194030761719,-0.016195077449083328,0.5865483283996582,0.49245989322662354,-0.020672956481575966,0.6747126579284668,0.7092423439025879,-0.0010564051335677505,0.6712956428527832,0.5899575352668762,-0.024683697149157524,0.6751139760017395,0.5114645957946777,-0.03974238783121109,0.6833506226539612,0.44344809651374817,-0.04635131359100342,0.7081949710845947,0.7244693040847778,-0.007224702276289463,0.7081390023231506,0.6648412346839905,-0.039500992745161057,0.7088797688484192,0.7583113312721252,-0.03675943613052368,0.7127619385719299,0.8206596970558167,-0.024345586076378822,0.7400344610214233,0.748386025428772,-0.015039226971566677,0.7333076596260071,0.724819540977478,-0.040615446865558624,0.7299428582191467,0.792989194393158,-0.03682779520750046,0.7306650876998901,0.8354288339614868,-0.02692415751516819,K
0.7264341115951538,0.9597488641738892,6.03481112193549e-07,0.6777209043502808,0.9099465608596802,-0.019424153491854668,0.6510603427886963,0.7965123653411865,-0.023900846019387245,0.651871919631958,0.6891047954559326,-0.028671134263277054,0.6484663486480713,0.6098863482475281,-0.030580587685108185,0.6420678496360779,0.7301146984100342,-0.004089235793799162,0.6126196384429932,0.6171348094940186,-0.0182307381182909,0.5973841547966003,0.5538938045501709,-0.02518632635474205,0.5853875279426575,0.4935123324394226,-0.030190037563443184,0.6776716709136963,0.7142316699028015,-0.006461584474891424,0.6748659610748291,0.5901312828063965,-0.031007427722215652,0.6811684966087341,0.5125698447227478,-0.04509403556585312,0.6904451251029968,0.44015464186668396,-0.05101020261645317,0.7116155624389648,0.72690749168396,-0.011504478752613068,0.7130609154701233,0.6620659828186035,-0.04538886249065399,0.7133525013923645,0.7583818435668945,-0.0410182848572731,0.7158055305480957,0.8199549913406372,-0.02755817584693432,0.7435599565505981,0.7503147125244141,-0.01828177459537983,0.7376471161842346,0.7246081233024597,-0.04672854021191597,0.733417809009552,0.7945260405540466,-0.04228728637099266,0.7316981554031372,0.8354930877685547,-0.031515415757894516,K
0.72755366563797,0.9608159065246582,6.267734420362103e-07,0.6799935698509216,0.9112234711647034,-0.019009502604603767,0.6552584767341614,0.7978227138519287,-0.023597022518515587,0.6566489338874817,0.69390869140625,-0.028705742210149765,0.6487746238708496,0.6168342232704163,-0.031112857162952423,0.6428954005241394,0.7294794917106628,-0.004923520144075155,0.6129347085952759,0.6220985651016235,-0.020228369161486626,0.596331775188446,0.5601394176483154,-0.027715807780623436,0.583715558052063,0.5010634064674377,-0.03275103494524956,0.6792855262756348,0.7134993672370911,-0.008300897665321827,0.6792673468589783,0.5891504883766174,-0.03400266543030739,0.6857967972755432,0.5117474794387817,-0.04862743616104126,0.6949653625488281,0.4392354488372803,-0.05430645868182182,0.7138944864273071,0.727029025554657,-0.014283953234553337,0.7177058458328247,0.6665375232696533,-0.049226172268390656,0.7169315218925476,0.763152539730072,-0.04487377405166626,0.7181553244590759,0.8219313025474548,-0.030934834852814674,0.746056318283081,0.7520192861557007,-0.02188085950911045,0.7411816120147705,0.7278717160224915,-0.050066351890563965,0.7370918393135071,0.799902617931366,-0.04427088424563408,0.734990119934082,0.839999258518219,-0.032278962433338165,K
0.7281830906867981,0.9570428133010864,5.612695304080262e-07,0.6826701164245605,0.9043982625007629,-0.019558297470211983,0.6536851525306702,0.7896021604537964,-0.0224186759442091,0.6478986144065857,0.6848089098930359,-0.025232091546058655,0.6441038250923157,0.6071785092353821,-0.025380529463291168,0.6442679166793823,0.742719292640686,-0.0028371980879455805,0.6160858273506165,0.6316284537315369,-0.015496724285185337,0.6017135977745056,0.5691208243370056,-0.021232817322015762,0.5909003019332886,0.5090684294700623,-0.025047749280929565,0.6783577799797058,0.7274301648139954,-0.003948930650949478,0.673469603061676,0.6098952889442444,-0.02586088329553604,0.6761178970336914,0.5344942808151245,-0.03805288299918175,0.6814320087432861,0.46256086230278015,-0.042975861579179764,0.7119507193565369,0.7371084690093994,-0.008091636002063751,0.715876579284668,0.6718566417694092,-0.04149961099028587,0.7181239724159241,0.7655379772186279,-0.03869989514350891,0.7210690975189209,0.8274718523025513,-0.02620871737599373,0.74403977394104,0.7572339773178101,-0.013717922382056713,0.7404752969741821,0.72499018907547,-0.04200626537203789,0.7383816242218018,0.7944638729095459,-0.03881140798330307,0.7381373643875122,0.836802065372467,-0.029173079878091812,K
0.7281970977783203,0.9458398818969727,5.376477929530665e-07,0.6833611130714417,0.8917394876480103,-0.019372645765542984,0.6549729108810425,0.7773587107658386,-0.020276326686143875,0.6490018367767334,0.6747410297393799,-0.021351540461182594,0.6418354511260986,0.6003530621528625,-0.020163629204034805,0.6433305740356445,0.7381366491317749,0.0025075527373701334,0.618493378162384,0.6365598440170288,-0.009040573611855507,0.6061189770698547,0.5768767595291138,-0.015214424580335617,0.5965052247047424,0.5190219879150391,-0.01930692419409752,0.6770854592323303,0.7245102524757385,0.002142293844372034,0.6730620265007019,0.6159029603004456,-0.018274866044521332,0.6754118204116821,0.5460489988327026,-0.030389508232474327,0.6796901226043701,0.48004651069641113,-0.035264648497104645,0.711033046245575,0.7337586879730225,-0.001810174435377121,0.7143611907958984,0.6700412034988403,-0.03524806350469589,0.718262255191803,0.759364664554596,-0.03476197272539139,0.7219251394271851,0.8200852870941162,-0.023650415241718292,0.7431042194366455,0.7516863942146301,-0.007105473428964615,0.7383922338485718,0.7179948091506958,-0.035185351967811584,0.7368021011352539,0.7858777046203613,-0.03309725224971771,0.736792802810669,0.8289941549301147,-0.024317167699337006,K
0.7365584969520569,0.968270480632782,6.573868631676305e-07,0.6931461691856384,0.9188472032546997,-0.026193615049123764,0.6650224924087524,0.8070050477981567,-0.034609608352184296,0.6620386242866516,0.6987005472183228,-0.042777031660079956,0.6682534217834473,0.6148486137390137,-0.04724840819835663,0.654852569103241,0.7174928784370422,-0.008160806261003017,0.6264734864234924,0.6054935455322266,-0.02367398701608181,0.6124287843704224,0.5369603633880615,-0.03176398575305939,0.6026867628097534,0.47350382804870605,-0.03810092806816101,0.6931957602500916,0.7035682201385498,-0.008917923085391521,0.6961323618888855,0.5759533643722534,-0.03432491049170494,0.7069664597511292,0.4941892623901367,-0.04995027929544449,0.71866774559021,0.4245481491088867,-0.05756758153438568,0.7281229496002197,0.7212985157966614,-0.013328837230801582,0.7411485910415649,0.6511383056640625,-0.05104406177997589,0.7391991019248962,0.7427511811256409,-0.05102274566888809,0.7363510131835938,0.810499906539917,-0.04013391584157944,0.760865330696106,0.7531444430351257,-0.0197888296097517,0.767629086971283,0.7210157513618469,-0.05326339974999428,0.7606759071350098,0.78924560546875,-0.05361998826265335,0.7522513270378113,0.8414825201034546,-0.04593333229422569,K
0.7340759634971619,0.9606037139892578,6.635621616624121e-07,0.6918977499008179,0.90381920337677,-0.02526266872882843,0.6640596985816956,0.7912092804908752,-0.03270094841718674,0.6573182940483093,0.6854698657989502,-0.039832763373851776,0.6602380275726318,0.6006665825843811,-0.043458402156829834,0.6529457569122314,0.7065134644508362,-0.005566960200667381,0.626175045967102,0.5975319147109985,-0.0202315840870142,0.6120425462722778,0.5317329168319702,-0.027852894738316536,0.6022565960884094,0.4705182611942291,-0.03337834030389786,0.6901317238807678,0.6964226365089417,-0.005784052424132824,0.6947515606880188,0.5714521408081055,-0.030011078342795372,0.705777645111084,0.49241262674331665,-0.044776786118745804,0.7187691926956177,0.4255085289478302,-0.051258329302072525,0.724412739276886,0.7167839407920837,-0.009579753503203392,0.7364959120750427,0.6551221609115601,-0.045881178230047226,0.7323551774024963,0.7468938827514648,-0.046380139887332916,0.7292299270629883,0.8138924837112427,-0.0356668122112751,0.7559090852737427,0.7487694621086121,-0.015258424915373325,0.7592943906784058,0.7224892973899841,-0.047049492597579956,0.7509725689888,0.7925366163253784,-0.04691707342863083,0.7430623173713684,0.8443583846092224,-0.03873314708471298,K
0.7363778352737427,0.9599413871765137,6.617149779231113e-07,0.6902700066566467,0.9071475267410278,-0.023355795070528984,0.6650641560554504,0.7930800914764404,-0.029873738065361977,0.6623373031616211,0.6852715015411377,-0.035990726202726364,0.6526089906692505,0.6045593619346619,-0.03886279836297035,0.6512405872344971,0.711611807346344,-0.008493132889270782,0.6242685317993164,0.6028954982757568,-0.023838544264435768,0.6094424724578857,0.5375400185585022,-0.032153137028217316,0.5985325574874878,0.47432661056518555,-0.03837570920586586,0.6894105672836304,0.7002477049827576,-0.009768463671207428,0.6940938234329224,0.5750623345375061,-0.034871235489845276,0.7042876482009888,0.49526655673980713,-0.04980595409870148,0.7162394523620605,0.4247097671031952,-0.05685565620660782,0.7247622609138489,0.7183884382247925,-0.014056776650249958,0.7372128963470459,0.6550183296203613,-0.050504229962825775,0.7324884533882141,0.7496501207351685,-0.04934611916542053,0.7289618253707886,0.8174302577972412,-0.037945397198200226,0.7570358514785767,0.7486377358436584,-0.020181434229016304,0.7604392170906067,0.722109317779541,-0.052613262087106705,0.7521375417709351,0.7931098937988281,-0.051499415189027786,0.7440685629844666,0.8441858291625977,-0.04270206391811371,K
0.7331104874610901,0.9519658088684082,6.435237196456001e-07,0.6881120204925537,0.8998550176620483,-0.023058202117681503,0.6614741086959839,0.7871748208999634,-0.029467716813087463,0.6599522829055786,0.6814862489700317,-0.0355866402387619,0.6575415730476379,0.6002222895622253,-0.038516975939273834,0.6488920450210571,0.7157226204872131,-0.007935202680528164,0.6241399645805359,0.6004549264907837,-0.02334103174507618,0.6115185618400574,0.534705400466919,-0.03089955821633339,0.6022655367851257,0.47325611114501953,-0.03586588799953461,0.6848711967468262,0.7049513459205627,-0.008835380896925926,0.686086893081665,0.579835057258606,-0.03423915430903435,0.6934356093406677,0.501728892326355,-0.04838594049215317,0.7036468386650085,0.4325096607208252,-0.05416504293680191,0.7192317843437195,0.7205619215965271,-0.012763440608978271,0.7273837924003601,0.6593754291534424,-0.048081330955028534,0.7254559993743896,0.7544253468513489,-0.04522419348359108,0.7252867221832275,0.8176960945129395,-0.03238959237933159,0.7511107921600342,0.7457359433174133,-0.018573153764009476,0.7503146529197693,0.7190542817115784,-0.04767788201570511,0.744926929473877,0.7901415824890137,-0.04398423060774803,0.7411640882492065,0.8349709510803223,-0.033630333840847015,K
0.726119875907898,0.9560508728027344,6.200970119607518e-07,0.6842747330665588,0.898128092288971,-0.02280419133603573,0.6563147306442261,0.7839512825012207,-0.02827639691531658,0.6477729082107544,0.6819013357162476,-0.03406326100230217,0.6504009962081909,0.6017096638679504,-0.036443453282117844,0.6465034484863281,0.7056541442871094,-0.002168887061998248,0.6224328875541687,0.5988539457321167,-0.01690889708697796,0.6087974905967712,0.5362160205841064,-0.024161286652088165,0.5985060930252075,0.47837671637535095,-0.028676336631178856,0.6831673979759216,0.6977658867835999,-0.002832141937687993,0.6868807673454285,0.5807547569274902,-0.02820879966020584,0.6950092315673828,0.5046213865280151,-0.043603409081697464,0.7059940099716187,0.43778765201568604,-0.049423616379499435,0.7173250317573547,0.7169912457466125,-0.006876303348690271,0.7257286310195923,0.6755954623222351,-0.04213111475110054,0.7226472496986389,0.7656431198120117,-0.041707754135131836,0.7220220565795898,0.8248113393783569,-0.029577260836958885,0.7490151524543762,0.7436081767082214,-0.012694204226136208,0.7481245994567871,0.7269963622093201,-0.03990313783288002,0.741112232208252,0.7970424890518188,-0.03680974990129471,0.7368297576904297,0.8416781425476074,-0.0266290083527565,K
0.7507228851318359,0.9629136919975281,6.138691901469429e-07,0.7025911808013916,0.9043499231338501,-0.019475605338811874,0.680050253868103,0.7827301621437073,-0.023566490039229393,0.6844109892845154,0.675459623336792,-0.02885321155190468,0.6915149092674255,0.5941213965415955,-0.03152969107031822,0.6796777248382568,0.7102482914924622,7.274153176695108e-05,0.6579452753067017,0.5911577343940735,-0.013059097342193127,0.6472713351249695,0.5234203934669495,-0.019255725666880608,0.640220582485199,0.4608273208141327,-0.022803768515586853,0.7165493965148926,0.706561803817749,-0.0023336492013186216,0.71937096118927,0.5801870226860046,-0.025105448439717293,0.7272893190383911,0.4983747601509094,-0.0389452800154686,0.7399969696998596,0.4281744360923767,-0.04394446685910225,0.7503623366355896,0.7278523445129395,-0.007851660251617432,0.7468603849411011,0.676918625831604,-0.041825830936431885,0.7406225204467773,0.7725581526756287,-0.03978288173675537,0.7420854568481445,0.8365893363952637,-0.026540033519268036,0.7819788455963135,0.7554924488067627,-0.014930186793208122,0.7694061994552612,0.7266152501106262,-0.04153435304760933,0.7612156271934509,0.8013173341751099,-0.036069490015506744,0.7607002258300781,0.8505868911743164,-0.02407907135784626,K
0.7559136748313904,0.9570342302322388,7.077318286974332e-07,0.7091692686080933,0.9028966426849365,-0.029091082513332367,0.6799041628837585,0.7989809513092041,-0.03639555349946022,0.6768512725830078,0.6910561919212341,-0.042220938950777054,0.670253574848175,0.6080067157745361,-0.044570472091436386,0.6582543253898621,0.730409562587738,-0.004982292652130127,0.6278278231620789,0.6211633086204529,-0.01956304721534252,0.6133730411529541,0.5579137802124023,-0.028389500454068184,0.6020339727401733,0.49625518918037415,-0.03443096950650215,0.6941991448402405,0.7111307382583618,-0.0016304684104397893,0.6895518898963928,0.5871858596801758,-0.02461981400847435,0.6959351897239685,0.5085967779159546,-0.03830762580037117,0.7046191096305847,0.4378255605697632,-0.04402800276875496,0.7294007539749146,0.7202234268188477,-0.002639243146404624,0.7386364340782166,0.6544373035430908,-0.03792886808514595,0.7429306507110596,0.7500820755958557,-0.036584340035915375,0.7461745738983154,0.8153030276298523,-0.024472640827298164,0.7622104287147522,0.7422311902046204,-0.006162094417959452,0.7652899026870728,0.7093212604522705,-0.03745042160153389,0.7637619376182556,0.7809182405471802,-0.03596426919102669,0.76146399974823,0.8285645246505737,-0.026635348796844482,K
0.7492771148681641,0.9682823419570923,7.094755005709885e-07,0.708172619342804,0.9170177578926086,-0.029469121247529984,0.6816185116767883,0.817061185836792,-0.03864626958966255,0.681427538394928,0.7114874124526978,-0.04586523398756981,0.6771040558815002,0.6230304837226868,-0.0499298982322216,0.6587305665016174,0.7321619987487793,-0.012209693901240826,0.6345784068107605,0.6297569274902344,-0.028270013630390167,0.6227433681488037,0.5668975710868835,-0.036756280809640884,0.6136444211006165,0.5051493048667908,-0.04171004518866539,0.6965994834899902,0.7162633538246155,-0.008680583909153938,0.7041202187538147,0.5990785360336304,-0.030689844861626625,0.7136101722717285,0.5214532017707825,-0.04332538694143295,0.7244150638580322,0.4505828320980072,-0.04793694242835045,0.7325267195701599,0.7295522093772888,-0.009196552447974682,0.7553103566169739,0.7034127712249756,-0.04225974529981613,0.7505672574043274,0.791061520576477,-0.04428231716156006,0.7455254793167114,0.8479312062263489,-0.034680452197790146,0.7643718719482422,0.7550644278526306,-0.01203503180295229,0.7759981751441956,0.745021402835846,-0.039780691266059875,0.7669360041618347,0.8119564652442932,-0.039597414433956146,0.7558696866035461,0.8567151427268982,-0.03173791617155075,K
0.7345719933509827,0.8672236800193787,5.253208428257494e-07,0.6864432692527771,0.818550705909729,-0.01400712039321661,0.6594816446304321,0.7236518859863281,-0.013015211559832096,0.6592836976051331,0.6339392066001892,-0.013418223708868027,0.6585108637809753,0.5717469453811646,-0.011917348019778728,0.6510708332061768,0.6846892237663269,0.012209058739244938,0.6257947087287903,0.5902847647666931,0.0055003841407597065,0.6150503754615784,0.5343945026397705,-0.00013783096801489592,0.6069300770759583,0.48148757219314575,-0.005176624748855829,0.6807027459144592,0.6639681458473206,0.010342813096940517,0.6746037602424622,0.5588902235031128,-0.0039016148075461388,0.6789282560348511,0.4913814663887024,-0.016084562987089157,0.684108316898346,0.43105772137641907,-0.02295764535665512,0.7109138369560242,0.6667183637619019,0.005166968330740929,0.71073317527771,0.5886674523353577,-0.02102140709757805,0.7162894010543823,0.6646409630775452,-0.021954858675599098,0.7207750082015991,0.7239428758621216,-0.014735383912920952,0.7411909103393555,0.6807349324226379,-0.0012563092168420553,0.737515389919281,0.6367772221565247,-0.02501073107123375,0.7383347153663635,0.6926731467247009,-0.02416432648897171,0.7396734952926636,0.7368698716163635,-0.01804598607122898,K
0.7203464508056641,0.8352824449539185,5.33586671735975e-07,0.6756953001022339,0.7799357175827026,-0.012638729996979237,0.6582100987434387,0.6739542484283447,-0.013368337415158749,0.6662455201148987,0.5820688009262085,-0.016020920127630234,0.6727209687232971,0.516435980796814,-0.017118683084845543,0.6606038212776184,0.6261053681373596,0.006557614542543888,0.6436346173286438,0.5260235667228699,-0.0037416857667267323,0.637784481048584,0.4637294411659241,-0.009747040458023548,0.6348512172698975,0.40621864795684814,-0.014218795113265514,0.6914869546890259,0.6178361773490906,0.0021281333174556494,0.6935794353485107,0.5049100518226624,-0.01557969767600298,0.7024237513542175,0.4337840974330902,-0.027376478537917137,0.7134338617324829,0.3726453483104706,-0.03272862732410431,0.7210191488265991,0.6329622268676758,-0.005044631659984589,0.7213059663772583,0.5586509108543396,-0.03475227579474449,0.7170611023902893,0.6399056315422058,-0.03292784467339516,0.7169045805931091,0.700421929359436,-0.022029032930731773,0.7491891384124756,0.6586427688598633,-0.013162923976778984,0.7410176396369934,0.6162320375442505,-0.03822246938943863,0.7346922159194946,0.675925076007843,-0.034428201615810394,0.732633113861084,0.7208365797996521,-0.02506006322801113,K
0.752590537071228,0.8779370784759521,7.359428195741202e-07,0.7115662693977356,0.8189709186553955,-0.029456347227096558,0.6854361295700073,0.7177267670631409,-0.03836705535650253,0.6832226514816284,0.6131216883659363,-0.045866239815950394,0.6761791706085205,0.5282758474349976,-0.04991038143634796,0.6609607934951782,0.6445701718330383,-0.008145304396748543,0.6387492418289185,0.5336408615112305,-0.02463621087372303,0.6278308033943176,0.4667041301727295,-0.0345076285302639,0.6202844977378845,0.4020571708679199,-0.040856678038835526,0.6989534497261047,0.6302008628845215,-0.005270392633974552,0.7021020650863647,0.5080559849739075,-0.030866025015711784,0.71028071641922,0.4273163974285126,-0.04690587520599365,0.7207877039909363,0.35585111379623413,-0.05390172079205513,0.7362233400344849,0.642823338508606,-0.006322968285530806,0.7509826421737671,0.5842319130897522,-0.04471426457166672,0.7514864802360535,0.6742508411407471,-0.04635273292660713,0.7524061799049377,0.7408980131149292,-0.0352848581969738,0.769108235836029,0.6660618185997009,-0.009523870423436165,0.7761412262916565,0.6334372162818909,-0.04347837343811989,0.773716390132904,0.698925256729126,-0.0435650534927845,0.7705291509628296,0.7488094568252563,-0.034452155232429504,K
0.8073700070381165,0.9770287275314331,7.741268177596794e-07,0.7596961259841919,0.9004138112068176,-0.02348611317574978,0.740589439868927,0.7759058475494385,-0.030886413529515266,0.7514952421188354,0.6641786694526672,-0.038890283554792404,0.75893634557724,0.5754697322845459,-0.04377862811088562,0.7334681749343872,0.6948318481445312,-0.004003646317869425,0.721200168132782,0.5657539367675781,-0.02201567217707634,0.716482937335968,0.48975253105163574,-0.03212682157754898,0.716013491153717,0.417387455701828,-0.03851812332868576,0.7760621309280396,0.6947948336601257,-0.006480271928012371,0.7915365099906921,0.561154842376709,-0.035632453858852386,0.8074922561645508,0.47545862197875977,-0.053393155336380005,0.8260961174964905,0.39804941415786743,-0.06075131148099899,0.816174328327179,0.7229989767074585,-0.012335158884525299,0.8297573328018188,0.6670613884925842,-0.05359828472137451,0.8181173801422119,0.7714987993240356,-0.051977552473545074,0.812430202960968,0.8413775563240051,-0.03762655705213547,0.8515730500221252,0.7600802183151245,-0.019912486895918846,0.8524726629257202,0.7276549935340881,-0.05254103243350983,0.8393785953521729,0.8038815259933472,-0.047474101185798645,0.8314774036407471,0.8535395860671997,-0.03469771891832352,K
0.8367072939872742,0.9468598365783691,-1.0970552466460504e-07,0.7732458710670471,0.881622314453125,-0.030108431354165077,0.714624285697937,0.7931551933288574,-0.04714197292923927,0.6568143367767334,0.7237968444824219,-0.06538026034832001,0.6093149781227112,0.6796338558197021,-0.08228658139705658,0.7496691942214966,0.6387897729873657,-0.010791197419166565,0.7380926012992859,0.5040232539176941,-0.035286057740449905,0.7336006164550781,0.42714542150497437,-0.05111644044518471,0.7293325066566467,0.3548049032688141,-0.0633150264620781,0.7942667007446289,0.6461025476455688,-0.012423880398273468,0.8008185625076294,0.5880539417266846,-0.05971909686923027,0.7989066243171692,0.7046085596084595,-0.07160057127475739,0.7922257781028748,0.7575658559799194,-0.06839307397603989,0.8380088806152344,0.6701720952987671,-0.018880072981119156,0.8444626927375793,0.6275134086608887,-0.0665549784898758,0.8343305587768555,0.7373616695404053,-0.05847164988517761,0.8228395581245422,0.7811076641082764,-0.04016120359301567,0.8757030963897705,0.7035292983055115,-0.02767803892493248,0.8843576908111572,0.658549964427948,-0.05540258437395096,0.8694623112678528,0.730324923992157,-0.04516875371336937,0.8587526679039001,0.7631456851959229,-0.030217869207262993,L
0.824629545211792,0.9447020292282104,-9.915633825130499e-08,0.765188455581665,0.8842359781265259,-0.030919354408979416,0.7066704630851746,0.7866547703742981,-0.04829012602567673,0.6514798998832703,0.7166690826416016,-0.06641370803117752,0.6049338579177856,0.6727582812309265,-0.08352430164813995,0.7465974688529968,0.6368592381477356,-0.015460467897355556,0.7449184656143188,0.5050596594810486,-0.04021301493048668,0.7459791302680969,0.43029356002807617,-0.05466274917125702,0.7466865181922913,0.35922878980636597,-0.06573285907506943,0.7897408604621887,0.6478157639503479,-0.017349848523736,0.7985768914222717,0.5874835848808289,-0.0657103955745697,0.7941819429397583,0.7039505839347839,-0.07650034874677658,0.786948025226593,0.7588852047920227,-0.07162551581859589,0.8318086266517639,0.6750551462173462,-0.02394271083176136,0.8406713008880615,0.6375005841255188,-0.07254086434841156,0.8285833597183228,0.7454738020896912,-0.06476994603872299,0.8161227107048035,0.7866854667663574,-0.04610300064086914,0.8697836399078369,0.7115148305892944,-0.032741978764534,0.8786729574203491,0.6701537370681763,-0.060845229774713516,0.8633995056152344,0.7407565116882324,-0.051254112273454666,0.8513869047164917,0.7708519697189331,-0.036725565791130066,L
0.82981938123703,0.9338170886039734,-1.960747795237694e-07,0.7769135236740112,0.8883553147315979,-0.03170003741979599,0.720477283000946,0.7919173240661621,-0.04727736860513687,0.67197585105896,0.7247588038444519,-0.06257934868335724,0.6291160583496094,0.6805164813995361,-0.07630322873592377,0.7374632358551025,0.6516385078430176,-0.02216954529285431,0.7103546857833862,0.5283940434455872,-0.04960173740983009,0.694541871547699,0.45836013555526733,-0.06322644650936127,0.6819947361946106,0.3900422751903534,-0.07305446267127991,0.7784627079963684,0.650203287601471,-0.023969272151589394,0.7849456667900085,0.5968377590179443,-0.07479159533977509,0.7887668609619141,0.7081724405288696,-0.08367037773132324,0.7865466475486755,0.7585731148719788,-0.07671494036912918,0.8196791410446167,0.6667537689208984,-0.030703604221343994,0.8276311755180359,0.6430885791778564,-0.08122093230485916,0.8221867084503174,0.748746395111084,-0.07329705357551575,0.8141448497772217,0.7781344652175903,-0.0544438436627388,0.8594087362289429,0.6927989721298218,-0.03978778049349785,0.864245593547821,0.666914701461792,-0.0691327378153801,0.8532495498657227,0.7417305707931519,-0.060825414955616,0.8437281847000122,0.7648376226425171,-0.047383278608322144,L
0.8166792392730713,0.9684422016143799,-1.9952042862314556e-07,0.7606691122055054,0.9095796346664429,-0.02942284569144249,0.7093716263771057,0.7957437038421631,-0.043846383690834045,0.664884090423584,0.7134419083595276,-0.05885249003767967,0.6232074499130249,0.6596361398696899,-0.07293718308210373,0.7492873668670654,0.6728790402412415,-0.017955148592591286,0.7369121313095093,0.5443657040596008,-0.045584678649902344,0.7290863394737244,0.4678382873535156,-0.060123465955257416,0.7237806916236877,0.395729124546051,-0.07058347761631012,0.7901118993759155,0.6804399490356445,-0.02122095413506031,0.7919718623161316,0.6320239305496216,-0.07315469533205032,0.784814715385437,0.7439140677452087,-0.08330721408128738,0.7811609506607056,0.796235978603363,-0.07673009485006332,0.8303658366203308,0.7047392129898071,-0.02936461567878723,0.8305503129959106,0.6869394183158875,-0.08073960989713669,0.8161956071853638,0.792624294757843,-0.07277964800596237,0.809407114982605,0.8226518034934998,-0.05318485200405121,0.8692259192466736,0.7372577786445618,-0.039680253714323044,0.8676385879516602,0.7150681614875793,-0.06816434115171432,0.8511359095573425,0.7883381843566895,-0.05836258456110954,0.8443508148193359,0.811091423034668,-0.04370169714093208,L
0.8298078775405884,0.9704598188400269,-1.1661648358085586e-07,0.7742924094200134,0.9173696041107178,-0.031949590891599655,0.7139376401901245,0.8258496522903442,-0.049496352672576904,0.6558645963668823,0.7732961773872375,-0.06700734794139862,0.6072970628738403,0.7460073232650757,-0.08348503708839417,0.7501900792121887,0.6806876063346863,-0.019204700365662575,0.733633816242218,0.5548818707466125,-0.0441293902695179,0.7235733270645142,0.4781189560890198,-0.05754927173256874,0.715567409992218,0.4084753096103668,-0.06771143525838852,0.7925638556480408,0.6868106722831726,-0.02053309977054596,0.793687105178833,0.6289038062095642,-0.06986143440008163,0.7922449111938477,0.7415833473205566,-0.07952135056257248,0.7903560996055603,0.7965801358222961,-0.0729827731847763,0.8343460559844971,0.7097321152687073,-0.026625392958521843,0.8348826766014099,0.680645227432251,-0.07583625614643097,0.825326681137085,0.7842089533805847,-0.0684204176068306,0.8177645206451416,0.8209488987922668,-0.04930884391069412,0.8729535937309265,0.7409586906433105,-0.034919824451208115,0.8740087747573853,0.7015143036842346,-0.0620478130877018,0.8609433174133301,0.7704653143882751,-0.05218604952096939,0.8530530333518982,0.7981514930725098,-0.037571020424366,L
0.8414202928543091,0.9705187678337097,-3.705612527937774e-08,0.7874786853790283,0.9250028133392334,-0.03326944634318352,0.7252313494682312,0.8474657535552979,-0.05416801571846008,0.6637570858001709,0.8120798468589783,-0.07562980055809021,0.6148931384086609,0.7996202111244202,-0.09628397226333618,0.7580438852310181,0.6796057224273682,-0.02220841497182846,0.754188060760498,0.5580460429191589,-0.049582842737436295,0.7521087527275085,0.47967997193336487,-0.06344117224216461,0.7524236440658569,0.4110826849937439,-0.07309125363826752,0.8010896444320679,0.6859626173973083,-0.02271134965121746,0.8103318214416504,0.6453460454940796,-0.06911402940750122,0.8048018217086792,0.7581549882888794,-0.07566504180431366,0.7967639565467834,0.790382981300354,-0.06818787008523941,0.8441600799560547,0.7057805061340332,-0.028497513383626938,0.8516526818275452,0.6881750822067261,-0.07596902549266815,0.8391692638397217,0.789455771446228,-0.06723978370428085,0.8254210352897644,0.8091931343078613,-0.04862207546830177,0.8820360898971558,0.7343132495880127,-0.03683554008603096,0.8904974460601807,0.7084342837333679,-0.06428337842226028,0.8755261301994324,0.7781837582588196,-0.05452039837837219,0.8614621162414551,0.7979632616043091,-0.040038857609033585,L
0.8309322595596313,0.9715168476104736,-6.837312582774757e-08,0.7777427434921265,0.9278212785720825,-0.032086215913295746,0.715938150882721,0.849437415599823,-0.05218621343374252,0.6558583974838257,0.8097609877586365,-0.07300054281949997,0.6066019535064697,0.794134259223938,-0.09318248182535172,0.7461633086204529,0.6847033500671387,-0.02223488688468933,0.7379805445671082,0.5624645948410034,-0.049334339797496796,0.734220027923584,0.4841372072696686,-0.06361130625009537,0.7319121360778809,0.4161471426486969,-0.07364713400602341,0.7883039116859436,0.6899282932281494,-0.023404110223054886,0.796825647354126,0.6512747406959534,-0.069332055747509,0.7928468585014343,0.7633411288261414,-0.07657270133495331,0.783704936504364,0.7977913022041321,-0.07005100697278976,0.8307111859321594,0.708939790725708,-0.02949422597885132,0.8383843898773193,0.6903916597366333,-0.077490895986557,0.8276467323303223,0.7930234670639038,-0.06896322965621948,0.8136969804763794,0.8158649206161499,-0.050604198127985,0.8683422207832336,0.7369122505187988,-0.03788893669843674,0.877730667591095,0.7080768346786499,-0.06631174683570862,0.8646250367164612,0.7798590660095215,-0.05604896694421768,0.851266086101532,0.8032903075218201,-0.041074227541685104,L
0.854617178440094,0.9623540639877319,-8.499156933794438e-08,0.8044120073318481,0.9308955669403076,-0.03535831719636917,0.744208812713623,0.8540615439414978,-0.0562223456799984,0.6893882155418396,0.8087071776390076,-0.07668402045965195,0.6414924263954163,0.7856433987617493,-0.09592801332473755,0.7627778053283691,0.6886746287345886,-0.029001135379076004,0.7528294324874878,0.5664575695991516,-0.057858891785144806,0.74995356798172,0.491624116897583,-0.07156770676374435,0.7485104203224182,0.4214721620082855,-0.0808190405368805,0.8021574020385742,0.6877057552337646,-0.028703317046165466,0.8140770196914673,0.6495099067687988,-0.07616886496543884,0.8159775733947754,0.7608804106712341,-0.08228237926959991,0.8079755306243896,0.7947008609771729,-0.07471403479576111,0.8431839942932129,0.7018681764602661,-0.033518992364406586,0.85606449842453,0.6911787986755371,-0.08316364139318466,0.8509818911552429,0.7941511273384094,-0.07459760457277298,0.837585985660553,0.8121731877326965,-0.0560617595911026,0.8814716339111328,0.7245058417320251,-0.040885064750909805,0.8921680450439453,0.7056689262390137,-0.07056412100791931,0.8837279081344604,0.7794954180717468,-0.06160328909754753,0.8715733289718628,0.7986516356468201,-0.047568049281835556,L
0.8318624496459961,0.9585199356079102,-1.2732694187889138e-07,0.783456027507782,0.9323829412460327,-0.03198600560426712,0.725387454032898,0.8627239465713501,-0.050114285200834274,0.675352931022644,0.8200116753578186,-0.0684802234172821,0.6297022104263306,0.7997666597366333,-0.0844213217496872,0.7326096892356873,0.69978928565979,-0.01911493018269539,0.7168299555778503,0.5885413289070129,-0.047418706119060516,0.708726167678833,0.520816445350647,-0.05827532708644867,0.7024984359741211,0.45328471064567566,-0.06373176723718643,0.770010769367218,0.6985316872596741,-0.018147213384509087,0.775744616985321,0.6606208086013794,-0.057564444839954376,0.7847109436988831,0.7683205008506775,-0.056385383009910583,0.7803845405578613,0.7782180309295654,-0.044430822134017944,0.8099491596221924,0.7055431604385376,-0.023442624136805534,0.8138911128044128,0.6785712838172913,-0.06775426119565964,0.8156518936157227,0.7774533033370972,-0.05484709143638611,0.8081044554710388,0.779060423374176,-0.03404361382126808,0.8482624888420105,0.7166211605072021,-0.031193559989333153,0.8493154644966125,0.6795295476913452,-0.056131403893232346,0.8449757695198059,0.7523642182350159,-0.04365025833249092,0.8400018811225891,0.7699247002601624,-0.027274996042251587,L
0.8385106325149536,0.9676774740219116,-1.4095498102051351e-07,0.7850699424743652,0.9361468553543091,-0.028878502547740936,0.7192838191986084,0.8527860641479492,-0.04470445215702057,0.6630787253379822,0.8051638603210449,-0.061569005250930786,0.6164441108703613,0.7808583974838257,-0.07677046954631805,0.7450236082077026,0.6972818374633789,-0.014717684127390385,0.734162449836731,0.5827236771583557,-0.03987371549010277,0.7254964709281921,0.5083631873130798,-0.04648737236857414,0.7186979651451111,0.44190430641174316,-0.04953623190522194,0.7819149494171143,0.692041277885437,-0.015455842949450016,0.7717815041542053,0.6729202270507812,-0.052672356367111206,0.7775704860687256,0.779812753200531,-0.048161305487155914,0.7805080413818359,0.7820401787757874,-0.033723898231983185,0.8218059539794922,0.7003292441368103,-0.022389356046915054,0.8133564591407776,0.707838773727417,-0.06526355445384979,0.8147851228713989,0.8034240007400513,-0.0503896027803421,0.814152181148529,0.792809009552002,-0.028347516432404518,0.8599987626075745,0.7149399518966675,-0.03166712820529938,0.8481835126876831,0.7146340608596802,-0.05383727699518204,0.8450300097465515,0.7850041389465332,-0.04013759642839432,0.8474880456924438,0.7864409685134888,-0.023498479276895523,L
0.8426929712295532,0.970374584197998,-1.4869846154397237e-07,0.7943062782287598,0.940411388874054,-0.031465597450733185,0.7353575229644775,0.8671689629554749,-0.05352938175201416,0.682101845741272,0.8187821507453918,-0.07612179964780807,0.6350788474082947,0.7949399948120117,-0.09709300845861435,0.7579870820045471,0.6920480132102966,-0.030036883428692818,0.7535355687141418,0.5832473039627075,-0.05909773334860802,0.7507302761077881,0.5055127143859863,-0.06952968239784241,0.7506045699119568,0.438801109790802,-0.07510767132043839,0.7961524128913879,0.6779327988624573,-0.029134565964341164,0.8111567497253418,0.6976264715194702,-0.06633371859788895,0.8062961101531982,0.7989882230758667,-0.06208139657974243,0.7974717020988464,0.801139771938324,-0.04978382959961891,0.8384084105491638,0.6892710328102112,-0.03355466574430466,0.8518689870834351,0.7310041189193726,-0.07399868965148926,0.8411091566085815,0.8160354495048523,-0.05999245122075081,0.8295668959617615,0.8081474900245667,-0.041117750108242035,0.8778777122497559,0.7125651240348816,-0.04089384898543358,0.8870267868041992,0.7437422871589661,-0.06460384279489517,0.8739820122718811,0.8083547949790955,-0.05454792082309723,0.8638893365859985,0.8103097677230835,-0.040946610271930695,L
0.851024866104126,0.94912189245224,-1.0518646575974344e-07,0.7960622310638428,0.9125222563743591,-0.03172063082456589,0.736177384853363,0.8361944556236267,-0.046702995896339417,0.6857435703277588,0.7822434902191162,-0.06161411479115486,0.6407819986343384,0.7477853298187256,-0.07355541735887527,0.7433370351791382,0.6977980732917786,-0.007043370511382818,0.725921630859375,0.5924234986305237,-0.031636182218790054,0.7164826393127441,0.5296894311904907,-0.042364418506622314,0.7082388997077942,0.4645872712135315,-0.0487372949719429,0.7823078036308289,0.6957974433898926,-0.006659742910414934,0.7821097373962402,0.6394875645637512,-0.04705262929201126,0.792495846748352,0.7444530725479126,-0.05104823410511017,0.7895901203155518,0.7652920484542847,-0.04167277365922928,0.8230046629905701,0.7031068205833435,-0.012741651386022568,0.8232808709144592,0.6670724153518677,-0.057238608598709106,0.8278025388717651,0.7637192606925964,-0.047758132219314575,0.8214911222457886,0.7712266445159912,-0.028381798416376114,0.8618336915969849,0.7143329381942749,-0.021240726113319397,0.8595405220985413,0.6723318099975586,-0.04582786187529564,0.8573084473609924,0.7427461743354797,-0.03461895138025284,0.8535258769989014,0.7614430785179138,-0.019145281985402107,L
0.8645455241203308,0.944025993347168,-4.684879684191401e-08,0.820357620716095,0.9119278788566589,-0.040299247950315475,0.7704073190689087,0.8381874561309814,-0.061024874448776245,0.7321938872337341,0.7746174335479736,-0.08006785064935684,0.6924781799316406,0.7330213189125061,-0.09544558078050613,0.7649816870689392,0.6861521601676941,-0.023114176467061043,0.7494274377822876,0.5755107998847961,-0.05262084677815437,0.7437378764152527,0.5090892314910889,-0.06410698592662811,0.7400532364845276,0.44059208035469055,-0.06956368684768677,0.8043620586395264,0.6863394975662231,-0.018717210739850998,0.8207820653915405,0.6293855905532837,-0.061388496309518814,0.8272258043289185,0.736979603767395,-0.062179356813430786,0.8155288100242615,0.7547523975372314,-0.050281770527362823,0.8439362645149231,0.6949739456176758,-0.02140294574201107,0.859603226184845,0.6564785242080688,-0.06928258389234543,0.858785092830658,0.7564603090286255,-0.05926284193992615,0.8438553810119629,0.7641839385032654,-0.03927462920546532,0.881155788898468,0.7079298496246338,-0.027126649394631386,0.8939573764801025,0.6653987765312195,-0.05611862242221832,0.8895323276519775,0.7373822331428528,-0.047195322811603546,0.8781033158302307,0.7578553557395935,-0.032549165189266205,L
0.87151038646698,0.9602616429328918,-1.0883765355629293e-07,0.8189759850502014,0.9204252362251282,-0.03451111540198326,0.7596060037612915,0.8344021439552307,-0.05302143469452858,0.707234799861908,0.771675705909729,-0.07151032984256744,0.6602665185928345,0.7335526347160339,-0.08687002211809158,0.7793202996253967,0.6856232285499573,-0.016020026057958603,0.7710071802139282,0.5738056898117065,-0.04738180711865425,0.7644137144088745,0.5032745599746704,-0.058553896844387054,0.7605504989624023,0.4324580132961273,-0.06370850652456284,0.8184206485748291,0.6916786432266235,-0.015062564052641392,0.8179681897163391,0.6498693823814392,-0.05745149031281471,0.8214216232299805,0.763302743434906,-0.0544578842818737,0.818638265132904,0.7656207084655762,-0.03961186110973358,0.8593389391899109,0.7056523561477661,-0.021616538986563683,0.8613149523735046,0.6890156865119934,-0.06921061128377914,0.8581339716911316,0.7893615961074829,-0.0548468753695488,0.8511202335357666,0.7802712917327881,-0.03160387650132179,0.8979181051254272,0.7228024005889893,-0.03108620084822178,0.8985449075698853,0.7025209069252014,-0.057009462267160416,0.8901717662811279,0.7747665047645569,-0.04451826587319374,0.8849661350250244,0.7823840975761414,-0.027740510180592537,L
0.862002432346344,0.9666719436645508,-1.6849584483225044e-07,0.8132067918777466,0.9366241693496704,-0.03446589782834053,0.7526162266731262,0.8593565821647644,-0.05576105788350105,0.6997407674789429,0.8055238127708435,-0.0769752487540245,0.6536654829978943,0.7693676352500916,-0.09582233428955078,0.7739818096160889,0.6907281279563904,-0.02773391641676426,0.7671232223510742,0.5815234184265137,-0.05803601071238518,0.7620415091514587,0.505781888961792,-0.06827768683433533,0.7600903511047363,0.4382014274597168,-0.07299589365720749,0.8124508261680603,0.6822889447212219,-0.025745831429958344,0.8213213682174683,0.6854433417320251,-0.06330990791320801,0.8203085064888,0.7915882468223572,-0.0571562759578228,0.8140655755996704,0.7911707758903503,-0.04272936284542084,0.8539589047431946,0.6935387849807739,-0.030279001221060753,0.8635593056678772,0.7135878801345825,-0.07367381453514099,0.8568732738494873,0.8062372207641602,-0.05870229750871658,0.8472700119018555,0.796126663684845,-0.037692841142416,0.8935704231262207,0.712958037853241,-0.03782132267951965,0.8999164700508118,0.7229945659637451,-0.06294915825128555,0.8891196846961975,0.792916476726532,-0.05172473564743996,0.8806284070014954,0.7978143095970154,-0.036721330136060715,L
0.8575650453567505,0.9712570905685425,-1.660810227122056e-07,0.8082877993583679,0.9407857656478882,-0.036002498120069504,0.7491810321807861,0.8641530871391296,-0.05908951535820961,0.6975644826889038,0.8097118735313416,-0.08206004649400711,0.6480109691619873,0.7798965573310852,-0.10234752297401428,0.770817756652832,0.6893837451934814,-0.031580593436956406,0.7625460624694824,0.5713522434234619,-0.06489040702581406,0.7595310211181641,0.49390271306037903,-0.07589143514633179,0.7598437666893005,0.4205586910247803,-0.08032269775867462,0.8103557825088501,0.6900055408477783,-0.029435664415359497,0.8313730955123901,0.6768195629119873,-0.07081755995750427,0.8269840478897095,0.7910980582237244,-0.06473717093467712,0.8124978542327881,0.7909203171730042,-0.04939528927206993,0.8530002236366272,0.7049577236175537,-0.033950623124837875,0.8724120259284973,0.7074137330055237,-0.08238916099071503,0.8621787428855896,0.8072773218154907,-0.06843829900026321,0.844624936580658,0.7982423901557922,-0.04695683717727661,0.8937072157859802,0.7238553166389465,-0.04106093943119049,0.9094081521034241,0.716686487197876,-0.06967231631278992,0.8962985873222351,0.7900046110153198,-0.05868913233280182,0.8804462552070618,0.7979993224143982,-0.043149687349796295,L
0.8509741425514221,0.9700588583946228,-9.075169771222136e-08,0.8000761270523071,0.9353501200675964,-0.040065374225378036,0.7417072057723999,0.8517102003097534,-0.06377045065164566,0.6895531415939331,0.7908980250358582,-0.08663152903318405,0.640620768070221,0.755681037902832,-0.10696461796760559,0.7643807530403137,0.6858707070350647,-0.02892536111176014,0.7534503936767578,0.5663735866546631,-0.05993802845478058,0.7486094832420349,0.49141925573349,-0.07168512046337128,0.746957540512085,0.4208974838256836,-0.0782187208533287,0.805794894695282,0.690706193447113,-0.02674112655222416,0.8210799098014832,0.6553866863250732,-0.07417730987071991,0.8203403353691101,0.7721120715141296,-0.07474049180746078,0.8103529214859009,0.790520191192627,-0.06216902658343315,0.8485356569290161,0.7082259654998779,-0.03120487742125988,0.8624187111854553,0.6948691010475159,-0.08216508477926254,0.8548614978790283,0.7965154051780701,-0.06981062889099121,0.8407540321350098,0.7999621629714966,-0.04810713604092598,0.8880122303962708,0.7309896349906921,-0.03880561888217926,0.900196373462677,0.7109177112579346,-0.06894639134407043,0.8893011212348938,0.7839899659156799,-0.05854188650846481,0.8767834305763245,0.7963864803314209,-0.04300300404429436,L
0.8126602172851562,0.9696462154388428,-6.607641722666813e-08,0.7508339881896973,0.9153469800949097,-0.04408487677574158,0.6834983229637146,0.8116195201873779,-0.07017353177070618,0.6226227283477783,0.7363895773887634,-0.09591234475374222,0.5671547651290894,0.6864620447158813,-0.11868704110383987,0.7199393510818481,0.6293665766716003,-0.023444844409823418,0.7130931615829468,0.4966719150543213,-0.05684894323348999,0.7075655460357666,0.4090735614299774,-0.06918901950120926,0.7061125636100769,0.3297286927700043,-0.07612810283899307,0.7677534222602844,0.6430596113204956,-0.022671343758702278,0.7696467638015747,0.5831195712089539,-0.07581951469182968,0.766526460647583,0.7240193486213684,-0.07502469420433044,0.7643349170684814,0.7493692636489868,-0.05813207849860191,0.8165875673294067,0.6698941588401794,-0.030202405527234077,0.8197881579399109,0.6405187249183655,-0.08773669600486755,0.8088516592979431,0.7604305744171143,-0.0716402530670166,0.8003639578819275,0.7650887966156006,-0.04417106509208679,0.8622943758964539,0.7018864750862122,-0.041353169828653336,0.8650603294372559,0.6626831889152527,-0.07382594794034958,0.8493870496749878,0.7465099692344666,-0.05960846692323685,0.8408036828041077,0.7628319263458252,-0.040060319006443024,L
0.7747963070869446,0.9451345205307007,-6.64504540281996e-08,0.7166057825088501,0.894221305847168,-0.03894851729273796,0.6546163558959961,0.8052911758422852,-0.06200411170721054,0.5963648557662964,0.7402151226997375,-0.08507511019706726,0.5455586314201355,0.6992753744125366,-0.10563178360462189,0.6870977878570557,0.641279935836792,-0.019578590989112854,0.6815054416656494,0.5199297070503235,-0.05064833536744118,0.6767424941062927,0.4408090114593506,-0.06371978670358658,0.6757371425628662,0.36495527625083923,-0.0712529793381691,0.7300944328308105,0.6499288082122803,-0.017945894971489906,0.7303228378295898,0.5975903868675232,-0.06363510340452194,0.7289018630981445,0.7198615670204163,-0.06310439854860306,0.728155255317688,0.738251805305481,-0.04940428584814072,0.7734525203704834,0.670737087726593,-0.023779110983014107,0.7742857336997986,0.6414963006973267,-0.07392754405736923,0.7665520906448364,0.7481428384780884,-0.059008046984672546,0.7611653804779053,0.7546700835227966,-0.034555625170469284,0.8130977749824524,0.6960390210151672,-0.032925404608249664,0.8142349720001221,0.6561217308044434,-0.06065357103943825,0.8016425371170044,0.7300500273704529,-0.046936795115470886,0.7965497970581055,0.7480112314224243,-0.028893064707517624,L
0.7471091151237488,0.8793092966079712,-7.011357894270986e-08,0.6913805603981018,0.8345109224319458,-0.03378229960799217,0.6337072849273682,0.7556064128875732,-0.053818944841623306,0.5799236297607422,0.6976504921913147,-0.07388584315776825,0.533922016620636,0.6613364815711975,-0.09127076715230942,0.6609138250350952,0.6031062006950378,-0.016664370894432068,0.6521003842353821,0.4933071732521057,-0.04551820829510689,0.6460064649581909,0.4227132797241211,-0.05775589868426323,0.6438926458358765,0.35376471281051636,-0.06434250622987747,0.6994144916534424,0.6084582209587097,-0.01529508177191019,0.6979770064353943,0.5594051480293274,-0.05627797544002533,0.6993967294692993,0.6738453507423401,-0.05415966361761093,0.7004213929176331,0.6926298141479492,-0.04024465009570122,0.7387227416038513,0.6241922378540039,-0.020845936611294746,0.7387396097183228,0.5955395698547363,-0.06470075994729996,0.7334752678871155,0.6935875415802002,-0.04980671405792236,0.7302455902099609,0.6995734572410583,-0.026830032467842102,0.7753506302833557,0.6437961459159851,-0.029354441910982132,0.7749306559562683,0.6053599119186401,-0.05154171586036682,0.7638666033744812,0.6734442114830017,-0.03757176920771599,0.7604519724845886,0.6894011497497559,-0.020503727719187737,L
0.6543638706207275,0.7870616912841797,-4.140400164942548e-07,0.6079202890396118,0.7155160903930664,-0.015192020684480667,0.6061226725578308,0.5991782546043396,-0.025654368102550507,0.6566523909568787,0.5376756191253662,-0.036447521299123764,0.6948177218437195,0.49026793241500854,-0.04708046838641167,0.5883398652076721,0.5361437797546387,-0.01030236016958952,0.5753005743026733,0.4755980372428894,-0.0360620841383934,0.5846635699272156,0.5518275499343872,-0.05486081540584564,0.5941150188446045,0.6204919815063477,-0.0645490512251854,0.6260548830032349,0.531501054763794,-0.014821220189332962,0.6053778529167175,0.4644552767276764,-0.04429381713271141,0.6100611090660095,0.5591834187507629,-0.06104668229818344,0.6166960597038269,0.641365110874176,-0.0658806711435318,0.6629216074943542,0.5458453893661499,-0.022454285994172096,0.6441120505332947,0.4545224606990814,-0.05215209722518921,0.6414090394973755,0.5369703769683838,-0.06398551166057587,0.6394013166427612,0.6140424013137817,-0.06630411744117737,0.6941308975219727,0.573894739151001,-0.030347691848874092,0.6667640805244446,0.5802086591720581,-0.059007976204156876,0.6600565910339355,0.652580976486206,-0.06943944841623306,0.6584923267364502,0.7034305930137634,-0.07222504913806915,M
0.674913227558136,0.7856779098510742,-4.4068022475585167e-07,0.6395967602729797,0.7060995101928711,-0.016571657732129097,0.6550355553627014,0.5920511484146118,-0.027454443275928497,0.714107096195221,0.5561584234237671,-0.03807980567216873,0.7603084444999695,0.5305814146995544,-0.048231858760118484,0.6446087956428528,0.5210158824920654,-0.015839193016290665,0.6395279169082642,0.4564143717288971,-0.043268416076898575,0.6383788585662842,0.535828709602356,-0.06213025003671646,0.6384676098823547,0.6099873781204224,-0.07167918980121613,0.6830363869667053,0.532842218875885,-0.020122326910495758,0.6733006238937378,0.46174386143684387,-0.05194156989455223,0.6642247438430786,0.5567968487739563,-0.06760871410369873,0.6578863263130188,0.640021562576294,-0.07131095230579376,0.7178995609283447,0.563040554523468,-0.027683891355991364,0.715308666229248,0.47471150755882263,-0.058258719742298126,0.7009809017181396,0.5543715953826904,-0.06852518022060394,0.6857350468635559,0.6254940629005432,-0.06981143355369568,0.7456799149513245,0.603375256061554,-0.03577118739485741,0.7236350774765015,0.6029314994812012,-0.06486989557743073,0.703811764717102,0.6664263606071472,-0.07538284361362457,0.6886130571365356,0.7084299325942993,-0.07840628921985626,M
0.6778544783592224,0.7865142822265625,-4.1717834164956e-07,0.633878231048584,0.7202022671699524,-0.015518248081207275,0.6310250163078308,0.6033405661582947,-0.025550302118062973,0.6791913509368896,0.5413025617599487,-0.035935524851083755,0.7159281969070435,0.4946032166481018,-0.045630376785993576,0.6094910502433777,0.5454347133636475,-0.01145181618630886,0.5949995517730713,0.484923779964447,-0.03784877806901932,0.6073763370513916,0.5597177743911743,-0.05649441108107567,0.6188524961471558,0.6297877430915833,-0.06570753455162048,0.645735502243042,0.5380099415779114,-0.015535431914031506,0.6242371797561646,0.47394394874572754,-0.04528915882110596,0.6325408220291138,0.5663335919380188,-0.060452889651060104,0.6411810517311096,0.6473429799079895,-0.06409145891666412,0.6820453405380249,0.5488434433937073,-0.023030435666441917,0.6660187244415283,0.4614838659763336,-0.052249837666749954,0.6667136549949646,0.545816957950592,-0.061591364443302155,0.6655614972114563,0.624618649482727,-0.06212859973311424,0.7144184708595276,0.5728270411491394,-0.03117344155907631,0.6951814293861389,0.5756692290306091,-0.05938584357500076,0.6881919503211975,0.648197591304779,-0.06903530657291412,0.6825547218322754,0.7003092169761658,-0.07120223343372345,M
0.6829012036323547,0.7881549596786499,-4.038246572690696e-07,0.6356942057609558,0.7464888095855713,-0.015234595164656639,0.6139774918556213,0.6282929182052612,-0.023876944556832314,0.6496559381484985,0.5498204231262207,-0.03292984142899513,0.6822437047958374,0.4888664186000824,-0.040892135351896286,0.5861554145812988,0.5879781246185303,-0.010955756530165672,0.5648343563079834,0.5372904539108276,-0.0377730093896389,0.5910800695419312,0.604495644569397,-0.056825265288352966,0.6134799718856812,0.6681073307991028,-0.06599919497966766,0.6184215545654297,0.5613528490066528,-0.015422209165990353,0.5914157629013062,0.5086129307746887,-0.04507258161902428,0.6163821220397949,0.5925679206848145,-0.05945106968283653,0.6365935802459717,0.6682892441749573,-0.06238085776567459,0.6531628370285034,0.5524700284004211,-0.02346566878259182,0.6282256245613098,0.47809916734695435,-0.05234912410378456,0.6463411450386047,0.5622330904006958,-0.0595008060336113,0.6576416492462158,0.6414370536804199,-0.058641981333494186,0.6860839128494263,0.5585768818855286,-0.03245126083493233,0.674451470375061,0.5706276297569275,-0.06024808809161186,0.6834778189659119,0.6508059501647949,-0.06807985156774521,0.688346266746521,0.7102161645889282,-0.06893545389175415,M
0.6801084280014038,0.7978689074516296,-3.9993651057557145e-07,0.6311560869216919,0.7506140470504761,-0.017553813755512238,0.613856852054596,0.6412882804870605,-0.027277905493974686,0.648215651512146,0.5637990236282349,-0.038123298436403275,0.6788326501846313,0.5040073990821838,-0.04785706102848053,0.5906888246536255,0.5845090746879578,-0.008644760586321354,0.5673176050186157,0.5423033833503723,-0.0355999581515789,0.5892624258995056,0.6122130751609802,-0.05419592186808586,0.6083388924598694,0.6758667230606079,-0.06207244470715523,0.6231335401535034,0.5631786584854126,-0.010961243882775307,0.5963734984397888,0.5174160003662109,-0.041722264140844345,0.6168083548545837,0.6065233945846558,-0.055363599210977554,0.6347541213035583,0.6833560466766357,-0.05671493336558342,0.6574245691299438,0.559622049331665,-0.017333028838038445,0.6353599429130554,0.4932856857776642,-0.047715362161397934,0.6470456719398499,0.5914034843444824,-0.05253482982516289,0.6568458676338196,0.6782350540161133,-0.04782642051577568,0.6884832382202148,0.5694307088851929,-0.025039106607437134,0.6732391715049744,0.5546497702598572,-0.05066373571753502,0.6748872399330139,0.6150851845741272,-0.05585272237658501,0.676999568939209,0.6631324887275696,-0.05380181223154068,M
0.6822685599327087,0.8074474930763245,-4.622589244718256e-07,0.6440256237983704,0.7551071643829346,-0.020438823848962784,0.6378794312477112,0.6376450657844543,-0.033352360129356384,0.6752849817276001,0.5634599924087524,-0.046198055148124695,0.7109779119491577,0.5113548636436462,-0.05856093764305115,0.6077057123184204,0.5601385235786438,-0.021961763501167297,0.5914844274520874,0.5439809560775757,-0.05403338372707367,0.6071422100067139,0.6338809728622437,-0.07507142424583435,0.6198357343673706,0.7131324410438538,-0.08500617742538452,0.6377639770507812,0.5471965074539185,-0.025981230661273003,0.61920565366745,0.5276729464530945,-0.06261317431926727,0.6320472955703735,0.634353518486023,-0.07565873861312866,0.6448842287063599,0.7214142084121704,-0.07680367678403854,0.6708318591117859,0.5587403774261475,-0.03387334570288658,0.6556587815284729,0.517815351486206,-0.06903571635484695,0.6605094075202942,0.6277837157249451,-0.06899085640907288,0.6653052568435669,0.7165150046348572,-0.06124893203377724,0.7014246582984924,0.5844172835350037,-0.04340037703514099,0.6855453252792358,0.6048934459686279,-0.07463980466127396,0.681073784828186,0.6945325136184692,-0.07740608602762222,0.6802423000335693,0.7522706985473633,-0.07273216545581818,M
0.683655321598053,0.8040242791175842,-4.257836110355129e-07,0.636559009552002,0.7482954263687134,-0.014663591049611568,0.6254071593284607,0.6317572593688965,-0.02389580011367798,0.665752112865448,0.5594573616981506,-0.034493181854486465,0.6991917490959167,0.505621612071991,-0.04442005604505539,0.6077874898910522,0.5726175308227539,-0.006499094422906637,0.5894262194633484,0.5174708962440491,-0.032514553517103195,0.6029608249664307,0.5904183387756348,-0.05103996768593788,0.6151056289672852,0.6579294800758362,-0.059741586446762085,0.6415802836418152,0.5606390833854675,-0.010860765352845192,0.6174898743629456,0.5021325349807739,-0.03971732407808304,0.6277724504470825,0.5941071510314941,-0.05376797541975975,0.6382129192352295,0.674858570098877,-0.05621989071369171,0.6765815019607544,0.565288782119751,-0.018998783081769943,0.654984712600708,0.4834256172180176,-0.048046089708805084,0.6575308442115784,0.5747267007827759,-0.05528184399008751,0.6598577499389648,0.6582753658294678,-0.05356797203421593,0.7085995674133301,0.5833073258399963,-0.027911126613616943,0.6903692483901978,0.5844801664352417,-0.05516486614942551,0.6883736252784729,0.6586149334907532,-0.06266487389802933,0.6874591708183289,0.7136886119842529,-0.06267283856868744,M
0.691699743270874,0.7926756739616394,-3.8662079759888e-07,0.6397375464439392,0.7487635612487793,-0.016401560977101326,0.6202666163444519,0.6431543231010437,-0.02538580447435379,0.6496726274490356,0.5625900626182556,-0.03554113209247589,0.6777285933494568,0.49949735403060913,-0.04435553401708603,0.598462700843811,0.5831874012947083,-0.006896782200783491,0.5749993324279785,0.5421477556228638,-0.03342580795288086,0.5940461158752441,0.6109405755996704,-0.05124799907207489,0.6122175455093384,0.6693606972694397,-0.05827692151069641,0.6305038332939148,0.560998797416687,-0.00897283386439085,0.6022753715515137,0.5092802047729492,-0.03990067541599274,0.6206752061843872,0.5972434282302856,-0.053320396691560745,0.6402677297592163,0.6712383031845093,-0.05364218354225159,0.6649283766746521,0.5569522976875305,-0.014881561510264874,0.6391265392303467,0.4861934185028076,-0.04545231908559799,0.6509535312652588,0.5782186985015869,-0.05036872997879982,0.6642508506774902,0.6570384502410889,-0.044622935354709625,0.6960121393203735,0.5672462582588196,-0.021799057722091675,0.681888222694397,0.532527506351471,-0.04625102877616882,0.6877998113632202,0.5563444495201111,-0.051915768533945084,0.6951706409454346,0.5718373656272888,-0.049979664385318756,M
0.6728929877281189,0.8049339056015015,-4.382590361728944e-07,0.620197594165802,0.7519886493682861,-0.013648856431245804,0.6067347526550293,0.6349926590919495,-0.020525921136140823,0.6452802419662476,0.5548791885375977,-0.028528518974781036,0.6735981106758118,0.49946093559265137,-0.035005778074264526,0.5924730896949768,0.5817278027534485,0.0014211967354640365,0.5752473473548889,0.510958731174469,-0.02167697064578533,0.5883995890617371,0.5788756012916565,-0.03967515751719475,0.6017383933067322,0.6411889791488647,-0.04893502593040466,0.6264255046844482,0.5653750896453857,-0.0028334090020507574,0.6024383306503296,0.4879360795021057,-0.029911145567893982,0.6107790470123291,0.5698772668838501,-0.04626181721687317,0.6215053796768188,0.6417397260665894,-0.050996504724025726,0.6626617908477783,0.5648325085639954,-0.010938050225377083,0.6449019312858582,0.4633411169052124,-0.03621499612927437,0.6454808712005615,0.5417868494987488,-0.043987683951854706,0.6483859419822693,0.6158244609832764,-0.04396340996026993,0.6977773904800415,0.5766310691833496,-0.02002044953405857,0.6772981286048889,0.5627396106719971,-0.04221233353018761,0.6708441972732544,0.6374332308769226,-0.04765303060412407,0.6699728965759277,0.6921003460884094,-0.04763162508606911,M
0.6752357482910156,0.8122074007987976,-4.500577119870286e-07,0.6215357780456543,0.7622084021568298,-0.012630760669708252,0.6081077456474304,0.6418707966804504,-0.018611092120409012,0.6465482115745544,0.5609104037284851,-0.025598572567105293,0.6748731136322021,0.5054582357406616,-0.031009145081043243,0.5950890779495239,0.5844805240631104,0.0011858406942337751,0.5783388018608093,0.5118257403373718,-0.020353656262159348,0.590541422367096,0.5791223049163818,-0.036998726427555084,0.6037949323654175,0.6421061754226685,-0.04547378048300743,0.629267692565918,0.5690986514091492,-0.003233978757634759,0.6050940752029419,0.48879337310791016,-0.028580084443092346,0.6119080185890198,0.5688457489013672,-0.04418659955263138,0.6226032972335815,0.6412168741226196,-0.04852806404232979,0.6657811999320984,0.5697807669639587,-0.01118155475705862,0.6475638747215271,0.46484309434890747,-0.03512205928564072,0.6472463011741638,0.5424860715866089,-0.042750343680381775,0.6507492065429688,0.6159150004386902,-0.04290130361914635,0.7018010020256042,0.5830577611923218,-0.019912632182240486,0.6791644096374512,0.5701200366020203,-0.041542861610651016,0.6718589663505554,0.645042896270752,-0.046914830803871155,0.6716435551643372,0.6988016963005066,-0.04693381488323212,M
0.6780871748924255,0.8311521410942078,-4.338134829140472e-07,0.6252678632736206,0.7786676287651062,-0.01590910367667675,0.6144481301307678,0.6574428081512451,-0.022860899567604065,0.6563611626625061,0.5780298709869385,-0.030394773930311203,0.6874399781227112,0.5221319794654846,-0.036212485283613205,0.6008027195930481,0.596900463104248,0.00046767754247412086,0.5853402614593506,0.5243794322013855,-0.021925892680883408,0.5967254638671875,0.5930370092391968,-0.03995255380868912,0.6084054708480835,0.6566318869590759,-0.049431029707193375,0.6359466314315796,0.5842108726501465,-0.0028658725786954165,0.6141752004623413,0.5059059858322144,-0.028207533061504364,0.6202928423881531,0.5856887102127075,-0.04461568593978882,0.628406822681427,0.6566163897514343,-0.05009955167770386,0.6726682186126709,0.5886840224266052,-0.010214236564934254,0.6586699485778809,0.48590582609176636,-0.03570171073079109,0.6571367383003235,0.5664629936218262,-0.04363342747092247,0.657598614692688,0.6421158909797668,-0.04387946426868439,0.7077401280403137,0.6058230400085449,-0.018678195774555206,0.6875004768371582,0.5855962634086609,-0.04193820431828499,0.6798690557479858,0.6635358333587646,-0.04687041416764259,0.677780032157898,0.7219789028167725,-0.04640588164329529,M
0.684416651725769,0.8272826671600342,-4.572946465941641e-07,0.6307523250579834,0.7823262214660645,-0.015097486786544323,0.6153662204742432,0.6619897484779358,-0.022357305511832237,0.6518625617027283,0.5705982446670532,-0.030929263681173325,0.6795920133590698,0.5001048445701599,-0.037588268518447876,0.5966712832450867,0.6026190519332886,0.0022443702910095453,0.5788743495941162,0.5301927328109741,-0.020214011892676353,0.5945368409156799,0.6010792255401611,-0.03759270906448364,0.6098641157150269,0.6648707985877991,-0.046198274940252304,0.6311938166618347,0.5846393704414368,-0.0018474573735147715,0.6094242930412292,0.5048305988311768,-0.025662440806627274,0.6196883320808411,0.5892833471298218,-0.03967756778001785,0.6303358674049377,0.6570934057235718,-0.04347629472613335,0.6672931909561157,0.5856389403343201,-0.010221640579402447,0.6515342593193054,0.47795569896698,-0.03240617737174034,0.6529260873794556,0.5589542388916016,-0.03651130199432373,0.6567584872245789,0.6299800872802734,-0.03462010249495506,0.7026878595352173,0.600759744644165,-0.019992955029010773,0.6828480958938599,0.5684095025062561,-0.03747408837080002,0.6768894791603088,0.639707624912262,-0.03851782903075218,0.6763489246368408,0.6929299235343933,-0.03617896884679794,M
0.6923213005065918,0.8331030607223511,-3.7899062022006547e-07,0.6440280079841614,0.7742149233818054,-0.016152342781424522,0.6361204385757446,0.6587199568748474,-0.02693255990743637,0.685244083404541,0.5940032601356506,-0.037380848079919815,0.7205671072006226,0.5406725406646729,-0.047633785754442215,0.6138845682144165,0.6003018617630005,-0.011213870719075203,0.5954274535179138,0.5384633541107178,-0.037739142775535583,0.6095423698425293,0.604843258857727,-0.057023465633392334,0.6245911121368408,0.6686859130859375,-0.06658667325973511,0.6505410075187683,0.5914424657821655,-0.01544882357120514,0.6285971999168396,0.5204659700393677,-0.046119626611471176,0.638149082660675,0.609551191329956,-0.06400984525680542,0.6503864526748657,0.6900655031204224,-0.06876595318317413,0.6880999207496643,0.6007260680198669,-0.022719144821166992,0.6690071821212769,0.5266939401626587,-0.053062018007040024,0.6709681749343872,0.6018455624580383,-0.06701876223087311,0.6748833656311035,0.6716334223747253,-0.07052069902420044,0.7213545441627502,0.6210408806800842,-0.03024560585618019,0.6952821016311646,0.6440182328224182,-0.05777505785226822,0.6927122473716736,0.722231388092041,-0.06778822094202042,0.6962237358093262,0.7761691212654114,-0.07063958048820496,M
0.6880211234092712,0.8365594744682312,-4.055208080444572e-07,0.6396169066429138,0.7766165137290955,-0.016255009919404984,0.6303042769432068,0.6615962982177734,-0.026724444702267647,0.6769629716873169,0.5966958403587341,-0.037014205008745193,0.7099908590316772,0.5438151359558105,-0.04690000042319298,0.6089805960655212,0.6031883358955383,-0.010532454587519169,0.5898392200469971,0.542400598526001,-0.037325747311115265,0.6028190851211548,0.6117798089981079,-0.056440893560647964,0.6176626086235046,0.6756837368011475,-0.06588008254766464,0.644881546497345,0.594136655330658,-0.014640538021922112,0.6217877268791199,0.5257686972618103,-0.04622265696525574,0.6304768919944763,0.617128312587738,-0.06424572318792343,0.6428444385528564,0.6971943378448486,-0.0687742605805397,0.6823729276657104,0.6025458574295044,-0.021935444325208664,0.6592609286308289,0.5283065438270569,-0.05286327004432678,0.6601032614707947,0.6052330136299133,-0.066996730864048,0.6645090579986572,0.6747854351997375,-0.07033587992191315,0.7155385613441467,0.621915340423584,-0.029510030522942543,0.6854354739189148,0.6483784914016724,-0.05780322849750519,0.6829546093940735,0.7229532599449158,-0.06903812289237976,0.6881179809570312,0.7720077037811279,-0.0724952220916748,M
0.6824888586997986,0.850238561630249,-4.328857983182388e-07,0.6296046376228333,0.7909514904022217,-0.010760529898107052,0.6175841093063354,0.6750252842903137,-0.017528677359223366,0.654577910900116,0.5999025702476501,-0.027231590822339058,0.6867871880531311,0.5465918183326721,-0.03535591438412666,0.6015292406082153,0.6110601425170898,0.0008792398730292916,0.5830576419830322,0.5416520833969116,-0.023666279390454292,0.5956734418869019,0.6155941486358643,-0.04016003757715225,0.6086745858192444,0.6801320314407349,-0.047084830701351166,0.6371418237686157,0.5996748805046082,-0.004734933841973543,0.6138895750045776,0.523643434047699,-0.03319445624947548,0.6202207207679749,0.6160348653793335,-0.046803127974271774,0.630807638168335,0.6912603378295898,-0.04793558642268181,0.6736122965812683,0.6049197316169739,-0.014102380722761154,0.6513413190841675,0.5054828524589539,-0.03921350836753845,0.6499871611595154,0.5928254723548889,-0.044499654322862625,0.6548589468002319,0.6691409945487976,-0.04105493053793907,0.7073543667793274,0.6236326098442078,-0.024295318871736526,0.688092827796936,0.5906729698181152,-0.04338037595152855,0.6834603548049927,0.6294671297073364,-0.048318181186914444,0.6857763528823853,0.6554323434829712,-0.04739513620734215,M
0.710628092288971,0.8595426082611084,-3.321984252124821e-07,0.6663791537284851,0.8096791505813599,-0.017008427530527115,0.6542590260505676,0.7059730887413025,-0.02471439726650715,0.6873952150344849,0.6278117299079895,-0.03309345245361328,0.7175102829933167,0.5704069137573242,-0.0391707718372345,0.6265210509300232,0.6513382792472839,-0.0025401320308446884,0.6147065162658691,0.5920717716217041,-0.025851543992757797,0.6336373090744019,0.6538435220718384,-0.04129430279135704,0.6481801271438599,0.7118070125579834,-0.04698439687490463,0.6611202955245972,0.6334009170532227,-0.0022467069793492556,0.6462085247039795,0.5684348940849304,-0.030021946877241135,0.660817563533783,0.651515781879425,-0.04316795989871025,0.6721669435501099,0.7251062393188477,-0.04360653832554817,0.6963779330253601,0.6323463320732117,-0.005898617208003998,0.6828386783599854,0.5524865984916687,-0.032807499170303345,0.6892192363739014,0.6322360634803772,-0.03895976394414902,0.6929745674133301,0.7063080072402954,-0.03459906950592995,0.7265585660934448,0.6440337300300598,-0.010645032860338688,0.7222597002983093,0.6025909185409546,-0.03239326924085617,0.7296780347824097,0.6042448282241821,-0.039928264915943146,0.7343568205833435,0.6026813387870789,-0.0398470014333725,M
0.7122280597686768,0.861359715461731,-3.883725128162041e-07,0.668445885181427,0.8131694793701172,-0.016210956498980522,0.6565186381340027,0.7011123299598694,-0.02399257943034172,0.6878131031990051,0.6146253347396851,-0.033166177570819855,0.7130290865898132,0.5462988615036011,-0.04013613238930702,0.6264832615852356,0.6455332636833191,0.002027310198172927,0.6124692559242249,0.5892431735992432,-0.021576708182692528,0.6303037405014038,0.6540338397026062,-0.03893261030316353,0.6435556411743164,0.7144427299499512,-0.04611258581280708,0.6590696573257446,0.6310347318649292,0.0010309427743777633,0.642616331577301,0.5732727646827698,-0.026676053181290627,0.6587666869163513,0.6552910208702087,-0.040702685713768005,0.6696826815605164,0.7278351187705994,-0.04228118807077408,0.6938368678092957,0.6307145357131958,-0.004239714238792658,0.6793951392173767,0.556183397769928,-0.028282111510634422,0.6876579523086548,0.6371793746948242,-0.0313710980117321,0.6914033889770508,0.7107261419296265,-0.02618834748864174,0.7256426811218262,0.6401016712188721,-0.011091798543930054,0.713619589805603,0.6070079803466797,-0.026844952255487442,0.7156046032905579,0.6340583562850952,-0.028582600876688957,0.7158397436141968,0.6512883901596069,-0.025530871003866196,M
0.7153864502906799,0.8103455901145935,-3.4862068787333556e-07,0.6677370667457581,0.766209065914154,-0.01509032491594553,0.6533912420272827,0.6586069464683533,-0.022737503051757812,0.6924996972084045,0.5860832929611206,-0.030646605417132378,0.7253595590591431,0.538771390914917,-0.03706822544336319,0.6308287382125854,0.6087493896484375,-0.00348316365852952,0.620133638381958,0.545646607875824,-0.02561245672404766,0.6368024945259094,0.6061899662017822,-0.04170743376016617,0.6505869030952454,0.66319739818573,-0.04954587668180466,0.6636783480644226,0.5933688879013062,-0.006331930868327618,0.646592378616333,0.5268785953521729,-0.03124997951090336,0.6600536108016968,0.6034437417984009,-0.04537127539515495,0.6711236834526062,0.6706886291503906,-0.04826091229915619,0.698016345500946,0.5943828821182251,-0.012724123895168304,0.681740939617157,0.5105050802230835,-0.03637033328413963,0.6879245638847351,0.5795192718505859,-0.04491528496146202,0.6908521056175232,0.6443926692008972,-0.04522833973169327,0.7304604053497314,0.6092119216918945,-0.020021799951791763,0.7162001729011536,0.6096740961074829,-0.04155796021223068,0.7153903245925903,0.6733970046043396,-0.04832351580262184,0.7135533690452576,0.7201340198516846,-0.04899509996175766,M
0.7154511213302612,0.8456875681877136,-3.3724546710800496e-07,0.6626343727111816,0.7946218252182007,-0.013234978541731834,0.6488980650901794,0.680921196937561,-0.017969712615013123,0.6927854418754578,0.6176512837409973,-0.023933112621307373,0.7265740036964417,0.5860471725463867,-0.027420923113822937,0.6415373682975769,0.634252667427063,0.0013477012980729342,0.6413331031799316,0.5581817626953125,-0.021318376064300537,0.6539857983589172,0.6234409213066101,-0.03604107350111008,0.6616662740707397,0.67612224817276,-0.043176621198654175,0.6775262951850891,0.621872067451477,-0.0030693288426846266,0.6749761700630188,0.5399433374404907,-0.02910434454679489,0.6836086511611938,0.6246975064277649,-0.04015190526843071,0.6867265105247498,0.6770831346511841,-0.040359918028116226,0.7129031419754028,0.6268868446350098,-0.01148667000234127,0.7124079465866089,0.5403437614440918,-0.035208094865083694,0.712534487247467,0.6259435415267944,-0.034230347722768784,0.7084058523178101,0.676872730255127,-0.02700832299888134,0.7448809742927551,0.6435257196426392,-0.021337714046239853,0.7372644543647766,0.6160087585449219,-0.03663948178291321,0.73011314868927,0.677865207195282,-0.03355461359024048,0.7241968512535095,0.7089857459068298,-0.027585411444306374,M
0.7131706476211548,0.8605315089225769,-3.564423991520016e-07,0.6674066781997681,0.811288595199585,-0.014453962445259094,0.6597235202789307,0.6987773776054382,-0.022136075422167778,0.7009811401367188,0.6196578741073608,-0.03079165332019329,0.7328335046768188,0.5571349859237671,-0.038175977766513824,0.6423605680465698,0.6451701521873474,0.00011102185817435384,0.6301137208938599,0.5740228891372681,-0.02147500403225422,0.6419463157653809,0.626733660697937,-0.03916247934103012,0.6523148417472839,0.6867238283157349,-0.048386845737695694,0.6757776737213135,0.6342036724090576,-0.0038996965158730745,0.6626413464546204,0.5615415573120117,-0.02590353973209858,0.6718050241470337,0.6301398873329163,-0.040798597037792206,0.6781073808670044,0.6950403451919556,-0.04644929617643356,0.7098138928413391,0.6405468583106995,-0.011862007901072502,0.703641951084137,0.544068455696106,-0.03332856670022011,0.7029667496681213,0.6109721660614014,-0.04048110917210579,0.700287938117981,0.6771042943000793,-0.04162608087062836,0.7420266270637512,0.6595478057861328,-0.020967550575733185,0.7282522320747375,0.6281712651252747,-0.04025648906826973,0.7177227139472961,0.691433310508728,-0.04412708431482315,0.7090980410575867,0.7436008453369141,-0.04396443068981171,M
0.7130572199821472,0.8766773343086243,-3.594228132897115e-07,0.666978657245636,0.8347563743591309,-0.015161020681262016,0.6530461311340332,0.7252364754676819,-0.021846851333975792,0.6862878203392029,0.6431078314781189,-0.029766058549284935,0.7158958911895752,0.585168182849884,-0.035329923033714294,0.6282682418823242,0.6751347184181213,6.427461630664766e-05,0.6143597364425659,0.6125918030738831,-0.02264321595430374,0.6336997747421265,0.6719301342964172,-0.038308821618556976,0.648989200592041,0.7297077775001526,-0.04412775859236717,0.6617020964622498,0.6560916900634766,-0.0005682655610144138,0.6457103490829468,0.592538595199585,-0.027163494378328323,0.6622545123100281,0.6728230118751526,-0.03970535099506378,0.6749452352523804,0.7420641779899597,-0.04014432057738304,0.6959673762321472,0.6524229049682617,-0.005126341711729765,0.680290162563324,0.568208634853363,-0.02869226224720478,0.6882659792900085,0.647200882434845,-0.031226610764861107,0.6941455006599426,0.719491183757782,-0.025248784571886063,0.7260676622390747,0.6610274314880371,-0.011022242717444897,0.7180569171905518,0.609462320804596,-0.026805052533745766,0.718297004699707,0.6237658262252808,-0.02889764867722988,0.7170159220695496,0.6329308748245239,-0.025933410972356796,M
0.7509135603904724,0.9416005611419678,-4.2807442923731287e-07,0.6968322992324829,0.8874965906143188,-0.01351478137075901,0.6728554368019104,0.77316814661026,-0.020505422726273537,0.6965813636779785,0.6821263432502747,-0.02985595166683197,0.7299599051475525,0.6143981218338013,-0.036523789167404175,0.6727606654167175,0.71127849817276,0.0045015281066298485,0.6521592140197754,0.6547816395759583,-0.025232933461666107,0.6619340777397156,0.71878582239151,-0.044973425567150116,0.6748006939888,0.7769660949707031,-0.052421826869249344,0.7068691253662109,0.6911454200744629,-0.0008804418030194938,0.6790340542793274,0.6142712235450745,-0.033999018371105194,0.6823758482933044,0.6864252090454102,-0.047980744391679764,0.6934513449668884,0.7602077722549438,-0.046287305653095245,0.7426128387451172,0.6876012086868286,-0.010789486579596996,0.730455756187439,0.6759798526763916,-0.04128355160355568,0.7327679395675659,0.7801753282546997,-0.0400962196290493,0.7369335889816284,0.853814959526062,-0.02749514952301979,0.7751792669296265,0.6970859169960022,-0.0225334744900465,0.7527859807014465,0.7079013586044312,-0.03639974817633629,0.7521396279335022,0.7810348868370056,-0.028860127553343773,0.7581769227981567,0.8271043300628662,-0.017193268984556198,N
0.8134398460388184,0.9274057745933533,-3.703562470036559e-07,0.7577273845672607,0.8773762583732605,-0.016847189515829086,0.7336322069168091,0.7509607672691345,-0.02428204007446766,0.7621157765388489,0.6529870629310608,-0.0328843854367733,0.7928520441055298,0.5850488543510437,-0.03836764395236969,0.72341388463974,0.7069368362426758,-0.0023924747947603464,0.7122432589530945,0.6449105143547058,-0.032666806131601334,0.7316337823867798,0.7124118804931641,-0.05208947882056236,0.747776210308075,0.7717117667198181,-0.0591534823179245,0.7595986723899841,0.6876718997955322,-0.006340297870337963,0.7386913299560547,0.6038790345191956,-0.04032501205801964,0.7504137754440308,0.6778774857521057,-0.0537901297211647,0.765311598777771,0.7456422448158264,-0.05162250995635986,0.7983754873275757,0.683708667755127,-0.014767506159842014,0.7981994152069092,0.639265775680542,-0.04621769115328789,0.8048981428146362,0.7502632141113281,-0.04322364181280136,0.8078070878982544,0.828241229057312,-0.029151897877454758,0.8343337774276733,0.6922014355659485,-0.025055404752492905,0.8248071670532227,0.6758795380592346,-0.03946417197585106,0.8243048191070557,0.7486822605133057,-0.030615029856562614,0.825960099697113,0.7938470840454102,-0.01792490854859352,N
0.7827573418617249,0.9158943295478821,-3.290234360520117e-07,0.7234098315238953,0.8892254829406738,-0.017220208421349525,0.6856786608695984,0.7885527610778809,-0.025056350976228714,0.7018269896507263,0.6887791156768799,-0.03463749215006828,0.7233349084854126,0.6122984290122986,-0.041052307933568954,0.6781622767448425,0.7440685629844666,0.0020444542169570923,0.6605762243270874,0.6840123534202576,-0.030189156532287598,0.6802266836166382,0.7422804236412048,-0.05100593343377113,0.7000181674957275,0.792241632938385,-0.05880436673760414,0.7100663185119629,0.7134743332862854,-0.0024833844508975744,0.684520959854126,0.625712513923645,-0.03899252787232399,0.6960079073905945,0.6966893672943115,-0.05406657233834267,0.7128733396530151,0.7553462386131287,-0.05240104719996452,0.7441074252128601,0.6992902755737305,-0.011993182823061943,0.7369034886360168,0.6518421173095703,-0.04474383592605591,0.7485607266426086,0.7555344104766846,-0.04175833985209465,0.7573662996292114,0.8196811079978943,-0.027408454567193985,0.777593195438385,0.6988717317581177,-0.023556580767035484,0.7642107009887695,0.6806442737579346,-0.03762373328208923,0.7688381671905518,0.7491776943206787,-0.028061537072062492,0.7748452425003052,0.7855738401412964,-0.014998117461800575,N
0.775829553604126,0.9247881770133972,-3.024615295998956e-07,0.7128408551216125,0.8914343118667603,-0.015682924538850784,0.6710872054100037,0.7918771505355835,-0.022882521152496338,0.6862965822219849,0.698592483997345,-0.03247063234448433,0.7213522791862488,0.638186514377594,-0.03877294436097145,0.6745576858520508,0.7310364246368408,0.003067329293116927,0.6581876277923584,0.675442099571228,-0.02929609641432762,0.6762596964836121,0.7323996424674988,-0.05053606629371643,0.6939313411712646,0.7838623523712158,-0.05866711214184761,0.7068905234336853,0.702886164188385,-0.0022594521287828684,0.6837029457092285,0.6288276314735413,-0.03839515522122383,0.6932084560394287,0.6869475245475769,-0.05326145887374878,0.7078089714050293,0.7460018992424011,-0.05183121934533119,0.7412421703338623,0.6887912154197693,-0.012756788171827793,0.7362397909164429,0.6681733131408691,-0.04709680750966072,0.7451938390731812,0.7673009634017944,-0.04696807265281677,0.7516555190086365,0.8385375738143921,-0.034027304500341415,0.7754097580909729,0.689609706401825,-0.025195101276040077,0.7629105448722839,0.6854615807533264,-0.0417407862842083,0.7662381529808044,0.7610998749732971,-0.034215815365314484,0.771605908870697,0.8131734728813171,-0.021911131218075752,N
0.7699015736579895,0.9224698543548584,-4.144561955854442e-07,0.7143954038619995,0.8929703235626221,-0.016891052946448326,0.6798703074455261,0.8017747402191162,-0.02460619807243347,0.6902241706848145,0.6995211243629456,-0.03434254229068756,0.7212098240852356,0.6307642459869385,-0.03989608958363533,0.6748796105384827,0.7352806329727173,0.007147236727178097,0.6616784930229187,0.6706371307373047,-0.02418559044599533,0.6799204349517822,0.7375854253768921,-0.043210193514823914,0.6955907344818115,0.7870531678199768,-0.05059732496738434,0.707780122756958,0.7136880159378052,0.0025140573270618916,0.6935080289840698,0.6341440677642822,-0.03459551930427551,0.7083711624145508,0.7217608690261841,-0.04604966938495636,0.7194468379020691,0.774491012096405,-0.04197211563587189,0.743412971496582,0.7060829997062683,-0.007705863565206528,0.7381113767623901,0.6461879014968872,-0.0418124794960022,0.7451460957527161,0.7465143203735352,-0.034008804708719254,0.7478159070014954,0.8023305535316467,-0.016297847032546997,0.77972412109375,0.7103416323661804,-0.019968917593359947,0.7690871953964233,0.6629765629768372,-0.03470945358276367,0.7701325416564941,0.7289450168609619,-0.022292984649538994,0.7711226344108582,0.7668324708938599,-0.006879815831780434,N
0.7979815602302551,0.9082096815109253,-3.7137573372092447e-07,0.7346527576446533,0.8753609657287598,-0.017016518861055374,0.7016021609306335,0.7744989991188049,-0.02436951734125614,0.7189404964447021,0.6676383018493652,-0.03373435512185097,0.7393929958343506,0.5896952748298645,-0.039710983633995056,0.69603431224823,0.7170565128326416,0.008786226622760296,0.6801610589027405,0.650612473487854,-0.021870499476790428,0.700647234916687,0.7163315415382385,-0.043013639748096466,0.7188526391983032,0.7666580677032471,-0.05255870893597603,0.7310315370559692,0.6904551982879639,0.003741804976016283,0.7101638317108154,0.601902961730957,-0.03151652589440346,0.7240349650382996,0.6843729019165039,-0.046164508908987045,0.73752760887146,0.7386136651039124,-0.04564252495765686,0.7676694989204407,0.6840735077857971,-0.006830348167568445,0.7579821944236755,0.6151860952377319,-0.039016179740428925,0.763279378414154,0.7169819474220276,-0.0331709198653698,0.7669742703437805,0.778427004814148,-0.018374841660261154,0.8031919002532959,0.692048192024231,-0.019586479291319847,0.7891401648521423,0.6496005654335022,-0.0346592478454113,0.7887392640113831,0.7187435030937195,-0.023397739976644516,0.7900108098983765,0.7582570910453796,-0.00959848240017891,N
0.7967115640640259,0.9213300347328186,-3.4297167417207675e-07,0.7335360646247864,0.8851925134658813,-0.01625451259315014,0.6968923807144165,0.782409131526947,-0.02343938499689102,0.7163899540901184,0.6803060173988342,-0.03338632360100746,0.7429980635643005,0.6067507266998291,-0.03985196352005005,0.6926015615463257,0.7252671122550964,0.008559731766581535,0.6768472790718079,0.6491603255271912,-0.024176646023988724,0.6971734762191772,0.7143563032150269,-0.0459396168589592,0.7162189483642578,0.7663111090660095,-0.055131301283836365,0.7282859086990356,0.6987084150314331,0.0023392329458147287,0.7083885669708252,0.5966120958328247,-0.035486381500959396,0.7193686962127686,0.6753538250923157,-0.05122879892587662,0.7321574091911316,0.7320346236228943,-0.05017254129052162,0.7656146287918091,0.6917394399642944,-0.009491379372775555,0.7582952380180359,0.6289396286010742,-0.044764865189790726,0.7635327577590942,0.7354358434677124,-0.04082721099257469,0.7666088938713074,0.7978950142860413,-0.02570195682346821,0.8013941049575806,0.698845386505127,-0.023286927491426468,0.7887328863143921,0.6594222784042358,-0.039366479963064194,0.7884705662727356,0.7306863069534302,-0.028374509885907173,0.7898417711257935,0.770814061164856,-0.014097358100116253,N
0.7918480634689331,0.9238114953041077,-3.6439487871575693e-07,0.7341806292533875,0.8896628618240356,-0.015939313918352127,0.6970211267471313,0.7837590575218201,-0.022856581956148148,0.7146534323692322,0.6839321851730347,-0.03243396058678627,0.7423692941665649,0.6122733354568481,-0.03840922936797142,0.6906841993331909,0.7231836318969727,0.005136826541274786,0.6722807288169861,0.6509737372398376,-0.028364233672618866,0.6887861490249634,0.7146700024604797,-0.049195822328329086,0.707990288734436,0.768132746219635,-0.057261381298303604,0.7254847288131714,0.6968593001365662,-0.0016459330217912793,0.7039366960525513,0.5960140228271484,-0.04040958359837532,0.711722195148468,0.6736310124397278,-0.05518975108861923,0.7255098819732666,0.7293415069580078,-0.05286291241645813,0.7623429298400879,0.6903428435325623,-0.013783798553049564,0.7567148208618164,0.6371772289276123,-0.04867790266871452,0.7613309025764465,0.7441816329956055,-0.04400913789868355,0.7657603025436401,0.8015872836112976,-0.02833256497979164,0.7984995245933533,0.6976339817047119,-0.027980279177427292,0.7864584922790527,0.6689585447311401,-0.04288090765476227,0.7863607406616211,0.7388200759887695,-0.031794335693120956,0.7891249656677246,0.7717063426971436,-0.017642764374613762,N
0.8016323447227478,0.9380089044570923,-4.822811092708434e-07,0.7459329962730408,0.8927971124649048,-0.017702385783195496,0.7168337106704712,0.7848697900772095,-0.02337302826344967,0.7358376383781433,0.6833348870277405,-0.03089870512485504,0.7617968320846558,0.6084285974502563,-0.032838474959135056,0.7135904431343079,0.7114760875701904,0.013371061533689499,0.6941357851028442,0.6569014191627502,-0.0166594460606575,0.7119624614715576,0.7326208353042603,-0.03319908678531647,0.7273654937744141,0.769635021686554,-0.03935302048921585,0.747592568397522,0.6880090236663818,0.00906276609748602,0.7265326380729675,0.6166298389434814,-0.025999613106250763,0.7401865720748901,0.7138993740081787,-0.0348769910633564,0.7524433135986328,0.7475504875183105,-0.02935839258134365,0.7840613126754761,0.6836107969284058,-0.001807228079997003,0.7728370428085327,0.631510317325592,-0.03389731049537659,0.7781422138214111,0.7284530997276306,-0.023610014468431473,0.7841391563415527,0.7573509216308594,-0.005505314562469721,0.820459246635437,0.6910042762756348,-0.01521237101405859,0.8069201707839966,0.6542212963104248,-0.026786094531416893,0.8050912022590637,0.7157397270202637,-0.013375064358115196,0.8090395927429199,0.7337223887443542,0.0016715247184038162,N
0.8039165139198303,0.9344639182090759,-4.581764869726612e-07,0.7474857568740845,0.8854589462280273,-0.015694744884967804,0.7202517986297607,0.777998149394989,-0.02045915275812149,0.7408838272094727,0.6774520874023438,-0.027488423511385918,0.7668448686599731,0.6032662391662598,-0.029153646901249886,0.716069221496582,0.7120853662490845,0.015944188460707664,0.6975122690200806,0.6525392532348633,-0.013594312593340874,0.7148212194442749,0.7268540859222412,-0.03011171892285347,0.7300646901130676,0.7649286389350891,-0.036027513444423676,0.7507864236831665,0.6888161897659302,0.010928161442279816,0.730940043926239,0.6104733943939209,-0.023236051201820374,0.7436836361885071,0.7054135799407959,-0.03258250281214714,0.7561091184616089,0.7404070496559143,-0.02739282138645649,0.7878217697143555,0.684565007686615,-0.00045346771366894245,0.7780759930610657,0.6283249258995056,-0.031563110649585724,0.7823739647865295,0.7253686785697937,-0.021607279777526855,0.7878068089485168,0.7572941780090332,-0.0037528539542108774,0.8244811296463013,0.6918814182281494,-0.014195375144481659,0.8116865754127502,0.6513236165046692,-0.024608522653579712,0.8092322945594788,0.7123319506645203,-0.01071650255471468,0.8124558925628662,0.7326430678367615,0.004571772180497646,N
0.7937759757041931,0.9281712174415588,-4.397977306780376e-07,0.7361675500869751,0.8828651905059814,-0.019065558910369873,0.7056248784065247,0.7697800397872925,-0.02581213414669037,0.7334284782409668,0.6733990907669067,-0.03447994217276573,0.7685194611549377,0.6099612712860107,-0.03837494179606438,0.707983136177063,0.7035046219825745,0.009801751002669334,0.6905820965766907,0.6355776190757751,-0.021605007350444794,0.7020782828330994,0.7125763893127441,-0.03904448077082634,0.7178210616111755,0.757317066192627,-0.045474931597709656,0.7442268133163452,0.6845212578773499,0.005339199677109718,0.7267338633537292,0.5918745398521423,-0.031470444053411484,0.7309679985046387,0.6893542408943176,-0.04179470241069794,0.7439689040184021,0.7280607223510742,-0.03621150553226471,0.7813804149627686,0.6857483983039856,-0.005766973830759525,0.774829089641571,0.6309777498245239,-0.038116637617349625,0.7717711925506592,0.7318642735481262,-0.030266841873526573,0.7775874137878418,0.7626602649688721,-0.013134119100868702,0.8171085119247437,0.6973420977592468,-0.01958836056292057,0.8048744797706604,0.6627354621887207,-0.031209517270326614,0.7989960312843323,0.7252503633499146,-0.019150948151946068,0.8038297891616821,0.7413463592529297,-0.004959280136972666,N
0.809989333152771,0.9025101065635681,-2.910559544488933e-07,0.7581857442855835,0.8571228981018066,-0.018255071714520454,0.734610378742218,0.7557753324508667,-0.024750716984272003,0.7588107585906982,0.6614807844161987,-0.03284541144967079,0.7816834449768066,0.5932684540748596,-0.03648051992058754,0.7240519523620605,0.7054098844528198,0.013550608418881893,0.7163521647453308,0.6401928663253784,-0.016667069867253304,0.7326200604438782,0.7028409242630005,-0.03617343679070473,0.7468225955963135,0.748566746711731,-0.043393466621637344,0.7595704197883606,0.6852898597717285,0.01044557336717844,0.7485679984092712,0.5961453318595886,-0.023550240322947502,0.7567662596702576,0.674216628074646,-0.037454769015312195,0.7656959891319275,0.7133360505104065,-0.03529766947031021,0.7951518893241882,0.6859151124954224,0.0012041323352605104,0.7941603660583496,0.6322692036628723,-0.02879229001700878,0.7944645285606384,0.7204080820083618,-0.023780973628163338,0.7949177026748657,0.7558385133743286,-0.009185943752527237,0.8275642991065979,0.6957149505615234,-0.010433923453092575,0.8226421475410461,0.6619336605072021,-0.02046947553753853,0.8193121552467346,0.7162508964538574,-0.008665543049573898,0.8191589713096619,0.7335758209228516,0.0052642300724983215,N
0.8097485899925232,0.9082314372062683,-2.474274367614271e-07,0.7535288333892822,0.8652111291885376,-0.017477834597229958,0.7295324802398682,0.7631613612174988,-0.024885566905140877,0.7514010667800903,0.6654248237609863,-0.033893901854753494,0.7737306952476501,0.5962650179862976,-0.03980128839612007,0.7189496159553528,0.7199125289916992,0.008394664153456688,0.7106972336769104,0.6516398787498474,-0.0209968239068985,0.7302837371826172,0.7069615125656128,-0.042537301778793335,0.7473454475402832,0.7558788061141968,-0.052148763090372086,0.7538694143295288,0.6975507140159607,0.004747063387185335,0.7368466258049011,0.6047480702400208,-0.029704852029681206,0.7480842471122742,0.6661137938499451,-0.0475739911198616,0.7617483735084534,0.7202295660972595,-0.04960407689213753,0.7897314429283142,0.6925649642944336,-0.003949209116399288,0.7861384749412537,0.6283308863639832,-0.03681381419301033,0.7913476824760437,0.7236655354499817,-0.03568870201706886,0.7945983409881592,0.7899775505065918,-0.023432668298482895,0.8229652047157288,0.6994534134864807,-0.014539196155965328,0.8110001087188721,0.6635777354240417,-0.03145156055688858,0.811555027961731,0.728905975818634,-0.023504549637436867,0.8141009211540222,0.7698911428451538,-0.011548349633812904,N
0.806548535823822,0.9145230650901794,-2.9841709192623966e-07,0.751899778842926,0.8788927793502808,-0.01768714375793934,0.7191327810287476,0.7833479642868042,-0.025587178766727448,0.7300395369529724,0.6842826008796692,-0.03546147048473358,0.7471593618392944,0.6084942817687988,-0.042052652686834335,0.7059111595153809,0.73438560962677,0.007445311639457941,0.687067985534668,0.6681750416755676,-0.024078860878944397,0.7077969908714294,0.72557532787323,-0.04520809277892113,0.7266865968704224,0.7748299837112427,-0.05340593680739403,0.7386332750320435,0.7062178254127502,0.0028999876230955124,0.713117778301239,0.6087163090705872,-0.033060576766729355,0.7236682176589966,0.6740963459014893,-0.0498867928981781,0.7374040484428406,0.7255784273147583,-0.04985788092017174,0.7738480567932129,0.698039710521698,-0.006739663891494274,0.7667785882949829,0.6443614363670349,-0.041292689740657806,0.7773135900497437,0.7445266842842102,-0.03913581371307373,0.7842271327972412,0.8031032085418701,-0.02504986710846424,0.8081399202346802,0.7030425071716309,-0.01823875494301319,0.795148491859436,0.6761212944984436,-0.034737326204776764,0.7995622158050537,0.74466872215271,-0.02506595104932785,0.8041167259216309,0.7803906798362732,-0.01143656112253666,N
0.7898388504981995,0.8829587697982788,-4.259942443241016e-07,0.7336757183074951,0.8165158033370972,-0.010701056569814682,0.7159477472305298,0.7081523537635803,-0.01768714189529419,0.7459195256233215,0.6225346922874451,-0.028061825782060623,0.7796394228935242,0.5603928565979004,-0.03645630180835724,0.7236097455024719,0.6497844457626343,0.008778441697359085,0.7071494460105896,0.5877823829650879,-0.022045142948627472,0.7135935425758362,0.6535906195640564,-0.04286840558052063,0.7235196828842163,0.7098372578620911,-0.05162018537521362,0.7603772878646851,0.6391092538833618,0.00019737074035219848,0.7403556108474731,0.5475565791130066,-0.03331209719181061,0.7397099137306213,0.624018669128418,-0.04703603684902191,0.7443968653678894,0.691859245300293,-0.04601937159895897,0.7984837293624878,0.6451833844184875,-0.013045430183410645,0.782586395740509,0.5927717685699463,-0.04486013948917389,0.7778571844100952,0.695037305355072,-0.04039015620946884,0.7770358324050903,0.7619103789329529,-0.02645065262913704,0.8341456651687622,0.6657801270484924,-0.02772492729127407,0.810041606426239,0.6384497880935669,-0.043506450951099396,0.8026537895202637,0.712110161781311,-0.03318999335169792,0.803184986114502,0.7578128576278687,-0.019885877147316933,N
0.786841630935669,0.9016238451004028,-3.980835856509657e-07,0.7369150519371033,0.8501623868942261,-0.019773561507463455,0.7194579243659973,0.7268652319908142,-0.02724793739616871,0.7520631551742554,0.6430626511573792,-0.03414948657155037,0.7927428483963013,0.5937613248825073,-0.037100404500961304,0.7193604707717896,0.6645026803016663,-0.00763221550732851,0.7123576402664185,0.6123883128166199,-0.03499157354235649,0.72432541847229,0.6922434568405151,-0.05102884769439697,0.7336809635162354,0.7409265637397766,-0.05839941278100014,0.760087251663208,0.6497936844825745,-0.00958910584449768,0.747366726398468,0.5732924342155457,-0.04283176735043526,0.7507458925247192,0.6682595014572144,-0.053183477371931076,0.7550691962242126,0.7264413237571716,-0.05056161805987358,0.7990955710411072,0.6564486026763916,-0.015487506054341793,0.7959270477294922,0.6213526725769043,-0.04530712217092514,0.7890980243682861,0.7313938736915588,-0.03908323496580124,0.7809724807739258,0.7904788255691528,-0.025410572066903114,0.8312270045280457,0.6764910221099854,-0.023550136014819145,0.8220949172973633,0.6739229559898376,-0.03800756856799126,0.812659740447998,0.7464472651481628,-0.029440758749842644,0.8056586384773254,0.7795331478118896,-0.018443983048200607,N
0.7881693840026855,0.9043889045715332,-2.889178745135723e-07,0.7253233790397644,0.8630233407020569,-0.019938215613365173,0.6964253187179565,0.7520255446434021,-0.028192106634378433,0.7197791934013367,0.6467970609664917,-0.037671755999326706,0.7421800494194031,0.5710813999176025,-0.043663203716278076,0.6856639981269836,0.7074295878410339,0.006980163045227528,0.676733672618866,0.6360687613487244,-0.023950431495904922,0.7012204527854919,0.6985505819320679,-0.04629919305443764,0.7197937965393066,0.7479578256607056,-0.056551553308963776,0.7227205038070679,0.6786731481552124,0.003777184756472707,0.7043886184692383,0.5831642150878906,-0.032519541680812836,0.7208449840545654,0.6571730375289917,-0.0502617210149765,0.7353065609931946,0.7148526310920715,-0.05163096636533737,0.7610219120979309,0.6698974370956421,-0.004899544175714254,0.7561719417572021,0.6010302901268005,-0.038467004895210266,0.7640427947044373,0.7042325139045715,-0.03636368736624718,0.7669990062713623,0.7743780612945557,-0.02340264990925789,0.7955394983291626,0.6742640733718872,-0.01584700681269169,0.784056544303894,0.6380137205123901,-0.03215162456035614,0.7862051725387573,0.7075721025466919,-0.023188192397356033,0.7886601686477661,0.7496583461761475,-0.010715004988014698,N
0.7769919633865356,0.8871099948883057,-2.745116489677457e-07,0.7147625684738159,0.8350285291671753,-0.01318977028131485,0.6899380087852478,0.7308118939399719,-0.016768237575888634,0.7125896215438843,0.631805956363678,-0.024684354662895203,0.7382031083106995,0.5624099969863892,-0.03013516776263714,0.6919350624084473,0.6836469769477844,0.026643801480531693,0.6770144104957581,0.6140351295471191,-0.0018819391261786222,0.6904051303863525,0.6620920300483704,-0.02560112066566944,0.7041234970092773,0.7135437726974487,-0.03644731268286705,0.7239112854003906,0.6640585660934448,0.020283294841647148,0.7056059837341309,0.5745918154716492,-0.012505626305937767,0.7110912799835205,0.6258445978164673,-0.034094393253326416,0.7188382148742676,0.6818336844444275,-0.03908735513687134,0.7580093741416931,0.6594721078872681,0.007697152439504862,0.7517712712287903,0.5961563587188721,-0.026547208428382874,0.7547264099121094,0.6896210312843323,-0.03034212626516819,0.7567633390426636,0.7632753849029541,-0.021015603095293045,0.7935289144515991,0.6670750975608826,-0.006667014677077532,0.7790294289588928,0.6288875341415405,-0.026272127404808998,0.7788637280464172,0.6977198719978333,-0.021081598475575447,0.7826728224754333,0.7497380971908569,-0.01059145387262106,N
0.7866085767745972,0.8932989239692688,-3.078602901496197e-07,0.7263332605361938,0.8383710384368896,-0.012543832883238792,0.7011923789978027,0.7295049428939819,-0.016814984381198883,0.7285520434379578,0.6329398155212402,-0.02485598251223564,0.7648759484291077,0.5764336585998535,-0.03006354533135891,0.706171989440918,0.6782791614532471,0.019252046942710876,0.6950502395629883,0.6051642298698425,-0.008921826258301735,0.7070292234420776,0.6640240550041199,-0.030276138335466385,0.7192942500114441,0.7164152264595032,-0.0399678535759449,0.7416530847549438,0.6639793515205383,0.012978817336261272,0.7269277572631836,0.5720659494400024,-0.020796246826648712,0.731831431388855,0.6350076198577881,-0.03883703052997589,0.7393849492073059,0.69407719373703,-0.04083291441202164,0.7786638736724854,0.6644238233566284,0.001229050918482244,0.7744320631027222,0.6046094298362732,-0.032248929142951965,0.7732027173042297,0.7024867534637451,-0.032586079090833664,0.7713087797164917,0.7740972638130188,-0.020923485979437828,0.8146660327911377,0.6766283512115479,-0.01217754278331995,0.8009607195854187,0.6439368724822998,-0.0305063147097826,0.7972646355628967,0.7132982015609741,-0.02389668859541416,0.7977325916290283,0.7620513439178467,-0.012488064356148243,N
0.7737271785736084,0.8958850502967834,-3.207885299616464e-07,0.7160601615905762,0.8519680500030518,-0.01514501217752695,0.6876498460769653,0.7515310049057007,-0.021453993394970894,0.7052678465843201,0.6616589426994324,-0.030882906168699265,0.7385891675949097,0.6080895662307739,-0.03740904480218887,0.688078761100769,0.7018347978591919,0.010301669128239155,0.6703746914863586,0.6386587023735046,-0.019812490791082382,0.6871069669723511,0.6978646516799927,-0.04047379642724991,0.7028032541275024,0.7502841353416443,-0.048481956124305725,0.7210634350776672,0.6832351088523865,0.005471969489008188,0.7001219391822815,0.6011971831321716,-0.03065374679863453,0.7096681594848633,0.6684667468070984,-0.04685654118657112,0.7210434079170227,0.733117938041687,-0.046000901609659195,0.7560277581214905,0.6771951913833618,-0.004658186808228493,0.7471009492874146,0.6309439539909363,-0.03807444125413895,0.7522184252738953,0.7233116030693054,-0.038399919867515564,0.7557358741760254,0.7928117513656616,-0.02571818418800831,0.7895264625549316,0.6808313131332397,-0.0165926031768322,0.7741260528564453,0.65171217918396,-0.03221883624792099,0.7750089168548584,0.7149043083190918,-0.025018922984600067,0.7795159816741943,0.7622464895248413,-0.013059090822935104,N
0.7663156390190125,0.8792845010757446,-4.3861643916898174e-07,0.7113538980484009,0.8425109386444092,-0.013762308284640312,0.6788675785064697,0.7520927786827087,-0.016743559390306473,0.7001806497573853,0.6643127202987671,-0.02225332148373127,0.7388243079185486,0.6164308190345764,-0.0228120144456625,0.6820494532585144,0.6980074644088745,0.01251491904258728,0.6676236391067505,0.6213416457176208,-0.016765089705586433,0.68301922082901,0.6880409717559814,-0.030964581295847893,0.6941773295402527,0.7293774485588074,-0.03452139347791672,0.7160047292709351,0.680808424949646,0.00859755091369152,0.703659176826477,0.603784441947937,-0.024800701066851616,0.7172898054122925,0.6927999258041382,-0.03145624324679375,0.723764181137085,0.72364741563797,-0.02416759729385376,0.7509979009628296,0.6744681596755981,-0.0014540357515215874,0.7451008558273315,0.6196621656417847,-0.03280003368854523,0.751776397228241,0.7131868004798889,-0.023407652974128723,0.7536386251449585,0.7420705556869507,-0.005087825935333967,0.7858973741531372,0.6775261759757996,-0.013416582718491554,0.7767003774642944,0.631222665309906,-0.025599464774131775,0.776500940322876,0.6916747093200684,-0.013102160766720772,0.7788034081459045,0.7164920568466187,0.0020316019654273987,N
0.789536714553833,0.8942697048187256,-3.887068658059434e-07,0.732839047908783,0.8627133369445801,-0.016017906367778778,0.6969034671783447,0.7572326064109802,-0.020437020808458328,0.709894061088562,0.6508587002754211,-0.026942327618598938,0.7283648252487183,0.5725452899932861,-0.02895463816821575,0.6836345195770264,0.6989261507987976,0.014056333340704441,0.6637288331985474,0.6174036860466003,-0.014568500220775604,0.6813905239105225,0.6804259419441223,-0.031259726732969284,0.6994373798370361,0.7271683216094971,-0.036735475063323975,0.7176847457885742,0.6717103123664856,0.009121967479586601,0.6955767869949341,0.5644747018814087,-0.02267834171652794,0.7055104970932007,0.6461794972419739,-0.0337003692984581,0.7172728180885315,0.6862150430679321,-0.029461314901709557,0.7530286312103271,0.6656813621520996,-0.001984805567190051,0.7435502409934998,0.6080641746520996,-0.03064851462841034,0.7477988600730896,0.7037408947944641,-0.025438416749238968,0.7523067593574524,0.73775714635849,-0.011304717510938644,0.7882024645805359,0.670478343963623,-0.015376333147287369,0.7730972170829773,0.6425585150718689,-0.02570180967450142,0.7743792533874512,0.7037699222564697,-0.0147425951436162,0.7798094153404236,0.7194238901138306,-0.0020152023062109947,N
0.8199574947357178,0.9023635387420654,-4.025868349799566e-07,0.7596442699432373,0.8620121479034424,-0.017115769907832146,0.7254734039306641,0.7511803507804871,-0.022611018270254135,0.7454040050506592,0.6448279619216919,-0.030111322179436684,0.769354522228241,0.5664089918136597,-0.03325740247964859,0.7167940735816956,0.6891374588012695,0.012473261915147305,0.6987162232398987,0.6100603342056274,-0.016886189579963684,0.7149141430854797,0.6782427430152893,-0.034456200897693634,0.7328311204910278,0.7251942157745361,-0.0410027839243412,0.7540579438209534,0.6616151332855225,0.0076415459625422955,0.7333680391311646,0.5561609864234924,-0.025030512362718582,0.7411184906959534,0.6447539329528809,-0.03613320365548134,0.7538109421730042,0.6857088208198547,-0.03223372995853424,0.7921088933944702,0.6588152647018433,-0.003407573327422142,0.7823795080184937,0.5949117541313171,-0.032252758741378784,0.7836568355560303,0.6925941109657288,-0.02578437514603138,0.7891052961349487,0.7260980010032654,-0.011156290769577026,0.8286814093589783,0.6681800484657288,-0.01692279241979122,0.8127515912055969,0.6370165944099426,-0.027046650648117065,0.8112820386886597,0.698212742805481,-0.01535557210445404,0.8169550895690918,0.7123241424560547,-0.0023682592436671257,N
0.7897247076034546,0.89396071434021,-3.5989123148283397e-07,0.7274066209793091,0.8524242639541626,-0.013353562913835049,0.6936602592468262,0.7511690258979797,-0.01785728521645069,0.7135288119316101,0.6503049731254578,-0.025664277374744415,0.7405491471290588,0.5762484073638916,-0.02959858439862728,0.6893091201782227,0.6936647295951843,0.018790703266859055,0.6707435250282288,0.6165048480033875,-0.010612770915031433,0.68426114320755,0.6777300834655762,-0.02957448549568653,0.701606035232544,0.7269277572631836,-0.03658866509795189,0.7236647009849548,0.6695650219917297,0.012297254987061024,0.7032865285873413,0.5665361881256104,-0.01999770849943161,0.7084962129592896,0.6448262333869934,-0.03289826214313507,0.7204542756080627,0.6893200874328613,-0.03000781685113907,0.759745717048645,0.6651556491851807,-0.0005005464772693813,0.7494339346885681,0.6070082187652588,-0.02873276174068451,0.7497857213020325,0.6984694600105286,-0.02437427267432213,0.7551892399787903,0.7348708510398865,-0.010661516338586807,0.7952187657356262,0.6723282933235168,-0.015534622594714165,0.7780459523200989,0.6412878632545471,-0.024774156510829926,0.7756994962692261,0.7005124092102051,-0.013551507145166397,0.781475841999054,0.71971195936203,-0.0005837183562107384,N
0.7263553142547607,0.7247446179389954,-4.030409570532356e-07,0.6691274642944336,0.6792149543762207,0.007168455980718136,0.634118378162384,0.6123782396316528,0.01457483135163784,0.6094462871551514,0.5535076856613159,0.01466306857764721,0.5907903909683228,0.506152868270874,0.016907786950469017,0.685924232006073,0.5136716365814209,0.04907609522342682,0.6571303606033325,0.4383200407028198,0.04428885504603386,0.6277817487716675,0.4578666687011719,0.034029003232717514,0.6155897378921509,0.4965425729751587,0.02941153571009636,0.6973567008972168,0.49711039662361145,0.03967704623937607,0.6665368676185608,0.40914642810821533,0.035339951515197754,0.6307924389839172,0.43217331171035767,0.023490075021982193,0.6162310838699341,0.468053936958313,0.01800253987312317,0.7058987021446228,0.48939818143844604,0.026047473773360252,0.6773768663406372,0.3926086723804474,0.02107464335858822,0.6395534873008728,0.41384124755859375,0.013780769892036915,0.6252869367599487,0.4571286737918854,0.011982918716967106,0.7090531587600708,0.49033939838409424,0.011720175854861736,0.6845760345458984,0.4086577892303467,0.011400130577385426,0.6518387198448181,0.4059743881225586,0.011500146239995956,0.6339063048362732,0.4335665702819824,0.013149777427315712,O
0.7716849446296692,0.7524100542068481,-5.015466513214051e-07,0.7030015587806702,0.6752810478210449,0.06845593452453613,0.6704184412956238,0.6035981178283691,0.0907941684126854,0.64615398645401,0.5453949570655823,0.09020645916461945,0.6399177312850952,0.4841638207435608,0.08749283105134964,0.7447429895401001,0.49344655871391296,0.11081584542989731,0.7153692245483398,0.40210384130477905,0.11836188286542892,0.6745627522468567,0.41922008991241455,0.11461096256971359,0.6543247103691101,0.463063508272171,0.11171948164701462,0.7575749158859253,0.4909323751926422,0.0638234093785286,0.718338131904602,0.3809952139854431,0.07035994529724121,0.6704309582710266,0.40718770027160645,0.06253493577241898,0.6542956233024597,0.44716542959213257,0.0575135312974453,0.7612665295600891,0.4915049374103546,0.01589556224644184,0.723294198513031,0.3842902183532715,0.019979117438197136,0.6754835844039917,0.40478068590164185,0.022701965644955635,0.6558924317359924,0.4498293995857239,0.024173401296138763,0.7544715404510498,0.4981233775615692,-0.028315795585513115,0.717269778251648,0.41449660062789917,-0.023531420156359673,0.6753737926483154,0.4228878915309906,-0.015097402036190033,0.6524474620819092,0.45727765560150146,-0.009109962731599808,O
0.8205263018608093,0.7136859893798828,-3.1641107511859445e-07,0.7444961667060852,0.6480753421783447,0.04966256022453308,0.7101730704307556,0.5770506858825684,0.07538064569234848,0.6851494312286377,0.5092754364013672,0.08086079359054565,0.6847216486930847,0.4522300064563751,0.08555462211370468,0.765216588973999,0.48012852668762207,0.13285039365291595,0.7435327768325806,0.4013025164604187,0.14302192628383636,0.7136590480804443,0.40772807598114014,0.1326904594898224,0.6957532167434692,0.43933922052383423,0.12511244416236877,0.7800328135490417,0.4628303050994873,0.09872803837060928,0.7579807043075562,0.36064761877059937,0.10479883849620819,0.718461811542511,0.37271013855934143,0.08345488458871841,0.6987853050231934,0.4120529592037201,0.0703689306974411,0.7933128476142883,0.45076149702072144,0.0602656714618206,0.7712881565093994,0.3495788276195526,0.06510942429304123,0.7278854250907898,0.36484456062316895,0.05245117098093033,0.7081007361412048,0.40609151124954224,0.04499543458223343,0.8023697137832642,0.4442863464355469,0.02329789288341999,0.778310239315033,0.360761433839798,0.03129735589027405,0.7378883957862854,0.3651479184627533,0.03164539858698845,0.7133293151855469,0.39499661326408386,0.031353890895843506,O
0.8259592056274414,0.7154351472854614,-7.300052402570145e-07,0.7700515389442444,0.5973217487335205,0.08949564397335052,0.7471439242362976,0.5084599256515503,0.11106239259243011,0.7232285141944885,0.4402870535850525,0.10748254507780075,0.7094849944114685,0.3740949332714081,0.09880024939775467,0.858869731426239,0.41580748558044434,0.08461207151412964,0.8160087466239929,0.30233365297317505,0.08827897161245346,0.7646114230155945,0.3056647777557373,0.08432568609714508,0.733771026134491,0.3444705307483673,0.0793023332953453,0.8615004420280457,0.42691707611083984,0.02451045624911785,0.8176840543746948,0.2833654284477234,0.02877817116677761,0.7612884044647217,0.2927023768424988,0.022595621645450592,0.7334020733833313,0.3291618824005127,0.014241889119148254,0.8521755337715149,0.43906837701797485,-0.03108270838856697,0.8149408102035522,0.2964840531349182,-0.02708049863576889,0.7629523873329163,0.3072971999645233,-0.02138448879122734,0.7344436645507812,0.34734269976615906,-0.022829074412584305,0.8299146890640259,0.45188772678375244,-0.08033137768507004,0.7910318374633789,0.35178127884864807,-0.07857207208871841,0.7472934126853943,0.35102578997612,-0.06966554373502731,0.7204089164733887,0.3767794370651245,-0.06576851010322571,O
0.8135857582092285,0.7151880860328674,-6.110082040322595e-07,0.7420867085456848,0.627598762512207,0.06961334496736526,0.7088149785995483,0.550506591796875,0.08519669622182846,0.68035888671875,0.49242526292800903,0.07609180361032486,0.6682409048080444,0.43027371168136597,0.06349098682403564,0.7950366139411926,0.42567238211631775,0.09666449576616287,0.7545701861381531,0.3335556983947754,0.09281746298074722,0.7080681920051575,0.3514137268066406,0.08079411834478378,0.681869387626648,0.3994840979576111,0.07223527133464813,0.8058599233627319,0.43023931980133057,0.04233720898628235,0.7562597393989563,0.3129110634326935,0.0371837392449379,0.701180636882782,0.3438442349433899,0.02246621437370777,0.6789752840995789,0.3903968036174774,0.012650726363062859,0.8080939054489136,0.4392448663711548,-0.012254294008016586,0.7621188759803772,0.3239387273788452,-0.01779658906161785,0.7089418768882751,0.3511321544647217,-0.018386438488960266,0.6861299276351929,0.40132370591163635,-0.019372742623090744,0.799504816532135,0.4542207717895508,-0.06291554123163223,0.7568670511245728,0.3687341809272766,-0.06678597629070282,0.7095901370048523,0.3808978497982025,-0.0612512081861496,0.6846680641174316,0.41614124178886414,-0.05735207349061966,O
0.8160441517829895,0.7309901118278503,-6.361855753311829e-07,0.7372003197669983,0.6511486172676086,0.07645370066165924,0.6990835666656494,0.5775963068008423,0.10331903398036957,0.6687794923782349,0.5168262124061584,0.10551029443740845,0.6597422957420349,0.44706064462661743,0.10563584417104721,0.7756356596946716,0.4436831772327423,0.1200827956199646,0.7366118431091309,0.3455618619918823,0.12856288254261017,0.6907321214675903,0.3788793385028839,0.1260557323694229,0.6734755635261536,0.4381265640258789,0.12447905540466309,0.7896350622177124,0.4377017021179199,0.06950406730175018,0.7438101768493652,0.31545233726501465,0.07408955693244934,0.6897858381271362,0.36224621534347534,0.06595782935619354,0.6756454110145569,0.418149471282959,0.06222399324178696,0.7936427593231201,0.4395323395729065,0.018512872979044914,0.7497470378875732,0.31967395544052124,0.02135433442890644,0.6948399543762207,0.36170798540115356,0.024058790877461433,0.6772482991218567,0.42267751693725586,0.0264715775847435,0.7853206396102905,0.4499676525592804,-0.027900459244847298,0.7420477271080017,0.35595613718032837,-0.02496369369328022,0.6951489448547363,0.37684494256973267,-0.017291735857725143,0.6753604412078857,0.42469820380210876,-0.010996921919286251,O
0.8216392397880554,0.7154695987701416,-4.055300166783127e-07,0.7396945953369141,0.6438961029052734,0.05706688016653061,0.6985874176025391,0.5663766860961914,0.08254691958427429,0.6684103012084961,0.49644288420677185,0.08522157371044159,0.6661301851272583,0.43672633171081543,0.08685895055532455,0.7561144232749939,0.44947734475135803,0.13667716085910797,0.7316470742225647,0.3598446249961853,0.14442230761051178,0.695885181427002,0.3740234673023224,0.13320372998714447,0.6750509738922119,0.4132958650588989,0.1252761036157608,0.7728338241577148,0.43473657965660095,0.09534991532564163,0.747394323348999,0.3202831745147705,0.09899017214775085,0.7016831636428833,0.34513235092163086,0.07794041186571121,0.6801141500473022,0.39169102907180786,0.0655573233962059,0.786526083946228,0.42613208293914795,0.04985162243247032,0.7588485479354858,0.3173394203186035,0.05153185501694679,0.708899974822998,0.34233152866363525,0.03983784839510918,0.6863611340522766,0.39173316955566406,0.03346884995698929,0.793351948261261,0.4242156744003296,0.006443892139941454,0.7619904279708862,0.33500027656555176,0.011738485656678677,0.7163311243057251,0.3458305895328522,0.012883199378848076,0.6898369789123535,0.3812742829322815,0.013494215905666351,O
0.8291380405426025,0.7200326919555664,-6.318958298834332e-07,0.7555389404296875,0.6267474293708801,0.07668332755565643,0.7214412689208984,0.548870861530304,0.09331198781728745,0.6912510991096497,0.49004122614860535,0.0840124860405922,0.671941876411438,0.42767637968063354,0.07051388919353485,0.8131610751152039,0.4158913493156433,0.09672541916370392,0.7706663608551025,0.32154715061187744,0.09169987589120865,0.7210497856140137,0.33630719780921936,0.07805681228637695,0.6918048858642578,0.3831120729446411,0.06802717596292496,0.8232413530349731,0.4238068461418152,0.037864621728658676,0.7745087146759033,0.30069372057914734,0.031819410622119904,0.716086208820343,0.3276157081127167,0.01589364930987358,0.6899116635322571,0.37389320135116577,0.004286178387701511,0.8233057856559753,0.43612349033355713,-0.020362885668873787,0.7780394554138184,0.3206605017185211,-0.026048244908452034,0.7215760946273804,0.34599369764328003,-0.02745051309466362,0.6948763132095337,0.39500173926353455,-0.029978448525071144,0.8120434284210205,0.4539146423339844,-0.07403425127267838,0.7700740098953247,0.3679168224334717,-0.0768628716468811,0.7203630208969116,0.38025546073913574,-0.07103917747735977,0.6918380260467529,0.4151257574558258,-0.06798313558101654,O
0.827426552772522,0.7189689874649048,-6.322837293737393e-07,0.7533913850784302,0.6361823081970215,0.08767955750226974,0.7172666788101196,0.5614722371101379,0.11314814537763596,0.6848976612091064,0.5066075325012207,0.11324580013751984,0.663382887840271,0.44526830315589905,0.1089199110865593,0.8036932945251465,0.4297441840171814,0.10523352026939392,0.7488049864768982,0.34433746337890625,0.11815111339092255,0.7035996317863464,0.36460641026496887,0.12080186605453491,0.6823230981826782,0.4079975187778473,0.12108302861452103,0.8110845685005188,0.4287700355052948,0.049034278839826584,0.748705267906189,0.31840023398399353,0.06144251674413681,0.6978863477706909,0.35310229659080505,0.06032399833202362,0.680699348449707,0.39929908514022827,0.05753244459629059,0.8069531917572021,0.43435466289520264,-0.004306151997298002,0.7474336624145508,0.3239554166793823,0.0061574517749249935,0.6994439959526062,0.3564301133155823,0.015407871454954147,0.6814414262771606,0.407953143119812,0.017841627821326256,0.790902853012085,0.44715967774391174,-0.05201878026127815,0.7398558259010315,0.3658895790576935,-0.04604574665427208,0.6983652710914612,0.3775289058685303,-0.03542486950755119,0.6783210039138794,0.4140932857990265,-0.029019393026828766,O
0.8299570083618164,0.7310237884521484,-5.811353958051768e-07,0.7467840909957886,0.6501626372337341,0.06870252639055252,0.7068374156951904,0.5755362510681152,0.09118921309709549,0.6765809059143066,0.514204740524292,0.08943653106689453,0.6698096394538879,0.4448438286781311,0.08559689670801163,0.7825155258178711,0.44424790143966675,0.11463076621294022,0.7468429207801819,0.3469023108482361,0.11857852339744568,0.7022778987884521,0.3778606653213501,0.11127792298793793,0.6833802461624146,0.4357820451259613,0.10632804036140442,0.7994221448898315,0.4391232132911682,0.06508632004261017,0.7569976449012756,0.3190004825592041,0.06420379877090454,0.7034698128700256,0.3606265187263489,0.050476327538490295,0.6871508359909058,0.4134660065174103,0.04301873967051506,0.8073592782020569,0.44094008207321167,0.014252958819270134,0.7674062848091125,0.3231222927570343,0.012441000901162624,0.7116772532463074,0.3570014238357544,0.011372079141438007,0.6913266181945801,0.41401273012161255,0.01187344640493393,0.8028174638748169,0.4537526071071625,-0.03278476372361183,0.7617415189743042,0.3554147481918335,-0.03169705346226692,0.7128968238830566,0.3735298812389374,-0.02477320469915867,0.6904257535934448,0.42057979106903076,-0.019163187593221664,O
0.8650960922241211,0.8462579846382141,-1.809113712170074e-07,0.8452340960502625,0.7590031623840332,-0.007961628027260303,0.801669180393219,0.6922407746315002,-0.029596926644444466,0.7523292303085327,0.6675471067428589,-0.04996686056256294,0.7142690420150757,0.6649296879768372,-0.07145319133996964,0.8171724081039429,0.6210904121398926,-0.05335889756679535,0.7353067994117737,0.6230623126029968,-0.08326847106218338,0.6877231597900391,0.6293922066688538,-0.10041364282369614,0.6509721875190735,0.6378273963928223,-0.11158569902181625,0.8226824402809143,0.683143675327301,-0.06251314282417297,0.7278628945350647,0.7076504230499268,-0.08519617468118668,0.7457199096679688,0.7292165756225586,-0.08155292272567749,0.7714861035346985,0.7246242165565491,-0.08105925470590591,0.8205979466438293,0.7512598037719727,-0.07164416462182999,0.7297400832176208,0.7657292485237122,-0.09241503477096558,0.7517989277839661,0.7804410457611084,-0.07857414335012436,0.7796322703361511,0.7718374133110046,-0.06977035105228424,0.8160803318023682,0.8131285309791565,-0.08095867186784744,0.7413915991783142,0.811005711555481,-0.09652441740036011,0.75672447681427,0.8197985887527466,-0.08727594465017319,0.7803460955619812,0.8172141909599304,-0.0802992507815361,G
0.8783479928970337,0.8448340892791748,-2.7182301209904836e-07,0.8496526479721069,0.7546259760856628,-0.005282687954604626,0.800184428691864,0.6850211024284363,-0.02439277432858944,0.7450087666511536,0.6614041328430176,-0.04225711524486542,0.7021146416664124,0.6576120257377625,-0.06052275002002716,0.8208640813827515,0.6021733283996582,-0.0480022169649601,0.7374839782714844,0.6199802160263062,-0.07316916435956955,0.6904925107955933,0.6334954500198364,-0.08698782324790955,0.6531774997711182,0.6438746452331543,-0.09748368710279465,0.8310982584953308,0.6606542468070984,-0.058257266879081726,0.7345287799835205,0.7062631249427795,-0.07936542481184006,0.7536709904670715,0.7301782369613647,-0.07678825408220291,0.7780594825744629,0.7224616408348083,-0.07823000103235245,0.8324422836303711,0.7282077670097351,-0.06806859374046326,0.7374399900436401,0.7638996839523315,-0.08586084842681885,0.7616344094276428,0.7818317413330078,-0.07215775549411774,0.789897084236145,0.7700856328010559,-0.0651104599237442,0.8307189345359802,0.7935062646865845,-0.07820048183202744,0.7520920038223267,0.8072150945663452,-0.0938771441578865,0.7663103342056274,0.8192340135574341,-0.08680014312267303,0.7888656854629517,0.8135559558868408,-0.0818513035774231,G
0.8829283714294434,0.8289878368377686,-3.0599693445765297e-07,0.8368477821350098,0.7479428648948669,-0.0037171642761677504,0.7824017405509949,0.6852729916572571,-0.023691371083259583,0.727408230304718,0.6696236729621887,-0.04356739670038223,0.680500328540802,0.6570552587509155,-0.06287269294261932,0.8167224526405334,0.5705854296684265,-0.040267884731292725,0.7382639050483704,0.5910196304321289,-0.06369003653526306,0.6925390958786011,0.6040917634963989,-0.07646448910236359,0.6562116146087646,0.6120772361755371,-0.08662183582782745,0.8301702737808228,0.6190358400344849,-0.051991455256938934,0.738811194896698,0.6837909817695618,-0.07396724075078964,0.7589927911758423,0.716860830783844,-0.07248026877641678,0.7818911075592041,0.7077576518058777,-0.07413095235824585,0.8352378606796265,0.6802080869674683,-0.06350558996200562,0.7449111938476562,0.7435280680656433,-0.08002565801143646,0.7707781791687012,0.7673043012619019,-0.06660182774066925,0.7967263460159302,0.7491232752799988,-0.06050771474838257,0.8373345732688904,0.741062581539154,-0.0756518691778183,0.7632808089256287,0.7805250883102417,-0.08926298469305038,0.7780293226242065,0.7994150519371033,-0.08245986700057983,0.7986577153205872,0.787660539150238,-0.07825988531112671,G
0.8777875304222107,0.835435152053833,-3.746204697563371e-07,0.815746545791626,0.7731096744537354,-0.005440870765596628,0.7573957443237305,0.7114176154136658,-0.021746015176177025,0.7052563428878784,0.6884389519691467,-0.039056140929460526,0.6556137800216675,0.6696997880935669,-0.055243119597435,0.804341733455658,0.5596977472305298,-0.022822318598628044,0.7329292893409729,0.5718232989311218,-0.04553999751806259,0.6910475492477417,0.581693708896637,-0.060414593666791916,0.6577917337417603,0.5883799195289612,-0.07190320640802383,0.8204423189163208,0.591554582118988,-0.034113600850105286,0.7362889051437378,0.660427451133728,-0.056939829140901566,0.7576102614402771,0.7038396596908569,-0.05912179872393608,0.7817485332489014,0.6982080340385437,-0.06148732826113701,0.8299356698989868,0.6431013941764832,-0.04666270688176155,0.7530787587165833,0.7264788150787354,-0.0661918893456459,0.7791579961776733,0.7578221559524536,-0.05648192763328552,0.802044153213501,0.7393848896026611,-0.05103280395269394,0.8342624306678772,0.7026782631874084,-0.06035064160823822,0.7747932076454163,0.7651893496513367,-0.0773642510175705,0.7913228273391724,0.7917895913124084,-0.07309189438819885,0.8103018999099731,0.7786575555801392,-0.06922419369220734,G
0.8765238523483276,0.8298909664154053,-2.752575198883278e-07,0.8299038410186768,0.7420118451118469,-0.0011068197200074792,0.7821483016014099,0.6842439770698547,-0.027399523183703423,0.7336000204086304,0.6683187484741211,-0.053712762892246246,0.6893573999404907,0.6481955647468567,-0.07945699989795685,0.824163019657135,0.571088969707489,-0.059830326586961746,0.7446803450584412,0.5852948427200317,-0.08633339405059814,0.6984117031097412,0.5975693464279175,-0.09751299768686295,0.6609081029891968,0.6105771660804749,-0.10590608417987823,0.8374637961387634,0.6283625364303589,-0.07484165579080582,0.7409859895706177,0.6733803153038025,-0.09408939629793167,0.7605229616165161,0.7050763964653015,-0.08492158353328705,0.7844440937042236,0.6979504823684692,-0.08356104791164398,0.8403319716453552,0.6912358403205872,-0.08876606822013855,0.7459423542022705,0.7341495156288147,-0.09917882829904556,0.7708082795143127,0.7577975988388062,-0.07703021913766861,0.7983008623123169,0.7439126372337341,-0.06874828785657883,0.8407990336418152,0.7500606179237366,-0.10359072685241699,0.764469563961029,0.7745550274848938,-0.11329823732376099,0.7762990593910217,0.7902940511703491,-0.10201029479503632,0.795992910861969,0.7819714546203613,-0.09685574471950531,G
0.8723120093345642,0.850735068321228,-2.063482469338851e-07,0.8523966670036316,0.7535680532455444,-0.005773868411779404,0.8126980662345886,0.6794142723083496,-0.02835451439023018,0.7664310336112976,0.6571300029754639,-0.05000140145421028,0.728644609451294,0.6567938327789307,-0.07300187647342682,0.8396210074424744,0.6184973120689392,-0.06464999914169312,0.749678909778595,0.6242629289627075,-0.10037555545568466,0.699353039264679,0.6360105276107788,-0.12202929705381393,0.6601448059082031,0.6493456959724426,-0.13565580546855927,0.8474112153053284,0.6955786347389221,-0.07552608847618103,0.7424805760383606,0.7129658460617065,-0.10015051066875458,0.7555299997329712,0.7227833867073059,-0.09744927287101746,0.7787868976593018,0.7172209024429321,-0.0988951325416565,0.8445426821708679,0.7740775942802429,-0.08589698374271393,0.7400098443031311,0.7714911699295044,-0.10680006444454193,0.7611198425292969,0.7795400023460388,-0.09067771583795547,0.7934933304786682,0.7748186588287354,-0.08065814524888992,0.8383753299713135,0.8428323864936829,-0.09650786221027374,0.7543429136276245,0.8200483322143555,-0.11572867631912231,0.7635828256607056,0.8179901242256165,-0.10756473988294601,0.7870954275131226,0.8130803108215332,-0.10063166916370392,G
0.8509693145751953,0.880789041519165,-2.1015465279106138e-07,0.8225823640823364,0.7881228923797607,-0.0058588190004229546,0.7724534273147583,0.7134954929351807,-0.02703232690691948,0.7155648469924927,0.6897534728050232,-0.04670615494251251,0.671657145023346,0.6908038854598999,-0.06720124930143356,0.799692690372467,0.6491297483444214,-0.05731065571308136,0.7142866849899292,0.6520230174064636,-0.08958706259727478,0.6656076908111572,0.6632236242294312,-0.10891325771808624,0.6262177228927612,0.6768701076507568,-0.12186872959136963,0.8053839802742004,0.7183339595794678,-0.06808829307556152,0.703583836555481,0.7353327870368958,-0.0935647115111351,0.7235872745513916,0.7510347962379456,-0.09120192378759384,0.7509109377861023,0.7438468337059021,-0.09199488908052444,0.8034037351608276,0.790507435798645,-0.0782587081193924,0.7040566205978394,0.7916598320007324,-0.10073066502809525,0.7281796932220459,0.8025043606758118,-0.08487601578235626,0.7592226266860962,0.7946761250495911,-0.07459697872400284,0.7981382012367249,0.8566030859947205,-0.08846462517976761,0.7189273834228516,0.8425255417823792,-0.1064235270023346,0.7321648597717285,0.8461612462997437,-0.09714557975530624,0.7550396919250488,0.8423231244087219,-0.0898841843008995,G
0.8452247381210327,0.8591910600662231,-2.728907020355109e-07,0.8035743236541748,0.7714506387710571,-0.0059015993028879166,0.747661828994751,0.70570969581604,-0.027954941615462303,0.6896330118179321,0.687096357345581,-0.049513813108205795,0.6396652460098267,0.6720084547996521,-0.07078670710325241,0.7887672185897827,0.607884407043457,-0.04812236502766609,0.7084299921989441,0.6120767593383789,-0.0739859789609909,0.6612225770950317,0.6202614307403564,-0.086450956761837,0.6257719993591309,0.6289536952972412,-0.09572981297969818,0.8005234599113464,0.6657066345214844,-0.059149369597435,0.70467609167099,0.7063586115837097,-0.08352318406105042,0.723782479763031,0.737374484539032,-0.08046121150255203,0.7480681538581848,0.7288278937339783,-0.08081194758415222,0.8030754327774048,0.7300168871879578,-0.069901242852211,0.7085612416267395,0.7646912932395935,-0.08987174928188324,0.7336023449897766,0.7870110869407654,-0.07373802363872528,0.7609623670578003,0.7738186120986938,-0.06505072116851807,0.8023386001586914,0.7906323671340942,-0.0811016708612442,0.7260745763778687,0.8062966465950012,-0.09782761335372925,0.7400805354118347,0.8216434121131897,-0.08959929645061493,0.7619961500167847,0.8137129545211792,-0.08391550928354263,G
0.8526589274406433,0.8655523657798767,-2.3241402402618405e-07,0.8260190486907959,0.7700376510620117,-0.005430796183645725,0.7778799533843994,0.6969260573387146,-0.026573533192276955,0.7233965396881104,0.6725146174430847,-0.0457775741815567,0.6802477240562439,0.6718457341194153,-0.06572476029396057,0.8036565780639648,0.6319624185562134,-0.06029174476861954,0.7186082005500793,0.6360744833946228,-0.0907711312174797,0.6704594492912292,0.6442822813987732,-0.10769914835691452,0.6316214203834534,0.656048595905304,-0.11918817460536957,0.811815083026886,0.6979818940162659,-0.07062868028879166,0.7095211744308472,0.7188258767127991,-0.0926036536693573,0.7291005253791809,0.73978191614151,-0.08681990206241608,0.7555723190307617,0.7336158156394958,-0.08601836115121841,0.8103110790252686,0.7684648036956787,-0.08018887042999268,0.7110356092453003,0.776286780834198,-0.09953894466161728,0.7344895601272583,0.7895609140396118,-0.0825381726026535,0.764558732509613,0.7805842757225037,-0.07276976853609085,0.805455207824707,0.8336329460144043,-0.08975711464881897,0.7257093191146851,0.8258955478668213,-0.10571231693029404,0.7392594814300537,0.8312966227531433,-0.095896415412426,0.762394368648529,0.8281301259994507,-0.08906987309455872,G
0.8505954146385193,0.8775913715362549,-1.504153459563895e-07,0.8338044285774231,0.784467875957489,-0.004544720519334078,0.7933663129806519,0.7111445069313049,-0.02712085284292698,0.7485297918319702,0.6799448132514954,-0.04590008780360222,0.7063060998916626,0.6768172979354858,-0.0665285512804985,0.807865560054779,0.6675442457199097,-0.07972671836614609,0.7171658277511597,0.6541392803192139,-0.11278995126485825,0.6661237478256226,0.6513767838478088,-0.13099002838134766,0.6261203289031982,0.6582995057106018,-0.142100989818573,0.8076286911964417,0.736088752746582,-0.08809059858322144,0.7055643200874329,0.7276265621185303,-0.10522620379924774,0.7221047878265381,0.7375627160072327,-0.09411162883043289,0.7486604452133179,0.7385398149490356,-0.09070764482021332,0.7986955642700195,0.8030113577842712,-0.0942387804389,0.7016238570213318,0.7793933749198914,-0.10725218802690506,0.7220199704170227,0.7883730530738831,-0.08591294288635254,0.7519063353538513,0.7899933457374573,-0.07462819665670395,0.7886009216308594,0.862176239490509,-0.10023634135723114,0.7114210724830627,0.8341980576515198,-0.11197812855243683,0.7263854742050171,0.8334072828292847,-0.09881556034088135,0.7507957816123962,0.8372551202774048,-0.09018973261117935,G
0.83549964427948,0.8383921384811401,-2.60697817111577e-07,0.804375171661377,0.743980348110199,-0.0018726404523476958,0.7539708614349365,0.675109326839447,-0.023582112044095993,0.6949789524078369,0.655235767364502,-0.0443258173763752,0.6485970616340637,0.655498743057251,-0.06556444615125656,0.775039792060852,0.597144603729248,-0.056134287267923355,0.6911167502403259,0.6064707636833191,-0.0813044086098671,0.6430823802947998,0.6190131306648254,-0.0919758528470993,0.6048597097396851,0.6350196599960327,-0.09994065016508102,0.7820963263511658,0.6596513390541077,-0.06870617717504501,0.6847197413444519,0.692715585231781,-0.08928524702787399,0.7062354683876038,0.7181628942489624,-0.08131234347820282,0.731615424156189,0.71027672290802,-0.0792572945356369,0.7811968922615051,0.7270601987838745,-0.07997968047857285,0.6865282654762268,0.7484375238418579,-0.09549524635076523,0.7114851474761963,0.7676504254341125,-0.07558224350214005,0.7399607300758362,0.7601805925369263,-0.065513975918293,0.7777803540229797,0.7924865484237671,-0.09147956967353821,0.7016334533691406,0.7991718053817749,-0.10512768477201462,0.7132518291473389,0.8086717128753662,-0.09541583806276321,0.7321256995201111,0.8042272329330444,-0.08952097594738007,G
0.8680574893951416,0.6151877641677856,-3.5439663292891055e-07,0.8000655174255371,0.6486436724662781,-0.012966131791472435,0.7389989495277405,0.645147979259491,-0.024549543857574463,0.6916396617889404,0.6353282332420349,-0.03624783828854561,0.6447000503540039,0.6291834115982056,-0.04906582459807396,0.7109062671661377,0.5079107284545898,-0.02929866686463356,0.6581171751022339,0.5713632702827454,-0.055652961134910583,0.6193529367446899,0.6017744541168213,-0.07353408634662628,0.5852402448654175,0.6222120523452759,-0.08618152141571045,0.7353618144989014,0.5031890273094177,-0.036897026002407074,0.6942827701568604,0.6458761692047119,-0.07193739712238312,0.6748414635658264,0.7385746836662292,-0.08596832305192947,0.6613279581069946,0.802855372428894,-0.09276281297206879,0.7645516395568848,0.5284585952758789,-0.04560769721865654,0.7363596558570862,0.6920204758644104,-0.07983192056417465,0.7631368041038513,0.741356611251831,-0.07781735807657242,0.7853592038154602,0.7501680850982666,-0.07029743492603302,0.7941904664039612,0.5649401545524597,-0.055527664721012115,0.7765476107597351,0.693536102771759,-0.08204995095729828,0.7921015024185181,0.7164064049720764,-0.08239350467920303,0.8052870035171509,0.6994715929031372,-0.07744350284337997,P
0.8466429710388184,0.63956218957901,-3.7747764736195677e-07,0.7717721462249756,0.6606053709983826,-0.011915385723114014,0.7098581790924072,0.633510172367096,-0.02105756103992462,0.6633467674255371,0.6013854742050171,-0.03128548339009285,0.6170374155044556,0.5790277123451233,-0.042408909648656845,0.6891732215881348,0.4949761629104614,-0.0228267852216959,0.6278281807899475,0.5282137989997864,-0.04617362096905708,0.585933268070221,0.5332411527633667,-0.0621674582362175,0.548615038394928,0.530069887638092,-0.07357560843229294,0.7126860022544861,0.48224449157714844,-0.030381280928850174,0.6648082137107849,0.61137855052948,-0.06490212678909302,0.6409745216369629,0.6978491544723511,-0.07963395863771439,0.6256681680679321,0.7597106099128723,-0.08557029813528061,0.7410355806350708,0.5030201077461243,-0.03897111117839813,0.7057116031646729,0.6661595106124878,-0.07321473211050034,0.7296214699745178,0.7257746458053589,-0.07290351390838623,0.752083420753479,0.7460641860961914,-0.06533272564411163,0.7699593305587769,0.5393183827400208,-0.0488174743950367,0.7433004379272461,0.6698586344718933,-0.0741766020655632,0.7580922245979309,0.7072713375091553,-0.07407864183187485,0.774273693561554,0.7063621282577515,-0.06801232695579529,P
0.8466053009033203,0.6725256443023682,-3.44010686603724e-07,0.7704253792762756,0.6902675628662109,-0.01111634448170662,0.7068771123886108,0.6593035459518433,-0.0200198907405138,0.6589064598083496,0.6215323805809021,-0.03074321523308754,0.6141898036003113,0.5949044823646545,-0.04232321307063103,0.6824610233306885,0.5238947868347168,-0.021996859461069107,0.6185659766197205,0.5398237705230713,-0.0460088886320591,0.5767816305160522,0.5322935581207275,-0.06246932968497276,0.5404633283615112,0.5216920375823975,-0.07391829788684845,0.7068648934364319,0.5089601278305054,-0.030829831957817078,0.6560280323028564,0.6278265118598938,-0.06770019978284836,0.631827175617218,0.7139784097671509,-0.0831126794219017,0.6182286143302917,0.7792901992797852,-0.0883515328168869,0.7368798851966858,0.5271901488304138,-0.04083675146102905,0.6961583495140076,0.6838176250457764,-0.07656873017549515,0.7159207463264465,0.7532901167869568,-0.07700876891613007,0.7378561496734619,0.7869675755500793,-0.06910760700702667,0.7675608992576599,0.5624290108680725,-0.05215734988451004,0.7381404638290405,0.6931723952293396,-0.07870978116989136,0.7494083642959595,0.7364078760147095,-0.07945172488689423,0.7647753953933716,0.7453694939613342,-0.0733412653207779,P
0.8750768303871155,0.6445205807685852,-3.428899049140455e-07,0.7987009286880493,0.6562608480453491,-0.007369806058704853,0.7369466423988342,0.640884518623352,-0.016962023451924324,0.6871585249900818,0.6275365352630615,-0.028920143842697144,0.6407954096794128,0.6179713606834412,-0.0419185608625412,0.7060325145721436,0.5301312804222107,-0.02267763577401638,0.6499030590057373,0.55229252576828,-0.04633665829896927,0.6094517111778259,0.5581713318824768,-0.0625237375497818,0.5726324915885925,0.5586681365966797,-0.07443466037511826,0.732000470161438,0.514569103717804,-0.033137865364551544,0.6905308365821838,0.6490572690963745,-0.06548328697681427,0.6683624386787415,0.7348834872245789,-0.08035558462142944,0.6532843708992004,0.7985067367553711,-0.08858358860015869,0.7656335830688477,0.5298251509666443,-0.0443195104598999,0.7387312054634094,0.6966603398323059,-0.07727319002151489,0.7546523809432983,0.761975884437561,-0.08003626018762589,0.7697731256484985,0.7954902648925781,-0.07636961340904236,0.8009284138679504,0.5597922205924988,-0.056130100041627884,0.7792149782180786,0.692598819732666,-0.08045690506696701,0.7869659066200256,0.7336792945861816,-0.08287259191274643,0.7965922951698303,0.7458953261375427,-0.08008759468793869,P
0.889220118522644,0.5543447136878967,-2.776018845906947e-07,0.8211477398872375,0.5920505523681641,-0.014591282233595848,0.7638536095619202,0.6123310327529907,-0.031048482283949852,0.7227927446365356,0.627413809299469,-0.04656989127397537,0.6815922856330872,0.6382278203964233,-0.06408468633890152,0.7311877608299255,0.49614375829696655,-0.04515908658504486,0.6918870806694031,0.5621791481971741,-0.07397695630788803,0.6592424511909485,0.6000018119812012,-0.09366005659103394,0.6292457580566406,0.6279474496841431,-0.10833616554737091,0.7635964155197144,0.4824850261211395,-0.053646475076675415,0.7327749729156494,0.6356815099716187,-0.08834343403577805,0.7177028656005859,0.7372790575027466,-0.10294831544160843,0.7085040211677551,0.8088170289993286,-0.11301588267087936,0.8026628494262695,0.5026261806488037,-0.0625000149011612,0.7811211347579956,0.6696965098381042,-0.09625031054019928,0.7945778965950012,0.7243368625640869,-0.09597312659025192,0.8091040849685669,0.7396295666694641,-0.09229292720556259,0.8405004143714905,0.5360954403877258,-0.07206245511770248,0.8214311003684998,0.6674925088882446,-0.10053875297307968,0.8267014026641846,0.6923424005508423,-0.10272344201803207,0.8331049084663391,0.6814824342727661,-0.10054203122854233,P
0.8688064217567444,0.5569899678230286,-3.453643557804753e-07,0.8018942475318909,0.5937825441360474,-0.008349833078682423,0.740880012512207,0.595108151435852,-0.02002839744091034,0.6920889019966125,0.593325138092041,-0.033473797142505646,0.6473158001899719,0.598840594291687,-0.048296019434928894,0.7059614658355713,0.4825282096862793,-0.03153083100914955,0.6445418000221252,0.545497477054596,-0.06033308804035187,0.6031186580657959,0.5800369381904602,-0.0785297155380249,0.5664054751396179,0.6053200960159302,-0.09106381982564926,0.728999674320221,0.4732430577278137,-0.04334054887294769,0.6893761157989502,0.6117025017738342,-0.07990649342536926,0.6728703379631042,0.7050784826278687,-0.0931120365858078,0.6608272790908813,0.7701379060745239,-0.09905670583248138,0.7604789733886719,0.48992466926574707,-0.055711694061756134,0.741797685623169,0.6559513211250305,-0.08920814841985703,0.7706146240234375,0.691487729549408,-0.0853339210152626,0.7918015122413635,0.6865198016166687,-0.07713431864976883,0.7941398620605469,0.5189843773841858,-0.06917351484298706,0.7812722325325012,0.6520001888275146,-0.09374652057886124,0.7971422672271729,0.6756396293640137,-0.09151154011487961,0.8089048266410828,0.6579659581184387,-0.0851781964302063,P
0.8658539056777954,0.5346882939338684,-3.13129106643828e-07,0.8032515645027161,0.574462890625,-0.0056900810450315475,0.7462839484214783,0.6096997261047363,-0.020570266991853714,0.7020424604415894,0.6428385376930237,-0.036863505840301514,0.6577410101890564,0.6697796583175659,-0.054723940789699554,0.7027749419212341,0.5168443918228149,-0.03832893446087837,0.6534393429756165,0.5981589555740356,-0.0653303861618042,0.620473325252533,0.6464051008224487,-0.08173748105764389,0.5899018049240112,0.6823552846908569,-0.0934518352150917,0.7292817831039429,0.508232057094574,-0.05054987221956253,0.7041493058204651,0.6593810319900513,-0.0827876478433609,0.6937751770019531,0.7614204287528992,-0.09253253042697906,0.6861159205436707,0.8311691284179688,-0.09876467287540436,0.7638412714004517,0.5230796933174133,-0.06244204193353653,0.7541635036468506,0.6846448183059692,-0.09022653102874756,0.7798420190811157,0.7144217491149902,-0.08352940529584885,0.7984251976013184,0.7072484493255615,-0.07604170590639114,0.7986940145492554,0.5473117232322693,-0.07502170652151108,0.7934157848358154,0.6742700934410095,-0.09607917070388794,0.8055307269096375,0.6937627196311951,-0.09295528382062912,0.8128474950790405,0.6779990792274475,-0.08734716475009918,P
0.8720774054527283,0.5739791393280029,-3.1577832260154537e-07,0.8031378984451294,0.6051729917526245,-0.007566546089947224,0.7420860528945923,0.602052628993988,-0.018083764240145683,0.6932515501976013,0.5958536863327026,-0.03026539832353592,0.6471838355064392,0.5935180187225342,-0.04344876483082771,0.7090200185775757,0.48678112030029297,-0.026865458115935326,0.6496730446815491,0.5392817854881287,-0.05309585481882095,0.6089455485343933,0.5657325983047485,-0.06988155841827393,0.5734124779701233,0.5838468074798584,-0.08136996626853943,0.7327052354812622,0.47714799642562866,-0.03774821758270264,0.6906390190124512,0.606094479560852,-0.07189721614122391,0.668622612953186,0.6940382719039917,-0.08487674593925476,0.6536403894424438,0.7560001611709595,-0.09096579253673553,0.7644072771072388,0.4945333003997803,-0.04926761984825134,0.74067622423172,0.654376745223999,-0.08204670995473862,0.7660720944404602,0.7064258456230164,-0.07924123108386993,0.7874436378479004,0.7171831130981445,-0.07140620797872543,0.7979519367218018,0.5252538919448853,-0.06167559698224068,0.7817461490631104,0.6539282202720642,-0.08568663895130157,0.7956147193908691,0.6819400191307068,-0.08429667353630066,0.808072566986084,0.6695149540901184,-0.07848387956619263,P
0.9658268690109253,0.5643820762634277,-3.729516322437121e-07,0.8783042430877686,0.5629431009292603,-0.013712909072637558,0.8157751560211182,0.5065886974334717,-0.025678684934973717,0.7711382508277893,0.44453534483909607,-0.0394575297832489,0.7246134281158447,0.3963746428489685,-0.05412730202078819,0.815190851688385,0.3441191613674164,-0.02772066928446293,0.7399975061416626,0.33732813596725464,-0.05748210474848747,0.6891105771064758,0.32357531785964966,-0.07686057686805725,0.6435103416442871,0.30466175079345703,-0.09004248678684235,0.8450666666030884,0.3359702229499817,-0.03762175515294075,0.766333281993866,0.43305209279060364,-0.07696820795536041,0.7254102230072021,0.5088779330253601,-0.09279417991638184,0.6975880861282349,0.5606159567832947,-0.099360391497612,0.8748764991760254,0.36435186862945557,-0.04908261075615883,0.8064466714859009,0.5084766149520874,-0.09014176577329636,0.8165518045425415,0.6036869883537292,-0.0884748250246048,0.8331263661384583,0.6575939655303955,-0.07860497385263443,0.902983546257019,0.41469696164131165,-0.06214161589741707,0.8540355563163757,0.5374274849891663,-0.09294230490922928,0.8587989807128906,0.6014792323112488,-0.09262031316757202,0.8713536858558655,0.6300321221351624,-0.08533841371536255,P
0.9828335046768188,0.5620751976966858,-3.4327931075495144e-07,0.8945035934448242,0.5845701098442078,-0.013688252307474613,0.8271287679672241,0.5470448732376099,-0.025403495877981186,0.7749799489974976,0.4995492398738861,-0.03875338286161423,0.7213644981384277,0.4673386216163635,-0.05316245183348656,0.8101037740707397,0.3800033628940582,-0.026830673217773438,0.7381114959716797,0.39249804615974426,-0.055087070912122726,0.6880420446395874,0.39543575048446655,-0.07370982319116592,0.6433301568031311,0.3948005437850952,-0.08682984113693237,0.8396843075752258,0.3727302551269531,-0.03689943253993988,0.7657792568206787,0.49101099371910095,-0.0744086503982544,0.7224985361099243,0.5817188024520874,-0.09130549430847168,0.6932187676429749,0.6480971574783325,-0.10021573305130005,0.8714768290519714,0.4030197262763977,-0.048713620752096176,0.8132492899894714,0.5642403960227966,-0.08867617696523666,0.8257809281349182,0.6500966548919678,-0.08987244218587875,0.8432571887969971,0.6910125613212585,-0.08337206393480301,0.9026458859443665,0.45274630188941956,-0.06183328852057457,0.8618208169937134,0.5877800583839417,-0.09228359907865524,0.871006965637207,0.6338685750961304,-0.09446138888597488,0.8858998417854309,0.6390561461448669,-0.09010578691959381,P
0.9646748304367065,0.38283592462539673,-2.883189438307454e-07,0.889110267162323,0.4145991802215576,-0.003231649985536933,0.8176673054695129,0.45042139291763306,-0.01713857427239418,0.7636023163795471,0.4885747730731964,-0.032398778945207596,0.7136363983154297,0.51664799451828,-0.04977089911699295,0.7729949355125427,0.35028743743896484,-0.03668642044067383,0.7152677774429321,0.4414308965206146,-0.06353988498449326,0.6764057874679565,0.49661433696746826,-0.08059977740049362,0.6423326730728149,0.5371142625808716,-0.09306222945451736,0.8073573708534241,0.34484460949897766,-0.050679564476013184,0.7679997086524963,0.5085710287094116,-0.08253002911806107,0.7475317716598511,0.6210026144981384,-0.09585246443748474,0.7346625328063965,0.6986819505691528,-0.10590870678424835,0.8492547869682312,0.36512434482574463,-0.0637703463435173,0.8208094239234924,0.5450535416603088,-0.09495518356561661,0.8382891416549683,0.6084665060043335,-0.09282723069190979,0.8558093309402466,0.6269733905792236,-0.08824864774942398,0.890484631061554,0.3992491364479065,-0.07654166966676712,0.8689496517181396,0.5396752953529358,-0.10142195224761963,0.8765736222267151,0.563500165939331,-0.10054222494363785,0.8842427730560303,0.5459028482437134,-0.0963980183005333,P
0.8387922644615173,0.31666696071624756,-1.9269728568360733e-07,0.7780892252922058,0.3583630323410034,-0.008020013570785522,0.72291499376297,0.4444173276424408,-0.026038020849227905,0.6876076459884644,0.5378300547599792,-0.043375372886657715,0.6490448713302612,0.6131757497787476,-0.06305742263793945,0.6712132096290588,0.409940630197525,-0.05036130174994469,0.6357678174972534,0.5457693338394165,-0.07451246678829193,0.6110307574272156,0.6180452704429626,-0.08830834180116653,0.5861347913742065,0.6790417432785034,-0.0989132970571518,0.70209139585495,0.40246376395225525,-0.05966092273592949,0.6950731873512268,0.5881432890892029,-0.0870191678404808,0.6972432136535645,0.7003927826881409,-0.09664399921894073,0.6976402997970581,0.7853579521179199,-0.10546232759952545,0.7442773580551147,0.40869849920272827,-0.0667039081454277,0.7524568438529968,0.5860527753829956,-0.08973363041877747,0.7750873565673828,0.5700161457061768,-0.08052660524845123,0.7850006222724915,0.5297724008560181,-0.0733194574713707,0.7851360440254211,0.42538291215896606,-0.07390503585338593,0.7899620532989502,0.5595200657844543,-0.09172165393829346,0.8021032810211182,0.5390329360961914,-0.08477615565061569,0.8025950789451599,0.49330198764801025,-0.0776561051607132,P
0.9766588807106018,0.5949126482009888,-2.9842735216334404e-07,0.8933351039886475,0.5881434082984924,-0.002168098697438836,0.8150136470794678,0.5818288922309875,-0.016073808073997498,0.7529036998748779,0.59763503074646,-0.03231169655919075,0.6941608190536499,0.6105828285217285,-0.0509159192442894,0.7857818007469177,0.4655928313732147,-0.035796526819467545,0.7137483954429626,0.5299642086029053,-0.06350716948509216,0.6645297408103943,0.5700271725654602,-0.08098854124546051,0.6205092072486877,0.5969218015670776,-0.09417302906513214,0.8209812641143799,0.476433664560318,-0.05217970162630081,0.7496860027313232,0.6263975501060486,-0.08432404696941376,0.7061699628829956,0.7282688617706299,-0.0989149808883667,0.6750984191894531,0.7985162734985352,-0.11084991693496704,0.8614332675933838,0.5167350769042969,-0.0678231418132782,0.8016848564147949,0.6886433959007263,-0.10045308619737625,0.8167766332626343,0.7508668899536133,-0.0984545573592186,0.8373552560806274,0.7661272287368774,-0.09395533800125122,0.8980084657669067,0.5708144307136536,-0.08316539973020554,0.8516552448272705,0.7055950164794922,-0.1090671494603157,0.8589788675308228,0.7304169535636902,-0.10845977067947388,0.8730398416519165,0.7124041318893433,-0.10479164123535156,P
0.9848294258117676,0.6113614439964294,-3.591783581669006e-07,0.9029372930526733,0.5978245139122009,-0.007583680562674999,0.8393515348434448,0.5759350061416626,-0.02420998178422451,0.7902119159698486,0.58333420753479,-0.04344438388943672,0.749453604221344,0.6042018532752991,-0.0644848495721817,0.8106654286384583,0.4111732840538025,-0.03218379244208336,0.7359843254089355,0.448924720287323,-0.06402330100536346,0.6835802793502808,0.46802592277526855,-0.08699344843626022,0.6375594139099121,0.47704625129699707,-0.10367642343044281,0.8446031212806702,0.41963139176368713,-0.04685278609395027,0.7688387632369995,0.5669591426849365,-0.0846174880862236,0.7240356802940369,0.662127673625946,-0.10168201476335526,0.691339373588562,0.7254656553268433,-0.1124027892947197,0.8804435133934021,0.4634363651275635,-0.06200891733169556,0.8174673318862915,0.6380183696746826,-0.09743113815784454,0.8302455544471741,0.7019422054290771,-0.09632735699415207,0.8473377823829651,0.7237278819084167,-0.0905761867761612,0.9129887819290161,0.5249554514884949,-0.07806272804737091,0.8635131120681763,0.6609562039375305,-0.10400709509849548,0.8697298169136047,0.693686842918396,-0.10205307602882385,0.882555365562439,0.686852216720581,-0.0960443913936615,P
0.9850683808326721,0.5952112674713135,-3.2964550200631493e-07,0.9020386934280396,0.593471109867096,-0.013451693579554558,0.8309600353240967,0.5737727880477905,-0.03047269769012928,0.7742964029312134,0.5584725737571716,-0.04783922806382179,0.7207628488540649,0.5421363115310669,-0.06676719337701797,0.8089087605476379,0.4322023391723633,-0.045569196343421936,0.7330818176269531,0.45511865615844727,-0.07731545716524124,0.6809992790222168,0.46519935131073,-0.09742304682731628,0.6356112957000732,0.46587973833084106,-0.11231788992881775,0.842760443687439,0.4370989501476288,-0.05599019676446915,0.7728129029273987,0.5823171138763428,-0.09340690076351166,0.7335464358329773,0.6785275340080261,-0.10809008032083511,0.7068957686424255,0.7404820919036865,-0.11868889629840851,0.879891037940979,0.47833800315856934,-0.06685924530029297,0.8262001872062683,0.6461712718009949,-0.10302205383777618,0.8338401317596436,0.7156415581703186,-0.10108909755945206,0.8469496369361877,0.7436720132827759,-0.09615282714366913,0.9153679609298706,0.5332410931587219,-0.07879412919282913,0.8731397390365601,0.6677643656730652,-0.10776129364967346,0.8749587535858154,0.7088691592216492,-0.10874846577644348,0.8822618126869202,0.7153849601745605,-0.105433389544487,P
0.9989413022994995,0.5740470290184021,-3.115792139851692e-07,0.9171310663223267,0.5729501843452454,-0.005988509394228458,0.8387190699577332,0.5730288028717041,-0.01790805533528328,0.7781784534454346,0.5881600379943848,-0.030601711943745613,0.724137008190155,0.5892966389656067,-0.04497488960623741,0.805855393409729,0.4613026976585388,-0.035137273371219635,0.7321650981903076,0.5094788670539856,-0.06047750264406204,0.6831380128860474,0.5384306907653809,-0.0754147544503212,0.6408519148826599,0.5551759600639343,-0.08684933930635452,0.8414115905761719,0.46592673659324646,-0.046591855585575104,0.776266872882843,0.6204615831375122,-0.07867591083049774,0.7379274368286133,0.7237752676010132,-0.09216323494911194,0.7108117341995239,0.793968141078949,-0.1020299568772316,0.8819223642349243,0.5018832087516785,-0.05757521837949753,0.8348953127861023,0.6771466135978699,-0.08918265998363495,0.8342029452323914,0.7423598170280457,-0.08977901190519333,0.8375715613365173,0.7665456533432007,-0.08707751333713531,0.9210348129272461,0.5524309277534485,-0.06843213737010956,0.8847196102142334,0.6866596937179565,-0.09363022446632385,0.8864737153053284,0.7136149406433105,-0.09477449953556061,0.8913254141807556,0.7058888673782349,-0.09198141098022461,P
0.9457312822341919,0.4239116311073303,-3.271810555816046e-07,0.8716825246810913,0.44102942943573,-0.003530239686369896,0.7962018251419067,0.4874708950519562,-0.019321244210004807,0.7414716482162476,0.5498445630073547,-0.036356087774038315,0.6858962774276733,0.5949480533599854,-0.055721644312143326,0.7408778667449951,0.41852396726608276,-0.04098128527402878,0.6807042956352234,0.5180026888847351,-0.06775269657373428,0.6413834095001221,0.5808814764022827,-0.08332721143960953,0.6056287884712219,0.6298330426216125,-0.0951194167137146,0.7748733162879944,0.415677547454834,-0.05485212430357933,0.7433774471282959,0.6049419045448303,-0.08637434989213943,0.7293221950531006,0.7258223295211792,-0.09717364609241486,0.7186886668205261,0.8125181198120117,-0.1058870479464531,0.819609522819519,0.4374155104160309,-0.0673428475856781,0.8056597709655762,0.6336331367492676,-0.0935589000582695,0.8246641159057617,0.6580157279968262,-0.08502510190010071,0.8360368013381958,0.6448477506637573,-0.07796429842710495,0.8631528615951538,0.4716763496398926,-0.07996377348899841,0.8497987389564514,0.6193678975105286,-0.09928055852651596,0.8618534803390503,0.6204191446304321,-0.09246129542589188,0.867490828037262,0.5837293267250061,-0.08491018414497375,P
0.9903143048286438,0.630562961101532,-4.093830057172454e-07,0.9075377583503723,0.6030848622322083,-0.0030540823936462402,0.8232094049453735,0.586083173751831,-0.01793600060045719,0.7568578720092773,0.588767409324646,-0.0354592390358448,0.6958425641059875,0.5802100300788879,-0.054643090814352036,0.7998310923576355,0.4555203318595886,-0.033655110746622086,0.7185634970664978,0.4806525707244873,-0.061533793807029724,0.661934494972229,0.49489858746528625,-0.07874421775341034,0.6123205423355103,0.5041421055793762,-0.09242060780525208,0.832258403301239,0.4768429696559906,-0.05023636668920517,0.7514375448226929,0.6295974850654602,-0.08361583948135376,0.7123070955276489,0.7329745888710022,-0.09342122077941895,0.6804279685020447,0.8001474738121033,-0.10014139115810394,0.8701121211051941,0.5295072793960571,-0.06636908650398254,0.8122482299804688,0.6927860975265503,-0.0938492864370346,0.842174768447876,0.6938402652740479,-0.08182255923748016,0.8659716248512268,0.6570199131965637,-0.07191947847604752,0.906121551990509,0.5888630747795105,-0.08316130936145782,0.8588898181915283,0.7134360671043396,-0.10362710803747177,0.8782739639282227,0.71117103099823,-0.09431955218315125,0.8960198163986206,0.6672770380973816,-0.08464206010103226,P
0.9900931119918823,0.654026210308075,-5.234625177763519e-07,0.8999295234680176,0.6498970985412598,-0.0027151061221957207,0.8216081261634827,0.6252809762954712,-0.015827151015400887,0.7645884156227112,0.6037784814834595,-0.03104010410606861,0.7095908522605896,0.5835033655166626,-0.048348568379879,0.8080986142158508,0.47609075903892517,-0.03420308977365494,0.7314221858978271,0.496703177690506,-0.062047235667705536,0.6768292188644409,0.5105164051055908,-0.08058179914951324,0.6302379965782166,0.5220902562141418,-0.09508877992630005,0.8443174958229065,0.48229163885116577,-0.05071919783949852,0.7728101015090942,0.6410827040672302,-0.08822263777256012,0.7493734359741211,0.7601076364517212,-0.09958892315626144,0.738936185836792,0.8444149494171143,-0.10533235222101212,0.8840407133102417,0.529816746711731,-0.06646726280450821,0.8262526392936707,0.7026999592781067,-0.09528166055679321,0.8493608832359314,0.7246992588043213,-0.08279165625572205,0.8700913190841675,0.699516773223877,-0.07212115079164505,0.9206957817077637,0.5920364260673523,-0.08274056762456894,0.8699230551719666,0.728796124458313,-0.10244497656822205,0.8852795362472534,0.737902045249939,-0.09141919761896133,0.9024254679679871,0.6967519521713257,-0.08026762306690216,P
1.0056554079055786,0.5947813391685486,-3.617194579419447e-07,0.924216628074646,0.6068068742752075,-0.009708182886242867,0.8495234251022339,0.6153742671012878,-0.02778603695333004,0.7930535674095154,0.6295347809791565,-0.04606917127966881,0.7376363277435303,0.6315643191337585,-0.0668955072760582,0.821694016456604,0.4867105484008789,-0.05086633190512657,0.7516700029373169,0.5469275712966919,-0.0812196135520935,0.7017049789428711,0.5823046565055847,-0.10017663985490799,0.6587590575218201,0.6075335741043091,-0.11459831148386002,0.8605802655220032,0.4930184781551361,-0.0642971396446228,0.7985605001449585,0.6618928909301758,-0.10254286974668503,0.7690677642822266,0.7799568772315979,-0.11478955298662186,0.7505228519439697,0.8601028919219971,-0.12293525785207748,0.9055310487747192,0.532005250453949,-0.07685357332229614,0.8530287742614746,0.7117037177085876,-0.11062309145927429,0.8719079494476318,0.7568948268890381,-0.10169573128223419,0.8928948640823364,0.7522120475769043,-0.09210111200809479,0.9477533102035522,0.5832006335258484,-0.08988401293754578,0.900845468044281,0.730736494064331,-0.11648015677928925,0.9067893624305725,0.7546321153640747,-0.11086786538362503,0.9187191724777222,0.7309750318527222,-0.10273002088069916,P
0.8307642340660095,0.22258920967578888,8.463203471364977e-08,0.7647201418876648,0.2618674635887146,-0.02651285007596016,0.7181674242019653,0.38634079694747925,-0.04711449146270752,0.7003993391990662,0.5128985643386841,-0.06074468791484833,0.6875811219215393,0.6180453300476074,-0.07389900833368301,0.7380499839782715,0.29518845677375793,-0.07499850541353226,0.7379093170166016,0.4647336006164551,-0.10074909776449203,0.7428708672523499,0.5588018298149109,-0.11203445494174957,0.7490067481994629,0.6379355192184448,-0.11899310350418091,0.7859169244766235,0.3104130029678345,-0.07296392321586609,0.7615594267845154,0.5035984516143799,-0.0983666181564331,0.7483803033828735,0.568364143371582,-0.10191355645656586,0.7449219822883606,0.6051445007324219,-0.1063547283411026,0.8252692222595215,0.33463054895401,-0.06953659653663635,0.7874257564544678,0.5188716650009155,-0.09286018460988998,0.7766404747962952,0.482925146818161,-0.08013423532247543,0.7803663611412048,0.4259917736053467,-0.06891601532697678,0.853935182094574,0.3686675727367401,-0.06764982640743256,0.8149201273918152,0.5031101703643799,-0.08523201197385788,0.8019086122512817,0.47530829906463623,-0.07671067863702774,0.8036472797393799,0.42787474393844604,-0.06957787275314331,Q
0.7663723826408386,0.3161141872406006,6.029503083482268e-07,0.7346892356872559,0.36993110179901123,-0.05905487760901451,0.7310106158256531,0.46114829182624817,-0.0993141457438469,0.73423171043396,0.5590711832046509,-0.12319967895746231,0.7367237210273743,0.6454518437385559,-0.14355117082595825,0.7961212992668152,0.35148927569389343,-0.13360419869422913,0.8142521977424622,0.49841368198394775,-0.17693233489990234,0.8229714035987854,0.600165069103241,-0.19895265996456146,0.8336983323097229,0.6759240031242371,-0.21180680394172668,0.8341571092605591,0.3547980785369873,-0.10821030288934708,0.8033312559127808,0.4951249659061432,-0.1417693793773651,0.7717710137367249,0.49562588334083557,-0.13233582675457,0.7626106142997742,0.4608269929885864,-0.12477342039346695,0.8548104166984558,0.3725869059562683,-0.08315590023994446,0.8177191019058228,0.4966403543949127,-0.10680703818798065,0.7898555994033813,0.4857291877269745,-0.08752625435590744,0.7835557460784912,0.44923391938209534,-0.07325470447540283,0.8645303249359131,0.3990333676338196,-0.0623319074511528,0.8306511640548706,0.501966655254364,-0.07710298895835876,0.8074437379837036,0.4890913665294647,-0.06881110370159149,0.8016083836555481,0.45713260769844055,-0.06139298528432846,Q
0.7523578405380249,0.30764684081077576,1.1368896366548142e-06,0.7354775071144104,0.3542304039001465,-0.06060400232672691,0.7420769929885864,0.4273657500743866,-0.10014767944812775,0.7521026134490967,0.5149900913238525,-0.1262534260749817,0.7596627473831177,0.6036388278007507,-0.14942364394664764,0.8104487061500549,0.3222127854824066,-0.10154695063829422,0.8399518132209778,0.4463726878166199,-0.13858623802661896,0.856269359588623,0.5376400351524353,-0.15969353914260864,0.871455729007721,0.6091569662094116,-0.17304444313049316,0.8374196290969849,0.3310598134994507,-0.07945877313613892,0.8508075475692749,0.47351136803627014,-0.11545438319444656,0.8502548336982727,0.561691164970398,-0.12304733693599701,0.8587768077850342,0.6139429211616516,-0.12573567032814026,0.8510740399360657,0.3499704599380493,-0.05867927521467209,0.8416883945465088,0.4584192931652069,-0.08632353693246841,0.8063715696334839,0.4409599304199219,-0.07596460729837418,0.7917064428329468,0.40453505516052246,-0.06450288742780685,0.8549805283546448,0.37477266788482666,-0.04277091473340988,0.842703104019165,0.4526897668838501,-0.060634251683950424,0.8183909058570862,0.4379191994667053,-0.0544290691614151,0.8092954158782959,0.40988394618034363,-0.04598340392112732,Q
0.7681016325950623,0.3050399124622345,7.495880822716572e-07,0.7320001125335693,0.3271979093551636,-0.055468544363975525,0.7191779613494873,0.3863857388496399,-0.0989602729678154,0.718235969543457,0.4876864552497864,-0.12890039384365082,0.7219842672348022,0.5756611824035645,-0.1559891551733017,0.755281925201416,0.2972356379032135,-0.1243753731250763,0.7674623131752014,0.43701228499412537,-0.16547326743602753,0.7727673649787903,0.5276152491569519,-0.18784120678901672,0.7727495431900024,0.6057602167129517,-0.20287393033504486,0.7941275238990784,0.3107176423072815,-0.10868454724550247,0.7899271249771118,0.4704318344593048,-0.14961187541484833,0.7848548293113708,0.5340395569801331,-0.1555359661579132,0.7812662720680237,0.5683536529541016,-0.1595756709575653,0.8210223317146301,0.33614906668663025,-0.09256469458341599,0.8043494820594788,0.4791640043258667,-0.11522173136472702,0.7878991365432739,0.4777073264122009,-0.1050935909152031,0.7800453305244446,0.45562487840652466,-0.09992694854736328,0.8375073671340942,0.36949580907821655,-0.08161541819572449,0.8167288899421692,0.48039597272872925,-0.09462716430425644,0.7981246709823608,0.47907450795173645,-0.0904177874326706,0.7917698621749878,0.4630908966064453,-0.08810251206159592,Q
0.7555994391441345,0.33414214849472046,7.301432560780086e-07,0.7182170152664185,0.38109827041625977,-0.04602643474936485,0.6987666487693787,0.46193960309028625,-0.08673666417598724,0.6929691433906555,0.5518608093261719,-0.11599063128232956,0.6884437799453735,0.6280653476715088,-0.14184348285198212,0.7049243450164795,0.3210201561450958,-0.13116781413555145,0.7140032052993774,0.4718573987483978,-0.18007764220237732,0.7252312302589417,0.5721321702003479,-0.2014710009098053,0.7351694107055664,0.654227614402771,-0.213196262717247,0.7475200891494751,0.31164252758026123,-0.11975131928920746,0.7478930950164795,0.5073922276496887,-0.167486310005188,0.7379367351531982,0.5403388142585754,-0.16373655200004578,0.7326586246490479,0.5304080247879028,-0.15852928161621094,0.7913733124732971,0.32521113753318787,-0.10748747736215591,0.7798184156417847,0.5078123211860657,-0.1391707956790924,0.7648612260818481,0.5024803280830383,-0.12144415825605392,0.7595464587211609,0.4607369899749756,-0.1074034795165062,0.8291168212890625,0.3473527729511261,-0.09917254000902176,0.8082364797592163,0.4945300817489624,-0.1145169734954834,0.792186439037323,0.47903668880462646,-0.10541336238384247,0.7877106070518494,0.43435385823249817,-0.09923999756574631,Q
0.7888792157173157,0.2851369380950928,-1.287357207502282e-07,0.7345053553581238,0.3211175501346588,-0.00972564797848463,0.6921497583389282,0.41001182794570923,-0.03482569381594658,0.6824004650115967,0.5159154534339905,-0.05773107707500458,0.6892422437667847,0.5925485491752625,-0.08275989443063736,0.66779625415802,0.3547828793525696,-0.07080766558647156,0.6599404215812683,0.5192120671272278,-0.10370217263698578,0.6605960130691528,0.6090657711029053,-0.12023156136274338,0.665235161781311,0.6762019395828247,-0.13035054504871368,0.7112888693809509,0.3533349335193634,-0.08060378581285477,0.7121597528457642,0.5387169122695923,-0.10801943391561508,0.722228467464447,0.5084760785102844,-0.10368797183036804,0.7218559384346008,0.4564718008041382,-0.10227765142917633,0.7542284727096558,0.3642636239528656,-0.08910718560218811,0.7453710436820984,0.5414426922798157,-0.11537369340658188,0.752683699131012,0.5044216513633728,-0.09977111965417862,0.7524750232696533,0.4497794806957245,-0.08855927735567093,0.7908629179000854,0.3808130621910095,-0.09719821065664291,0.7744878530502319,0.5172488689422607,-0.11659695208072662,0.778606116771698,0.4876454770565033,-0.10541590303182602,0.7822251915931702,0.44019725918769836,-0.09679333865642548,Q
0.7533236145973206,0.2954298257827759,-2.1996790167122526e-07,0.6931324601173401,0.3489114046096802,0.006867243908345699,0.6511327028274536,0.44080814719200134,-0.02281515672802925,0.6358389258384705,0.5506444573402405,-0.05370913818478584,0.624098002910614,0.6522756814956665,-0.08707858622074127,0.6075795292854309,0.3610408902168274,-0.07488173991441727,0.5932053923606873,0.5045875310897827,-0.09978797286748886,0.5844592452049255,0.5908440351486206,-0.1061345562338829,0.5819762945175171,0.6602851152420044,-0.11147855222225189,0.6466091871261597,0.35250556468963623,-0.09432081133127213,0.6479141116142273,0.5298855304718018,-0.10952264815568924,0.6694778203964233,0.49408501386642456,-0.08970378339290619,0.6710529923439026,0.44471171498298645,-0.08216220140457153,0.684916079044342,0.3621799051761627,-0.11072840541601181,0.6826465129852295,0.5287458300590515,-0.11943039298057556,0.6982094645500183,0.4818549156188965,-0.09125183522701263,0.6977598667144775,0.42963895201683044,-0.08073189854621887,0.7165377140045166,0.37432825565338135,-0.12636461853981018,0.7119927406311035,0.5007250905036926,-0.1354052722454071,0.7220891714096069,0.4698064923286438,-0.12030927836894989,0.7238637804985046,0.4264802932739258,-0.11410096287727356,Q
0.7621819972991943,0.2873913645744324,-2.429804055736895e-07,0.7033131718635559,0.333806574344635,0.00011724809883162379,0.6565134525299072,0.4325668513774872,-0.017680080607533455,0.6458080410957336,0.5487337112426758,-0.03534376621246338,0.6468801498413086,0.6362018585205078,-0.05488571152091026,0.6290286779403687,0.3798440098762512,-0.04790949448943138,0.6189828515052795,0.5353978276252747,-0.07277313619852066,0.6184424161911011,0.6244022846221924,-0.08591888844966888,0.621293842792511,0.6951421499252319,-0.09565593302249908,0.6683970093727112,0.3768112361431122,-0.061106931418180466,0.6707422733306885,0.5521939396858215,-0.08339124172925949,0.6829530596733093,0.5166279673576355,-0.08040674775838852,0.6835362315177917,0.46669459342956543,-0.08084338158369064,0.7090753316879272,0.38309842348098755,-0.07263419032096863,0.705827534198761,0.5511099696159363,-0.09237609058618546,0.715227484703064,0.5078951120376587,-0.07726462930440903,0.713958740234375,0.4563092291355133,-0.06838882714509964,0.7462729811668396,0.3950747847557068,-0.08344737440347672,0.7368212342262268,0.527083158493042,-0.09857992827892303,0.742951512336731,0.4944339692592621,-0.08841390162706375,0.7435377240180969,0.4497634470462799,-0.08152061700820923,Q
0.7735980153083801,0.27626532316207886,-1.0264279381999586e-07,0.7132677435874939,0.33456602692604065,-0.015259647741913795,0.6737420558929443,0.46096956729888916,-0.03487125784158707,0.6602076888084412,0.5850236415863037,-0.04940295219421387,0.6480451822280884,0.6777259111404419,-0.0651836097240448,0.6790313720703125,0.36559173464775085,-0.06976722925901413,0.6800333857536316,0.5340671539306641,-0.0956430658698082,0.6845017671585083,0.6277351975440979,-0.1076999083161354,0.693899929523468,0.7061778903007507,-0.11598911881446838,0.7273865938186646,0.36235305666923523,-0.07392558455467224,0.7175036668777466,0.5497626066207886,-0.09862785041332245,0.7085437178611755,0.5197456479072571,-0.09657193720340729,0.7051655054092407,0.46802765130996704,-0.09667840600013733,0.7693400382995605,0.37086424231529236,-0.07604046911001205,0.7489680647850037,0.5457409024238586,-0.09740607440471649,0.7419958710670471,0.5067286491394043,-0.0796799287199974,0.7410277128219604,0.45342281460762024,-0.06676486134529114,0.8038765788078308,0.3888130486011505,-0.07852689176797867,0.7792152762413025,0.5285115838050842,-0.09357966482639313,0.7703998684883118,0.4973365366458893,-0.08102821558713913,0.7706137895584106,0.45223522186279297,-0.07208000123500824,Q
0.7892298102378845,0.2990359663963318,1.6343848940891803e-08,0.7344384789466858,0.36374804377555847,-0.03049393743276596,0.7067841291427612,0.4909099042415619,-0.055764853954315186,0.6965476274490356,0.6054162979125977,-0.069198377430439,0.6824708580970764,0.6987383365631104,-0.08272037655115128,0.7203832268714905,0.39714521169662476,-0.11293548345565796,0.7252597808837891,0.5587030649185181,-0.1421620100736618,0.7314934134483337,0.6495183706283569,-0.14976927638053894,0.742678701877594,0.7258855104446411,-0.15392114222049713,0.769524872303009,0.384259968996048,-0.10757949203252792,0.7637518644332886,0.5756195783615112,-0.13078860938549042,0.753268301486969,0.5456582307815552,-0.11795627325773239,0.7501482367515564,0.4905187785625458,-0.11111875623464584,0.8106825351715088,0.38846421241760254,-0.09988182783126831,0.7926185131072998,0.5738683342933655,-0.1172800064086914,0.7826893329620361,0.5316583514213562,-0.09258503466844559,0.780660092830658,0.47695794701576233,-0.07716275006532669,0.8417637348175049,0.4022119343280792,-0.09384196996688843,0.8235722780227661,0.5450316667556763,-0.10587500780820847,0.8105316162109375,0.5160461664199829,-0.09196917712688446,0.8105232119560242,0.4713447690010071,-0.08406180888414383,Q
0.7679373025894165,0.2884923815727234,-4.7970011962661374e-08,0.7156521081924438,0.32217952609062195,-0.010272354818880558,0.6785322427749634,0.40869489312171936,-0.0391792468726635,0.6701381206512451,0.5066577196121216,-0.06466314196586609,0.6720552444458008,0.5860424041748047,-0.09274265170097351,0.6689389944076538,0.3471202254295349,-0.09025988727807999,0.6629671454429626,0.5180968046188354,-0.1246054545044899,0.663424551486969,0.6092209219932556,-0.13977420330047607,0.6703247427940369,0.6755281686782837,-0.14860190451145172,0.7125778198242188,0.34381818771362305,-0.10023333877325058,0.7060437798500061,0.5340421795845032,-0.1275079995393753,0.7087061405181885,0.5108635425567627,-0.12010878324508667,0.7098653316497803,0.46304383873939514,-0.11755083501338959,0.7540087103843689,0.3553884029388428,-0.10779234766960144,0.7385263442993164,0.5375313758850098,-0.13171133399009705,0.7400522828102112,0.5005707740783691,-0.11227221041917801,0.7418254017829895,0.4447421133518219,-0.0999886691570282,0.7885435223579407,0.37465527653694153,-0.11495640873908997,0.7693848609924316,0.5115039944648743,-0.13391351699829102,0.7669346332550049,0.4817653298377991,-0.12189913541078568,0.7705845236778259,0.43402624130249023,-0.11368390172719955,Q
0.7469949722290039,0.32266366481781006,-1.3438082646644034e-07,0.6845718622207642,0.3667420744895935,-0.0010594004997983575,0.6425433158874512,0.450373113155365,-0.034638289362192154,0.6290593147277832,0.5514059662818909,-0.06740248948335648,0.6225096583366394,0.6439761519432068,-0.10254009813070297,0.613404393196106,0.3756129741668701,-0.08942268043756485,0.6056968569755554,0.5277615785598755,-0.12009195238351822,0.6023786664009094,0.613224446773529,-0.12900155782699585,0.6071871519088745,0.68291175365448,-0.13417938351631165,0.6549414396286011,0.3665767312049866,-0.10399945825338364,0.6501092910766602,0.5423228740692139,-0.12137357890605927,0.666260838508606,0.509823739528656,-0.10136830061674118,0.6690134406089783,0.46472129225730896,-0.09315940737724304,0.6946927309036255,0.3762442171573639,-0.11566381901502609,0.6819255948066711,0.54735267162323,-0.12707898020744324,0.6943615674972534,0.5050140619277954,-0.09777531027793884,0.6978685855865479,0.45199042558670044,-0.08479143679141998,0.7277270555496216,0.3885154724121094,-0.12689794600009918,0.7132148146629333,0.518682599067688,-0.13712593913078308,0.7201789617538452,0.49202290177345276,-0.12054099142551422,0.7259628772735596,0.44943249225616455,-0.11233262717723846,Q
0.7416673898696899,0.33233362436294556,-1.9722425292911794e-07,0.6835895776748657,0.38020530343055725,-0.007458932232111692,0.6360510587692261,0.46767687797546387,-0.03679518401622772,0.6197457313537598,0.5761208534240723,-0.06540992856025696,0.6065074801445007,0.6713395714759827,-0.09507910907268524,0.6016757488250732,0.3680022656917572,-0.06944024562835693,0.5849537253379822,0.5115807056427002,-0.10216978937387466,0.5805283784866333,0.5932755470275879,-0.11893050372600555,0.5808258652687073,0.6631258130073547,-0.13101190328598022,0.639309823513031,0.3592529892921448,-0.0824456661939621,0.6336959600448608,0.5371250510215759,-0.11003129184246063,0.6527959108352661,0.5030223727226257,-0.10659107565879822,0.6553536653518677,0.4557967185974121,-0.10827011615037918,0.6777089834213257,0.3669179677963257,-0.09444736689329147,0.6669126749038696,0.5411829352378845,-0.11505471169948578,0.681330680847168,0.4957747757434845,-0.09672369062900543,0.6808964610099792,0.44220268726348877,-0.08869372308254242,0.7117627263069153,0.37954118847846985,-0.10680749267339706,0.6978052258491516,0.5161167979240417,-0.12506935000419617,0.7055584192276001,0.4878832995891571,-0.11579001694917679,0.7064268589019775,0.44290295243263245,-0.11093530058860779,Q
0.7508490681648254,0.39915192127227783,5.886582243874727e-07,0.7162589430809021,0.44225892424583435,-0.05578971281647682,0.7057700157165527,0.5348882675170898,-0.09984269738197327,0.7123399376869202,0.6419901251792908,-0.12854553759098053,0.7198074460029602,0.7280823588371277,-0.15308453142642975,0.7366583943367004,0.4026082754135132,-0.1422065645456314,0.7468681335449219,0.5653519630432129,-0.18456007540225983,0.7561536431312561,0.6594349145889282,-0.1991225779056549,0.7667979001998901,0.7343220710754395,-0.20695756375789642,0.7809534668922424,0.4013049006462097,-0.12380734831094742,0.7758161425590515,0.5992994904518127,-0.1653948426246643,0.76199871301651,0.6041135191917419,-0.15722055733203888,0.7558581829071045,0.5668848752975464,-0.14939236640930176,0.8174728751182556,0.42021751403808594,-0.10441271215677261,0.8001412749290466,0.5910139083862305,-0.13224554061889648,0.780022382736206,0.5823103785514832,-0.11485868692398071,0.7739001512527466,0.5429048538208008,-0.10206533223390579,0.8440048694610596,0.44990333914756775,-0.08898863196372986,0.8265911340713501,0.5807309746742249,-0.1040869876742363,0.8069248795509338,0.5673947930335999,-0.09660160541534424,0.8007795214653015,0.5293272137641907,-0.09150968492031097,Q
0.7524213790893555,0.4151420593261719,6.008759214637394e-07,0.7212358713150024,0.4638369381427765,-0.06449690461158752,0.7204269170761108,0.5406247973442078,-0.10834562033414841,0.7288827300071716,0.6360843777656555,-0.135687917470932,0.738857626914978,0.717118501663208,-0.16024823486804962,0.7774194478988647,0.43574535846710205,-0.13232004642486572,0.8007838726043701,0.5664963126182556,-0.17891353368759155,0.8163490295410156,0.6624735593795776,-0.20442639291286469,0.8325681686401367,0.7376726865768433,-0.2192838191986084,0.8171824812889099,0.4359610378742218,-0.1052652895450592,0.8052828907966614,0.577355146408081,-0.14148743450641632,0.7776654362678528,0.5807002782821655,-0.13524861633777618,0.768193781375885,0.5481069087982178,-0.12940150499343872,0.8409794569015503,0.44940268993377686,-0.07980674505233765,0.8192862868309021,0.5742591023445129,-0.10695025324821472,0.791296660900116,0.5643481612205505,-0.0923965722322464,0.7830079793930054,0.5267643928527832,-0.08033298701047897,0.8530912399291992,0.47319555282592773,-0.058861423283815384,0.8340443968772888,0.5728070735931396,-0.0740726888179779,0.8106006979942322,0.5613932013511658,-0.06774555146694183,0.8036606311798096,0.5283543467521667,-0.06163785606622696,Q
0.7223549485206604,0.44462400674819946,1.1209385775146075e-06,0.7212260961532593,0.5018130540847778,-0.04905254393815994,0.7449184060096741,0.5725705027580261,-0.07981979846954346,0.7683104872703552,0.6511890292167664,-0.09958278387784958,0.7850108742713928,0.7250638008117676,-0.11663471907377243,0.7938489317893982,0.4478740096092224,-0.07893958687782288,0.8338208794593811,0.560888946056366,-0.11194790154695511,0.8606282472610474,0.6455448865890503,-0.1320902705192566,0.8848426342010498,0.7107614278793335,-0.14458782970905304,0.8172242641448975,0.4368332326412201,-0.060766372829675674,0.8488494157791138,0.5700841546058655,-0.0913194939494133,0.8615731000900269,0.6541792154312134,-0.09961676597595215,0.8786930441856384,0.7042496204376221,-0.10290227085351944,0.8300253748893738,0.44056087732315063,-0.04381521791219711,0.8358526825904846,0.5524973273277283,-0.06881382316350937,0.8029906749725342,0.550563395023346,-0.061365265399217606,0.785315990447998,0.5227385759353638,-0.051225509494543076,0.8339295387268066,0.4562506079673767,-0.030779490247368813,0.8349770903587341,0.5443332195281982,-0.04795138165354729,0.8117522597312927,0.5450504422187805,-0.04382685199379921,0.799558699131012,0.525305449962616,-0.03648281842470169,Q
0.7391270399093628,0.4418030381202698,6.743075005033461e-07,0.7129990458488464,0.487892746925354,-0.060809750109910965,0.7158464789390564,0.5664622187614441,-0.10089343041181564,0.724595844745636,0.6625934839248657,-0.12542201578617096,0.7311360836029053,0.7469280958175659,-0.14735525846481323,0.7747014164924622,0.4671550393104553,-0.11860323697328568,0.7977853417396545,0.5967690348625183,-0.16030776500701904,0.8111468553543091,0.6925305128097534,-0.18385694921016693,0.8257680535316467,0.7651735544204712,-0.19830264151096344,0.8105736374855042,0.46777820587158203,-0.0935460701584816,0.7945156693458557,0.6083850860595703,-0.12650996446609497,0.7659125924110413,0.6319019198417664,-0.12293501943349838,0.7580357193946838,0.6192005276679993,-0.11969044804573059,0.8301697373390198,0.483170747756958,-0.07007178664207458,0.8049747347831726,0.6029402017593384,-0.09581566601991653,0.7742941975593567,0.5911279320716858,-0.08295083791017532,0.765282154083252,0.5564788579940796,-0.07204843312501907,0.8389256596565247,0.5085384845733643,-0.05094236135482788,0.8159278631210327,0.6032289862632751,-0.0661328136920929,0.7924605011940002,0.5918461680412292,-0.06015336513519287,0.7855488657951355,0.5617419481277466,-0.05387021228671074,Q
0.7258110046386719,0.42833197116851807,3.703979416513903e-07,0.688712477684021,0.47560691833496094,-0.04281879961490631,0.6761876344680786,0.575015664100647,-0.07299979031085968,0.6730729341506958,0.6744962334632874,-0.09025060385465622,0.66774982213974,0.7514070272445679,-0.10463587194681168,0.7165098190307617,0.4981035888195038,-0.11583047360181808,0.7199130654335022,0.6480710506439209,-0.1503048688173294,0.7164748907089233,0.7293798923492432,-0.16088972985744476,0.7184717059135437,0.7938615083694458,-0.16589897871017456,0.7583813071250916,0.5052366256713867,-0.09829061478376389,0.7354803681373596,0.6458485722541809,-0.12856948375701904,0.7167887091636658,0.6272440552711487,-0.11663149297237396,0.7170208692550659,0.585763156414032,-0.10670582950115204,0.7869811654090881,0.5213667154312134,-0.07994085550308228,0.7545986175537109,0.6422703266143799,-0.0984298512339592,0.7363234758377075,0.6225525140762329,-0.08081026375293732,0.7371302247047424,0.5863247513771057,-0.0688571110367775,0.8048756718635559,0.5403022766113281,-0.06480889767408371,0.7698332667350769,0.6344918608665466,-0.07635985314846039,0.7541590332984924,0.6153917908668518,-0.07156282663345337,0.7552087903022766,0.5853766798973083,-0.06861681491136551,Q
0.7105945944786072,0.39607834815979004,-2.9576348481441528e-08,0.6658695340156555,0.43195298314094543,-0.008181688375771046,0.6362023949623108,0.5269494652748108,-0.0237643513828516,0.6332492232322693,0.6176846623420715,-0.035259757190942764,0.6383838653564453,0.6858096718788147,-0.048169296234846115,0.6322250962257385,0.4863817095756531,-0.06537438184022903,0.6224127411842346,0.6329942941665649,-0.08547063171863556,0.62093186378479,0.7112078070640564,-0.09147190302610397,0.622913658618927,0.7731986045837402,-0.09486861526966095,0.6714494228363037,0.48641541600227356,-0.07049116492271423,0.6665194034576416,0.6446194648742676,-0.09207823127508163,0.6692072749137878,0.6147128343582153,-0.08627442270517349,0.6696144342422485,0.5658228397369385,-0.08141708374023438,0.7075735926628113,0.49509042501449585,-0.07261102646589279,0.693354070186615,0.6439564228057861,-0.08837451785802841,0.6949276328086853,0.6094936728477478,-0.07028160989284515,0.6966577172279358,0.5629926323890686,-0.057246070355176926,0.7384450435638428,0.5076971054077148,-0.07461667060852051,0.7193427085876465,0.6236880421638489,-0.08537507057189941,0.7175253629684448,0.5954915881156921,-0.07290513813495636,0.7206344604492188,0.5555103421211243,-0.06348762661218643,Q
0.7033532857894897,0.43642476201057434,3.9109374938561814e-07,0.6750759482383728,0.5005493760108948,-0.04092372953891754,0.6740854978561401,0.6078004837036133,-0.07009623944759369,0.6840534210205078,0.7058076858520508,-0.08671053498983383,0.6852331161499023,0.7849600911140442,-0.1011071726679802,0.7073726654052734,0.5124784111976624,-0.1130107194185257,0.7292070984840393,0.657324492931366,-0.15146230161190033,0.7367438673973083,0.742465078830719,-0.1674831360578537,0.747855544090271,0.8103393316268921,-0.17547288537025452,0.7497656941413879,0.5023986101150513,-0.09544280171394348,0.74503093957901,0.6532573699951172,-0.12513402104377747,0.7215552926063538,0.645632803440094,-0.11378782242536545,0.7168565988540649,0.6047930121421814,-0.1039845198392868,0.7792025208473206,0.5059285759925842,-0.07698328047990799,0.7624044418334961,0.6384437680244446,-0.09595762193202972,0.7397581338882446,0.6257773637771606,-0.07824229449033737,0.7358672022819519,0.5878351330757141,-0.06520925462245941,0.7974439859390259,0.5150614976882935,-0.06139395385980606,0.7753514647483826,0.6224566698074341,-0.07206597924232483,0.7556474208831787,0.6078948974609375,-0.06479403376579285,0.7513759732246399,0.5747764706611633,-0.059293705970048904,Q
0.7778557538986206,0.4501686692237854,-2.1082077239498176e-07,0.7175255417823792,0.5005631446838379,-0.002663391875103116,0.6726340651512146,0.6069716811180115,-0.029697982594370842,0.6587569713592529,0.7273949980735779,-0.05587570741772652,0.652178168296814,0.8266686797142029,-0.08444365859031677,0.6450089812278748,0.5216662883758545,-0.07408417761325836,0.6298890113830566,0.6808323264122009,-0.10938287526369095,0.6253430843353271,0.7736936807632446,-0.12624098360538483,0.626460611820221,0.8447262048721313,-0.1366962045431137,0.6886237859725952,0.518990159034729,-0.08773140609264374,0.6867742538452148,0.707125723361969,-0.11478631943464279,0.7035680413246155,0.6755090951919556,-0.10492599755525589,0.7040874361991882,0.6242727041244507,-0.10076393187046051,0.7322690486907959,0.530227780342102,-0.09954525530338287,0.7217856049537659,0.7087451219558716,-0.12398973107337952,0.7326228022575378,0.6669490933418274,-0.10236727446317673,0.7329224348068237,0.6114480495452881,-0.08926533907651901,0.7698529362678528,0.546585738658905,-0.11019634455442429,0.7549996376037598,0.6830485463142395,-0.12816956639289856,0.7603691816329956,0.6516289114952087,-0.11425606161355972,0.7620159387588501,0.6031419634819031,-0.10498512536287308,Q
0.7970073819160461,0.9542514085769653,4.203052412776742e-07,0.7448034286499023,0.9102219939231873,-0.021836208179593086,0.7107173800468445,0.8007028102874756,-0.03246719762682915,0.7429099678993225,0.7189247012138367,-0.045237068086862564,0.7911497354507446,0.6882105469703674,-0.05762021616101265,0.7289732694625854,0.6397956013679504,-0.009522314183413982,0.7310154438018799,0.5201867818832397,-0.026647120714187622,0.738015353679657,0.4444303512573242,-0.04071967676281929,0.7466673851013184,0.3760254979133606,-0.0529993399977684,0.7658945918083191,0.6319539546966553,-0.01636430248618126,0.7474938631057739,0.4967668950557709,-0.03705628961324692,0.7331603765487671,0.42245301604270935,-0.05450760945677757,0.7243821620941162,0.36027270555496216,-0.06674454361200333,0.8037522435188293,0.6575079560279846,-0.026863006874918938,0.8095041513442993,0.549083411693573,-0.06201085075736046,0.7936810255050659,0.615087628364563,-0.07635924220085144,0.7813219428062439,0.6808685064315796,-0.07889097929000854,0.8400812149047852,0.7081450819969177,-0.03888770565390587,0.8313246965408325,0.6562484502792358,-0.07220619916915894,0.8112485408782959,0.7077029943466187,-0.08252187073230743,0.7984757423400879,0.7591256499290466,-0.08500716090202332,R
0.8043470978736877,0.9613891839981079,4.1038740050680644e-07,0.7541936039924622,0.9032485485076904,-0.020480355247855186,0.7231150269508362,0.790404200553894,-0.03302118927240372,0.7500234842300415,0.7107862234115601,-0.04900350049138069,0.7958676218986511,0.6780414581298828,-0.06432933360338211,0.7554548382759094,0.6313418745994568,-0.009104691445827484,0.7643128037452698,0.5148350596427917,-0.03032730519771576,0.7759844064712524,0.438821017742157,-0.04710845649242401,0.7884033918380737,0.370303750038147,-0.0606275349855423,0.7917110919952393,0.630402684211731,-0.01812077686190605,0.7858442664146423,0.4896315336227417,-0.04258428141474724,0.7738394737243652,0.41056618094444275,-0.06075499951839447,0.7663148045539856,0.3441959023475647,-0.07264356315135956,0.8271530270576477,0.6634001731872559,-0.030911041423678398,0.8349775671958923,0.5466619729995728,-0.06879553198814392,0.8107007741928101,0.619028627872467,-0.07914184778928757,0.7932379245758057,0.6889956593513489,-0.07763970643281937,0.8601382970809937,0.7224339842796326,-0.04538480192422867,0.8467474579811096,0.6666238903999329,-0.07935091108083725,0.8182290196418762,0.7100822925567627,-0.08720886707305908,0.799115777015686,0.7568919658660889,-0.0869981199502945,R
0.8175408840179443,0.9438672065734863,4.217364164560422e-07,0.7722691297531128,0.8993873596191406,-0.0338636115193367,0.7555273175239563,0.7906368970870972,-0.04437718912959099,0.7970385551452637,0.7115256786346436,-0.05285743623971939,0.840300440788269,0.677254319190979,-0.058708250522613525,0.7486793398857117,0.6271858811378479,-0.013763293623924255,0.7497531175613403,0.5049164891242981,-0.027152208611369133,0.7541248202323914,0.4277479350566864,-0.038578618317842484,0.7586992383003235,0.3581313192844391,-0.04919491708278656,0.7821699976921082,0.615598201751709,-0.01260417141020298,0.75453782081604,0.48756614327430725,-0.029620032757520676,0.7405821681022644,0.41412705183029175,-0.044104013592004776,0.7309547662734985,0.3504466712474823,-0.054067760705947876,0.8172175288200378,0.6385665535926819,-0.01636933535337448,0.8319953680038452,0.5317019820213318,-0.05050242692232132,0.8323156237602234,0.5900028944015503,-0.06701111793518066,0.8247994184494019,0.64484703540802,-0.07085683196783066,0.855087399482727,0.6813364028930664,-0.022784104570746422,0.8687280416488647,0.6394165754318237,-0.05934227257966995,0.854081928730011,0.6882579326629639,-0.07529713213443756,0.8337739109992981,0.733556866645813,-0.0811893492937088,R
0.8175035715103149,0.9666526317596436,5.578962145591504e-07,0.7643564343452454,0.921096682548523,-0.01980740949511528,0.7189396023750305,0.8318285942077637,-0.03577970340847969,0.7282392382621765,0.781673789024353,-0.05539347231388092,0.7749612331390381,0.777987003326416,-0.07477591186761856,0.7519965171813965,0.6410329341888428,-0.01706353947520256,0.7561488151550293,0.5304732322692871,-0.0425252690911293,0.7622561454772949,0.4542471766471863,-0.061823297291994095,0.7699944972991943,0.3845802843570709,-0.07625388354063034,0.7895026206970215,0.6410670876502991,-0.029503753408789635,0.7743984460830688,0.49997076392173767,-0.05590231716632843,0.7590987682342529,0.4224371612071991,-0.07319945842027664,0.7485230565071106,0.3489437401294708,-0.08307443559169769,0.8288151025772095,0.6756753921508789,-0.04507485404610634,0.8159363269805908,0.6050233840942383,-0.0825861468911171,0.7911678552627563,0.7017029523849487,-0.08659490197896957,0.7768983244895935,0.7740371823310852,-0.07897837460041046,0.8627577424049377,0.7393261194229126,-0.0626794695854187,0.8327856659889221,0.718391478061676,-0.09062638133764267,0.8088750243186951,0.7873272895812988,-0.08948301523923874,0.7995203137397766,0.8383091688156128,-0.0824272409081459,R
0.8206200003623962,0.9208580255508423,4.7662967972428305e-07,0.7677111625671387,0.8605786561965942,-0.01271962933242321,0.7279068231582642,0.7694303393363953,-0.02706320211291313,0.7053152322769165,0.6931332349777222,-0.047882698476314545,0.7387267351150513,0.6614207625389099,-0.06742540001869202,0.764667272567749,0.6017676591873169,0.0013451528502628207,0.7579588890075684,0.48839277029037476,-0.018322210758924484,0.7579058408737183,0.42108154296875,-0.033111415803432465,0.7616579532623291,0.36254557967185974,-0.0447005033493042,0.7956972718238831,0.6043601036071777,-0.012942882254719734,0.786213755607605,0.46151137351989746,-0.03645962104201317,0.7700485587120056,0.38763973116874695,-0.05397837981581688,0.758124053478241,0.32520464062690735,-0.06441320478916168,0.8261750340461731,0.6326253414154053,-0.03062530606985092,0.7888210415840149,0.5313172340393066,-0.06311648339033127,0.7567617297172546,0.6027394533157349,-0.0662461593747139,0.7453531622886658,0.6670291423797607,-0.059243351221084595,0.8487328290939331,0.6841442584991455,-0.050004489719867706,0.7986442446708679,0.6265529990196228,-0.07226898521184921,0.7732141613960266,0.670293390750885,-0.07125186175107956,0.7696596384048462,0.7175669074058533,-0.06549108028411865,R
0.811686098575592,0.8855724930763245,3.830812715932552e-07,0.7647048234939575,0.8439087271690369,-0.022145425900816917,0.7279199361801147,0.7536211013793945,-0.03543359413743019,0.7443684935569763,0.6719208359718323,-0.05088284611701965,0.7831315398216248,0.6269031167030334,-0.06562887132167816,0.7384472489356995,0.5963530540466309,-0.010543855838477612,0.7356922626495361,0.48476070165634155,-0.029040535911917686,0.7398969531059265,0.4154701232910156,-0.04458543285727501,0.7452002763748169,0.34970125555992126,-0.057705048471689224,0.7712327837944031,0.5865590572357178,-0.016911612823605537,0.7521594166755676,0.46010079979896545,-0.03792211413383484,0.736823558807373,0.3924086093902588,-0.055553898215293884,0.72636878490448,0.3310033977031708,-0.06830433756113052,0.8065049648284912,0.6069158315658569,-0.026942243799567223,0.8034783601760864,0.49255552887916565,-0.06116361916065216,0.7882248759269714,0.5589412450790405,-0.07404520362615585,0.7791584730148315,0.6247854232788086,-0.07584843039512634,0.8415963649749756,0.6491522789001465,-0.03858806565403938,0.8229573965072632,0.5939961075782776,-0.07063945382833481,0.8046787977218628,0.6396536231040955,-0.08066873252391815,0.7963384389877319,0.687963604927063,-0.08298857510089874,R
0.828720211982727,0.8794063329696655,3.9619973790649965e-07,0.787116289138794,0.8389592170715332,-0.03196553885936737,0.7691186666488647,0.7338835597038269,-0.038678813725709915,0.8018807172775269,0.6517002582550049,-0.0427161380648613,0.8369911313056946,0.6109104156494141,-0.04466657340526581,0.7537078857421875,0.5953463912010193,-0.009061023592948914,0.7498421669006348,0.4829602837562561,-0.01774474047124386,0.7508859634399414,0.41237595677375793,-0.02643115445971489,0.7545954585075378,0.3499353229999542,-0.0350499153137207,0.7850168943405151,0.5819952487945557,-0.005565220490098,0.7546952962875366,0.4676308035850525,-0.01682824082672596,0.7414342164993286,0.3989301919937134,-0.030185671523213387,0.7353012561798096,0.3446866273880005,-0.040328215807676315,0.817872941493988,0.5995849370956421,-0.006949399132281542,0.8272860646247864,0.4899180233478546,-0.036165717989206314,0.8330232501029968,0.5215868949890137,-0.05770418792963028,0.8333410024642944,0.5677429437637329,-0.0666830912232399,0.8533489108085632,0.6310640573501587,-0.010389097966253757,0.8606950044631958,0.5757162570953369,-0.04554841294884682,0.8540763258934021,0.610085129737854,-0.06535647809505463,0.8425266146659851,0.6544250249862671,-0.07479826360940933,R
0.843303382396698,0.8874425888061523,4.6160022293406655e-07,0.7980775237083435,0.8221032619476318,-0.03881322592496872,0.7755370140075684,0.7068099975585938,-0.04311489313840866,0.8040401339530945,0.6110873222351074,-0.04348500445485115,0.8329318761825562,0.5526268482208252,-0.040456343442201614,0.7544573545455933,0.6090463399887085,0.008768190629780293,0.7489521503448486,0.5085431337356567,0.010209518484771252,0.7475008368492126,0.43955880403518677,0.011083941906690598,0.7490418553352356,0.3889491558074951,0.011821799911558628,0.7867803573608398,0.6005229949951172,0.02145601622760296,0.7619947195053101,0.49529409408569336,0.025897173210978508,0.7481052875518799,0.44207602739334106,0.02876979298889637,0.7378199100494385,0.39415013790130615,0.03263194486498833,0.8210683465003967,0.6153748631477356,0.025545340031385422,0.824443519115448,0.524269163608551,0.005248562898486853,0.8294610381126404,0.5779777765274048,-0.010580919682979584,0.8282793760299683,0.6257544755935669,-0.012655223719775677,0.8556709289550781,0.6296237111091614,0.02680363319814205,0.8565409183502197,0.5649502873420715,0.0001951054873643443,0.8533810973167419,0.6001599431037903,-0.016219161450862885,0.8468361496925354,0.6396746635437012,-0.022008541971445084,R
0.8353086113929749,0.941124677658081,4.94336688916519e-07,0.7930129170417786,0.8921154737472534,-0.03834473714232445,0.7837006449699402,0.7920171618461609,-0.05560737103223801,0.830979585647583,0.7328434586524963,-0.07113371789455414,0.8758289813995361,0.7112459540367126,-0.08421773463487625,0.7918034195899963,0.6088747978210449,-0.02486594393849373,0.8113471269607544,0.4946988821029663,-0.04735812544822693,0.8265776038169861,0.4151332378387451,-0.06452499330043793,0.8416498899459839,0.3443695306777954,-0.0785989835858345,0.8299016952514648,0.6026686429977417,-0.02543528564274311,0.8166582584381104,0.4679374396800995,-0.05120552331209183,0.8117464780807495,0.3933747708797455,-0.06746764481067657,0.8110960721969604,0.32521405816078186,-0.07789873331785202,0.8660205006599426,0.6331713199615479,-0.03129197657108307,0.8900393843650818,0.542665958404541,-0.07290662080049515,0.8842471241950989,0.618642270565033,-0.08465101569890976,0.872370183467865,0.6818233728408813,-0.08377251774072647,0.9018373489379883,0.6882041096687317,-0.04057048261165619,0.9148887991905212,0.6551812291145325,-0.08053096383810043,0.896477222442627,0.7117562294006348,-0.09279941767454147,0.8749578595161438,0.7572799921035767,-0.09525486826896667,R
0.8226358294487,0.920548677444458,5.049586775385251e-07,0.7735583186149597,0.8624290227890015,-0.021934006363153458,0.7453689575195312,0.7670137882232666,-0.038172606378793716,0.7794675230979919,0.7095653414726257,-0.056420840322971344,0.8293907046318054,0.7056469917297363,-0.07380715757608414,0.7760679721832275,0.6036432385444641,-0.024149293079972267,0.7875680327415466,0.4898603856563568,-0.05052945762872696,0.7997631430625916,0.41524559259414673,-0.07263023406267166,0.8102380633354187,0.34686681628227234,-0.09083621948957443,0.8151470422744751,0.6064279079437256,-0.03421197831630707,0.8072711825370789,0.46662014722824097,-0.06166771054267883,0.7979490756988525,0.3861837089061737,-0.0832894966006279,0.7915140986442566,0.30741363763809204,-0.09911277145147324,0.8519850969314575,0.6449242234230042,-0.04675428196787834,0.8608032464981079,0.5567852854728699,-0.08158178627490997,0.8358084559440613,0.6319699287414551,-0.08837295323610306,0.8159345388412476,0.6929421424865723,-0.08636251091957092,0.8829725980758667,0.7082849144935608,-0.061659809201955795,0.8717155456542969,0.6730369925498962,-0.09188326448202133,0.8426680564880371,0.7202181816101074,-0.09631911665201187,0.8225426077842712,0.7596465945243835,-0.09491915255784988,R
0.8286918997764587,0.94395512342453,5.962820068816654e-07,0.7827744483947754,0.8991612195968628,-0.043365828692913055,0.7648017406463623,0.810761570930481,-0.06775496155023575,0.8093031644821167,0.7666716575622559,-0.09054829925298691,0.8614134192466736,0.7503378987312317,-0.11106572300195694,0.7830759882926941,0.6241466403007507,-0.0343901664018631,0.797148585319519,0.5110107660293579,-0.06209278851747513,0.8090789914131165,0.4311438798904419,-0.08325434476137161,0.821500837802887,0.3557559847831726,-0.10035505145788193,0.8216603994369507,0.6189880967140198,-0.03595642000436783,0.8052017092704773,0.482751727104187,-0.0666450709104538,0.7970978021621704,0.40687650442123413,-0.08602967113256454,0.7934276461601257,0.3312191367149353,-0.09835632145404816,0.8588441014289856,0.6536102890968323,-0.0429794006049633,0.8771645426750183,0.5633924603462219,-0.08848459273576736,0.8669161796569824,0.659908652305603,-0.09681632369756699,0.8531621098518372,0.7297680974006653,-0.0920281633734703,0.8957691788673401,0.7129368185997009,-0.05394803360104561,0.901731014251709,0.6762804985046387,-0.09456603229045868,0.8838110566139221,0.7402881979942322,-0.10261858254671097,0.8655091524124146,0.7857814431190491,-0.10137898474931717,R
0.8486189842224121,0.9273523092269897,4.7092990484998154e-07,0.8107187151908875,0.8830578327178955,-0.04552767425775528,0.79705411195755,0.7833744883537292,-0.05735119804739952,0.8336575031280518,0.6996931433677673,-0.06335971504449844,0.867783784866333,0.6433415412902832,-0.06590902805328369,0.759888768196106,0.6238020062446594,-0.021055588498711586,0.7555312514305115,0.5035586357116699,-0.033238817006349564,0.7526329159736633,0.4265369772911072,-0.043922919780015945,0.7505465745925903,0.35732966661453247,-0.053538620471954346,0.7939942479133606,0.6054328083992004,-0.012488720007240772,0.7621577382087708,0.4842405319213867,-0.025636520236730576,0.7463394403457642,0.413494735956192,-0.03738931939005852,0.7346932888031006,0.3503821790218353,-0.04575767368078232,0.8292995095252991,0.6234703063964844,-0.010293996892869473,0.8411707282066345,0.5188969373703003,-0.04550061747431755,0.8572474122047424,0.5791826248168945,-0.06444073468446732,0.8609354496002197,0.6343870759010315,-0.06906895339488983,0.8667796850204468,0.6576426029205322,-0.011411045677959919,0.8833365440368652,0.6065689921379089,-0.05249812826514244,0.8844486474990845,0.6596928834915161,-0.07226970046758652,0.8757860064506531,0.7121658325195312,-0.07989887148141861,R
0.8395819067955017,0.9334968328475952,4.4475845584202034e-07,0.7934236526489258,0.9025959372520447,-0.0365096852183342,0.7676000595092773,0.8097196817398071,-0.05157585069537163,0.7909642457962036,0.7199707627296448,-0.06475172191858292,0.8193594813346863,0.6592038869857788,-0.07537657022476196,0.7367470860481262,0.6485713720321655,-0.018357614055275917,0.727129340171814,0.5277483463287354,-0.0352114662528038,0.7243362665176392,0.45090287923812866,-0.0497271902859211,0.7221969366073608,0.37862980365753174,-0.06223296374082565,0.7688800692558289,0.622594952583313,-0.017475640401244164,0.7313061356544495,0.5028965473175049,-0.03632540628314018,0.7126414775848389,0.43909984827041626,-0.05197817087173462,0.6973958611488342,0.37858402729034424,-0.06315729767084122,0.8060826063156128,0.6312638521194458,-0.021510109305381775,0.8046606779098511,0.5201040506362915,-0.057055212557315826,0.8134261965751648,0.5919647216796875,-0.06981051713228226,0.8146640658378601,0.6567761301994324,-0.07096963375806808,0.8474761843681335,0.662202000617981,-0.02848348580300808,0.8476382493972778,0.6055017709732056,-0.06399881094694138,0.8436384201049805,0.6636347770690918,-0.07485423982143402,0.8358680009841919,0.7187996506690979,-0.07695191353559494,R
0.7578197121620178,0.9541075825691223,4.115140939120465e-07,0.713502049446106,0.9009637236595154,-0.02581476792693138,0.6905707716941833,0.7862697839736938,-0.03789685666561127,0.7269589304924011,0.7063310146331787,-0.05139273777604103,0.7750306129455566,0.6794043183326721,-0.06426016986370087,0.7207876443862915,0.6230990886688232,-0.01162632554769516,0.7354967594146729,0.5112442374229431,-0.031210882589221,0.7530966401100159,0.4370999336242676,-0.048448968678712845,0.7712841629981995,0.3707696497440338,-0.06312260776758194,0.7583650350570679,0.6245087385177612,-0.016987765207886696,0.7548807263374329,0.49329063296318054,-0.03958451375365257,0.7479407787322998,0.4177786111831665,-0.0592513382434845,0.745354413986206,0.3572932481765747,-0.07370056957006454,0.7928566932678223,0.6601528525352478,-0.026696568354964256,0.8136479258537292,0.5573081970214844,-0.06350938230752945,0.7920510768890381,0.6035000681877136,-0.08109674602746964,0.7723329663276672,0.657120943069458,-0.08679869771003723,0.8223356604576111,0.7204867005348206,-0.03830139711499214,0.8230322003364563,0.6628646850585938,-0.0740620568394661,0.7963060736656189,0.7007957100868225,-0.08750420808792114,0.7737919688224792,0.7471989393234253,-0.09270094335079193,R
0.7551994919776917,0.9632627367973328,4.938042366120499e-07,0.7221423387527466,0.8845653533935547,-0.0269117821007967,0.719111442565918,0.7698352336883545,-0.0428740419447422,0.7690637111663818,0.720124363899231,-0.06071103364229202,0.82147216796875,0.7164013981819153,-0.07736703753471375,0.7784478664398193,0.6191418766975403,-0.014984723180532455,0.8162577152252197,0.5154789686203003,-0.039721522480249405,0.849044680595398,0.44787296652793884,-0.060552701354026794,0.8796953558921814,0.38857004046440125,-0.07763244956731796,0.8169721961021423,0.6420782208442688,-0.02251037023961544,0.8375420570373535,0.5078214406967163,-0.051094379276037216,0.8454146981239319,0.4275178611278534,-0.07293348014354706,0.8552820682525635,0.3614501357078552,-0.08783213049173355,0.8452929258346558,0.6978669762611389,-0.03433225676417351,0.8799107074737549,0.6057015657424927,-0.07557448744773865,0.8449269533157349,0.6606909036636353,-0.08620288223028183,0.8143584728240967,0.7124857306480408,-0.08511009067296982,0.8645758628845215,0.7760305404663086,-0.048488978296518326,0.8694593906402588,0.7194197773933411,-0.08627676218748093,0.8349059820175171,0.7520078420639038,-0.09438000619411469,0.8062189817428589,0.7878376245498657,-0.0940815806388855,R
0.7534143328666687,0.7673520445823669,-2.9291578584889066e-07,0.6996782422065735,0.7249993085861206,-0.017594635486602783,0.6677740216255188,0.6262936592102051,-0.02815684676170349,0.6953814625740051,0.5687222480773926,-0.042100973427295685,0.7456244230270386,0.5767316818237305,-0.053539976477622986,0.6861358284950256,0.5339400172233582,-0.0018524944316595793,0.6736800074577332,0.4336901009082794,-0.02802233397960663,0.6721512675285339,0.4829254746437073,-0.046301133930683136,0.6819120645523071,0.5436432957649231,-0.054845232516527176,0.7172479629516602,0.5201137661933899,-0.006390310823917389,0.7106896638870239,0.411898136138916,-0.032255131751298904,0.7056108117103577,0.4738282561302185,-0.04320680350065231,0.7126440405845642,0.539304256439209,-0.043591707944869995,0.7487947940826416,0.5237196683883667,-0.016170527786016464,0.7450602054595947,0.4188978672027588,-0.035030726343393326,0.7355659008026123,0.4747459888458252,-0.038093823939561844,0.7401441335678101,0.5396436452865601,-0.03419729694724083,0.7810497879981995,0.5377998352050781,-0.02896789088845253,0.7787112593650818,0.4600783586502075,-0.037962134927511215,0.7665070295333862,0.4890349507331848,-0.03765115886926651,0.7667241096496582,0.5394330620765686,-0.034671276807785034,E
0.7653309106826782,0.7726907134056091,-2.6793048846229794e-07,0.7109014391899109,0.7266147136688232,-0.01678335852921009,0.679993748664856,0.6249606013298035,-0.02590002492070198,0.7081531286239624,0.5754825472831726,-0.03836927190423012,0.756709635257721,0.5897756218910217,-0.048676155507564545,0.6987433433532715,0.5413916707038879,0.00015518210420850664,0.6905438899993896,0.4400409460067749,-0.024729138240218163,0.6901014447212219,0.483889639377594,-0.04138112813234329,0.697178065776825,0.540606677532196,-0.049158237874507904,0.7303487658500671,0.5271478295326233,-0.004809092730283737,0.7242324948310852,0.4191540479660034,-0.03043735772371292,0.7226721048355103,0.4814019799232483,-0.04088158532977104,0.7282389998435974,0.5439329147338867,-0.041133418679237366,0.7626474499702454,0.5300140976905823,-0.015034719370305538,0.7591341733932495,0.42068541049957275,-0.035196203738451004,0.7545115351676941,0.48414146900177,-0.03702409192919731,0.7569112777709961,0.5507236123085022,-0.03218178451061249,0.795651912689209,0.5447800159454346,-0.028055645525455475,0.7935035228729248,0.4708844721317291,-0.039559174329042435,0.7851845622062683,0.5082760453224182,-0.039078887552022934,0.784174382686615,0.557075023651123,-0.03580593690276146,E
0.7663899064064026,0.7751733064651489,-3.3025960988197767e-07,0.7165360450744629,0.7378964424133301,-0.01791209541261196,0.6874384880065918,0.6313369870185852,-0.02657162770628929,0.7260293960571289,0.5614378452301025,-0.037980664521455765,0.7783104181289673,0.5604727864265442,-0.04683879390358925,0.6865717768669128,0.5391525626182556,-0.002831393154338002,0.6722992658615112,0.43337827920913696,-0.027256852015852928,0.6762827634811401,0.49095767736434937,-0.04478151723742485,0.6870718002319336,0.5506779551506042,-0.053846944123506546,0.7185184359550476,0.517471969127655,-0.007099017035216093,0.7094223499298096,0.4040307402610779,-0.029928013682365417,0.7074681520462036,0.4713757038116455,-0.03950773552060127,0.7134897708892822,0.5332809686660767,-0.040628738701343536,0.7512378692626953,0.5143845081329346,-0.016624251380562782,0.7489989399909973,0.39904701709747314,-0.034110672771930695,0.7399522662162781,0.4631485342979431,-0.036895282566547394,0.7411903738975525,0.5273464322090149,-0.03457585722208023,0.7848185896873474,0.523536205291748,-0.029206153005361557,0.7801979780197144,0.4456031918525696,-0.03950169309973717,0.7686938047409058,0.48537206649780273,-0.03990008309483528,0.7683362364768982,0.5366241931915283,-0.038278572261333466,E
0.7600776553153992,0.7701650261878967,-3.524691294387594e-07,0.7077069282531738,0.7362064123153687,-0.020044846460223198,0.6762000322341919,0.6341882348060608,-0.02907819300889969,0.7074005007743835,0.5699610114097595,-0.040835361927747726,0.7563472390174866,0.5651643872261047,-0.05020510032773018,0.6881475448608398,0.5434556007385254,-0.002738961484283209,0.6741898059844971,0.43765774369239807,-0.028830742463469505,0.6744406223297119,0.49304404854774475,-0.04717880114912987,0.6837892532348633,0.555309534072876,-0.05601683259010315,0.7188605666160583,0.5237124562263489,-0.006243951618671417,0.7090438008308411,0.4120115637779236,-0.030818864703178406,0.7051586508750916,0.48029565811157227,-0.04263002425432205,0.7105385661125183,0.544052004814148,-0.04450604319572449,0.7495492696762085,0.5228508114814758,-0.01536134909838438,0.7440991401672363,0.4131901264190674,-0.03467053547501564,0.7370251417160034,0.47656774520874023,-0.03961872681975365,0.7403791546821594,0.5415956974029541,-0.037668343633413315,0.7810392379760742,0.5349178314208984,-0.02754989080131054,0.7759096026420593,0.45671412348747253,-0.03823573887348175,0.7666411399841309,0.49215295910835266,-0.03934454545378685,0.767415463924408,0.5424914360046387,-0.03780928999185562,E
0.7649842500686646,0.7642497420310974,-3.249781173053634e-07,0.7111290693283081,0.7338159084320068,-0.020800311118364334,0.6748358607292175,0.6366139054298401,-0.030916627496480942,0.7051267027854919,0.568904459476471,-0.0433422327041626,0.7613304257392883,0.564150333404541,-0.0527879074215889,0.6864374876022339,0.5430896282196045,-0.005687974393367767,0.6716726422309875,0.43244683742523193,-0.03089306131005287,0.6726530194282532,0.48753172159194946,-0.04840913042426109,0.6833925247192383,0.5479580163955688,-0.05724035203456879,0.7180752754211426,0.5202897191047668,-0.008405781351029873,0.7085793018341064,0.40158867835998535,-0.031951602548360825,0.7050654292106628,0.46505287289619446,-0.04273431375622749,0.7118710875511169,0.5267775654792786,-0.04459921643137932,0.7496174573898315,0.5154521465301514,-0.016567658632993698,0.7443788051605225,0.4018162786960602,-0.03397776558995247,0.7356688380241394,0.4593992233276367,-0.03905203565955162,0.7390389442443848,0.5232515335083008,-0.03813857585191727,0.7825769186019897,0.5225059986114502,-0.02802615985274315,0.7774885892868042,0.4422578811645508,-0.037814490497112274,0.7663708925247192,0.4744812250137329,-0.04022644832730293,0.7665243744850159,0.5260459184646606,-0.040261901915073395,E
0.7488304376602173,0.7828541398048401,-3.523526288518042e-07,0.6895187497138977,0.7568615674972534,-0.018679682165384293,0.6507843732833862,0.6719754934310913,-0.028577398508787155,0.6730448603630066,0.6058873534202576,-0.041776515543460846,0.7164745926856995,0.5756808519363403,-0.052678536623716354,0.6600930094718933,0.5803999900817871,-0.0010171864414587617,0.6345888376235962,0.4783095121383667,-0.028957318514585495,0.6411533355712891,0.5344928503036499,-0.047078296542167664,0.6561964154243469,0.5890948176383972,-0.05493917316198349,0.690343976020813,0.5547230243682861,-0.005751440767198801,0.6686375737190247,0.4447832703590393,-0.0334620401263237,0.6719344854354858,0.5176725387573242,-0.04512932896614075,0.6834068298339844,0.5763477683067322,-0.0455344058573246,0.7220719456672668,0.5457100868225098,-0.016189120709896088,0.7042108774185181,0.4428432881832123,-0.03914541006088257,0.7036789059638977,0.5166530609130859,-0.04166221246123314,0.7128517031669617,0.5796354413032532,-0.03630271553993225,0.7564446330070496,0.5480630397796631,-0.02938844822347164,0.7417048215866089,0.4732372462749481,-0.0413694828748703,0.7357208132743835,0.5218063592910767,-0.03951219841837883,0.7403836250305176,0.5741005539894104,-0.034852176904678345,E
0.7495715618133545,0.7636277079582214,-3.925146927485912e-07,0.6922222375869751,0.7189122438430786,-0.004219739232212305,0.655810534954071,0.6552729606628418,-0.01291646994650364,0.6604082584381104,0.6113726496696472,-0.028461214154958725,0.696298360824585,0.6086741089820862,-0.0430193655192852,0.6853480339050293,0.5401838421821594,0.011475583538413048,0.6634682416915894,0.45125043392181396,-0.015007998794317245,0.6518313884735107,0.5078838467597961,-0.03259165957570076,0.6592745780944824,0.561599850654602,-0.040649209171533585,0.7096562385559082,0.5329571962356567,-0.0002634156553540379,0.689562201499939,0.43166354298591614,-0.028972115367650986,0.6738190054893494,0.5033853650093079,-0.03938447684049606,0.6817589402198792,0.5644534826278687,-0.037992410361766815,0.737413763999939,0.5333348512649536,-0.016509827226400375,0.7178163528442383,0.44015973806381226,-0.04007222130894661,0.7007756233215332,0.5170828700065613,-0.03933968394994736,0.7074523568153381,0.5817258954048157,-0.03042484261095524,0.7702641487121582,0.5420978665351868,-0.03430115059018135,0.7452471256256104,0.4793616831302643,-0.045432206243276596,0.7263022065162659,0.5286692380905151,-0.04077785834670067,0.7292972803115845,0.5795125961303711,-0.03291522338986397,E
0.7656397819519043,0.7531825304031372,-2.7285204851068556e-07,0.7121575474739075,0.7236182689666748,-0.013389437459409237,0.6765005588531494,0.6370131969451904,-0.01746421866118908,0.6978616118431091,0.5699955224990845,-0.024570969864726067,0.7300350069999695,0.5350403189659119,-0.029664289206266403,0.6709247827529907,0.5769103169441223,0.005473389755934477,0.6507200002670288,0.4787060022354126,-0.014559507369995117,0.6648387312889099,0.5098056197166443,-0.031678035855293274,0.6800168752670288,0.5585491061210632,-0.04085810109972954,0.7001217007637024,0.5479024052619934,0.0009660287760198116,0.6813688278198242,0.44226527214050293,-0.017091328278183937,0.6951565742492676,0.4820050299167633,-0.03337414935231209,0.7059615254402161,0.5342559218406677,-0.04133940115571022,0.730224609375,0.5367835164070129,-0.007792115677148104,0.7160061597824097,0.43866056203842163,-0.021186744794249535,0.7249215841293335,0.478132426738739,-0.031001346185803413,0.7323011755943298,0.5352974534034729,-0.035211145877838135,0.7608667016029358,0.5379374027252197,-0.018811052665114403,0.7490607500076294,0.46624526381492615,-0.02739494852721691,0.7506594061851501,0.4847991168498993,-0.03148099035024643,0.7543734908103943,0.5256254076957703,-0.03385339677333832,E
0.7574557662010193,0.760817289352417,-2.631609277159441e-07,0.7111799716949463,0.7031833529472351,-0.014741474762558937,0.6940125226974487,0.5947035551071167,-0.021967072039842606,0.7327296137809753,0.5493050217628479,-0.032417263835668564,0.779166042804718,0.5699992775917053,-0.040925730019807816,0.7071226239204407,0.5193449258804321,-0.00020100342226214707,0.7086023688316345,0.4218745827674866,-0.022739700973033905,0.7110975384712219,0.4683811366558075,-0.0394054651260376,0.7147061228752136,0.5271487236022949,-0.04780852422118187,0.7410399913787842,0.5122338533401489,-0.005626612342894077,0.7466872930526733,0.40869593620300293,-0.026171239092946053,0.7449935078620911,0.46523505449295044,-0.03642662987112999,0.7427563071250916,0.5260995626449585,-0.03847141191363335,0.7731284499168396,0.5243816375732422,-0.015744555741548538,0.7821282148361206,0.4244537949562073,-0.031408701092004776,0.7769353985786438,0.47965848445892334,-0.03426970914006233,0.7719459533691406,0.5423519015312195,-0.032055508345365524,0.8028135299682617,0.5497139096260071,-0.028519216924905777,0.8084543347358704,0.47616809606552124,-0.037799034267663956,0.801034152507782,0.5058472156524658,-0.03759106993675232,0.7952510118484497,0.5532277822494507,-0.035606738179922104,E
0.7571529150009155,0.7669381499290466,-2.54251943943018e-07,0.7094705700874329,0.7150049805641174,-0.017224295064806938,0.6906758546829224,0.6111127734184265,-0.025781026110053062,0.7304602861404419,0.5633890628814697,-0.03735111653804779,0.7761490941047668,0.570880115032196,-0.046968765556812286,0.6931254267692566,0.5348918437957764,-8.976185927167535e-05,0.6885021924972534,0.43680572509765625,-0.023535050451755524,0.6965068578720093,0.48381173610687256,-0.04167921096086502,0.704138994216919,0.539661705493927,-0.0512094683945179,0.7269082069396973,0.5212900042533875,-0.004945063032209873,0.7251960039138794,0.41668248176574707,-0.025976864621043205,0.7298780083656311,0.47383812069892883,-0.0393211767077446,0.7311722636222839,0.5319750308990479,-0.04411739856004715,0.7594245672225952,0.5273354649543762,-0.01472523808479309,0.7628456354141235,0.42549970746040344,-0.03202288970351219,0.7635173201560974,0.48538830876350403,-0.037582073360681534,0.7612994313240051,0.5502838492393494,-0.03722326084971428,0.7905625104904175,0.547400951385498,-0.027263294905424118,0.792669415473938,0.4729151725769043,-0.03858166188001633,0.789248526096344,0.5070589184761047,-0.03999181464314461,0.7852295637130737,0.5567023754119873,-0.0391310453414917,E
0.7564553618431091,0.7510943412780762,-2.636394356159144e-07,0.7052887678146362,0.7070727944374084,-0.01666831225156784,0.6805036664009094,0.6128727197647095,-0.023756088688969612,0.710917592048645,0.5545322895050049,-0.03334971144795418,0.7485731840133667,0.5263612866401672,-0.04095929116010666,0.6875056028366089,0.5442655682563782,2.0436769773368724e-05,0.6782839894294739,0.44546622037887573,-0.021946676075458527,0.6855474710464478,0.4833102822303772,-0.03904660791158676,0.6942275166511536,0.5380918383598328,-0.04788965359330177,0.7189062833786011,0.5244684815406799,-0.0036855852231383324,0.7111959457397461,0.4193756878376007,-0.022447476163506508,0.7168586254119873,0.4689980745315552,-0.03637437894940376,0.7210807800292969,0.524812638759613,-0.04266173020005226,0.7496907114982605,0.5238530039787292,-0.011989077553153038,0.7467395067214966,0.4228263795375824,-0.02770455740392208,0.748072624206543,0.4750099182128906,-0.03441960737109184,0.7487871050834656,0.5359823107719421,-0.036055661737918854,0.780623197555542,0.5375555753707886,-0.02272970601916313,0.7789192199707031,0.4671902358531952,-0.033099643886089325,0.7760368585586548,0.4961021840572357,-0.035127703100442886,0.7740423679351807,0.5409612655639648,-0.03549601510167122,E
0.7607372999191284,0.7599433660507202,-2.8584830147337925e-07,0.7075704336166382,0.728826642036438,-0.01783597841858864,0.6772210597991943,0.6454929113388062,-0.027504708617925644,0.7073489427566528,0.5823209881782532,-0.040098290890455246,0.7481474280357361,0.5554847717285156,-0.05072543025016785,0.6761151552200317,0.5677793025970459,-0.002071302616968751,0.6574966907501221,0.4736306369304657,-0.027765357866883278,0.6700060963630676,0.5225974917411804,-0.04578480124473572,0.6837007999420166,0.5745410919189453,-0.05426599830389023,0.7073463201522827,0.5403866767883301,-0.006499472074210644,0.6899616718292236,0.44055917859077454,-0.029250746592879295,0.7003958821296692,0.5009199976921082,-0.04172734171152115,0.7096987366676331,0.5545105934143066,-0.04521298408508301,0.7394587993621826,0.5320660471916199,-0.016000626608729362,0.7272641062736511,0.4331175982952118,-0.03497103601694107,0.7333043217658997,0.4966956377029419,-0.038264527916908264,0.7388836741447449,0.5578659176826477,-0.03548068925738335,0.7722851037979126,0.5371435880661011,-0.02814716286957264,0.7633238434791565,0.4621502161026001,-0.03865939378738403,0.762025773525238,0.500348687171936,-0.03727801516652107,0.7632840275764465,0.5493213534355164,-0.0339445024728775,E
0.7483257055282593,0.7660170793533325,-3.0506015491482685e-07,0.7002493143081665,0.7219967842102051,-0.019222473725676537,0.6799534559249878,0.6236540675163269,-0.028774281963706017,0.718877375125885,0.5732405185699463,-0.040753960609436035,0.7633295059204102,0.5661612153053284,-0.05064202845096588,0.6859408617019653,0.5426952838897705,-0.004514147527515888,0.6809073090553284,0.44592034816741943,-0.030020462349057198,0.6878677606582642,0.5007714033126831,-0.04769209027290344,0.6943238973617554,0.5568417310714722,-0.05635010078549385,0.7201634645462036,0.5261515974998474,-0.008272971957921982,0.7171520590782166,0.4228561520576477,-0.030577337369322777,0.7213053107261658,0.4921913146972656,-0.041501712054014206,0.722529411315918,0.548438549041748,-0.04426709935069084,0.7523123621940613,0.5304673314094543,-0.0171697698533535,0.756708562374115,0.4280089735984802,-0.03646230325102806,0.7563576698303223,0.4992431700229645,-0.03849244490265846,0.7529749870300293,0.5637204051017761,-0.03518427908420563,0.7827041149139404,0.5496269464492798,-0.028859440237283707,0.78638756275177,0.47470489144325256,-0.04090219736099243,0.7814698815345764,0.5148881077766418,-0.03994543105363846,0.775323212146759,0.5636507868766785,-0.037046123296022415,E
0.7453928589820862,0.7552589178085327,-3.448673169259564e-07,0.6977787017822266,0.7276226282119751,-0.018202563747763634,0.6663356423377991,0.63429856300354,-0.02689911611378193,0.6983368992805481,0.5686402320861816,-0.03791104629635811,0.7437738180160522,0.5635246634483337,-0.04600554704666138,0.6684351563453674,0.5445379018783569,-0.007641607895493507,0.6542941331863403,0.4416769742965698,-0.03286385163664818,0.6609175205230713,0.5037757754325867,-0.048577189445495605,0.6712327003479004,0.5593636631965637,-0.05569770187139511,0.7003908753395081,0.5234848856925964,-0.011359992437064648,0.6927052140235901,0.41163334250450134,-0.033868689090013504,0.6938701868057251,0.4832844138145447,-0.04042346030473709,0.698184609413147,0.5369024872779846,-0.039264850318431854,0.7310094237327576,0.521541178226471,-0.02012103609740734,0.728749692440033,0.4179469347000122,-0.037209402769804,0.7246367335319519,0.4847927987575531,-0.03595857322216034,0.725955069065094,0.5415855646133423,-0.030523844063282013,0.7607149481773376,0.53237384557724,-0.03191835433244705,0.7575104236602783,0.45617711544036865,-0.03990612551569939,0.7486502528190613,0.49365708231925964,-0.036897242069244385,0.7473383545875549,0.5405511260032654,-0.03284792602062225,E
0.746495246887207,0.7534538507461548,-2.95136430850107e-07,0.6992899179458618,0.7240951061248779,-0.01904192939400673,0.6698513627052307,0.6271966695785522,-0.02629972994327545,0.7020407915115356,0.5610363483428955,-0.035803165286779404,0.7458914518356323,0.5448894500732422,-0.042649172246456146,0.6673145294189453,0.5505433082580566,-0.0021872681099921465,0.6530489921569824,0.4523082971572876,-0.023705175146460533,0.6611553430557251,0.5006571412086487,-0.03948644921183586,0.672958254814148,0.5525059700012207,-0.047752052545547485,0.6979677081108093,0.5254136919975281,-0.004567250143736601,0.6865175366401672,0.4227617383003235,-0.023188602179288864,0.6917209029197693,0.4803686738014221,-0.03382847458124161,0.6987656354904175,0.5326383709907532,-0.03734522685408592,0.728000819683075,0.519465446472168,-0.011997440829873085,0.7214031219482422,0.4198676645755768,-0.026355721056461334,0.721773624420166,0.47481223940849304,-0.030891327187418938,0.7257071733474731,0.5329081416130066,-0.030880926176905632,0.7579118609428406,0.5258414149284363,-0.02248646691441536,0.7536170482635498,0.45213988423347473,-0.03110894002020359,0.7488922476768494,0.4807303547859192,-0.032872166484594345,0.7488552331924438,0.5257329940795898,-0.033037032932043076,E
0.7392197847366333,0.7366634607315063,-2.1787980131193763e-07,0.6862899661064148,0.7120926380157471,-0.013875246047973633,0.6513272523880005,0.633711576461792,-0.019258204847574234,0.6718876361846924,0.5672504901885986,-0.0277240052819252,0.7085220217704773,0.5359163284301758,-0.0343046598136425,0.6511404514312744,0.5712699890136719,0.007373163476586342,0.6332377791404724,0.48529312014579773,-0.01230181846767664,0.6403069496154785,0.5183629393577576,-0.02877279743552208,0.6533249020576477,0.5621340274810791,-0.0373663604259491,0.677619993686676,0.5462760329246521,0.0031575290486216545,0.6610954403877258,0.45130056142807007,-0.01703754998743534,0.6670839786529541,0.49167853593826294,-0.03276817500591278,0.6778456568717957,0.542283833026886,-0.03884304314851761,0.7056385278701782,0.536598801612854,-0.005566371139138937,0.6921340823173523,0.44383829832077026,-0.022191420197486877,0.6956392526626587,0.4834989309310913,-0.03249908983707428,0.7046074271202087,0.5376406311988831,-0.035097260028123856,0.7358577251434326,0.5365118980407715,-0.016414042562246323,0.7250273823738098,0.4687768220901489,-0.02685539238154888,0.7227767109870911,0.4932434558868408,-0.031224405393004417,0.7269999384880066,0.53682541847229,-0.03252406045794487,E
0.735352635383606,0.7462756037712097,-2.889273105211032e-07,0.6873611211776733,0.7023320198059082,-0.017112499102950096,0.6648086905479431,0.605457603931427,-0.0253057349473238,0.7005903720855713,0.5590769648551941,-0.03614546358585358,0.7479108572006226,0.5666496157646179,-0.044788703322410583,0.6818675994873047,0.5278328657150269,-0.0026781209744513035,0.6770686507225037,0.43536025285720825,-0.02657293900847435,0.6766026020050049,0.4872224032878876,-0.042063623666763306,0.6822816133499146,0.542461097240448,-0.049044325947761536,0.7130874991416931,0.5167056918144226,-0.006403002887964249,0.7122775912284851,0.41574209928512573,-0.029761068522930145,0.707149088382721,0.4810561239719391,-0.03788250312209129,0.708834707736969,0.5382422804832458,-0.03677207976579666,0.7429102063179016,0.5239496231079102,-0.015160427428781986,0.746004045009613,0.43202924728393555,-0.03417278826236725,0.7377444505691528,0.49672308564186096,-0.03453081473708153,0.7367773056030273,0.5553415417671204,-0.028740420937538147,0.7716979384422302,0.5427032113075256,-0.026604346930980682,0.773451030254364,0.47329026460647583,-0.036791134625673294,0.7631915807723999,0.5089735984802246,-0.03477197885513306,0.7597514986991882,0.5532707571983337,-0.030387701466679573,E
0.737160861492157,0.7601449489593506,-3.1951518053574546e-07,0.6892330646514893,0.7108046412467957,-0.017543617635965347,0.6706834435462952,0.6165976524353027,-0.025839773938059807,0.7088828086853027,0.5696797370910645,-0.03665081411600113,0.7520042657852173,0.5688769817352295,-0.04537700116634369,0.6828944087028503,0.5352009534835815,-0.0003229162539355457,0.6791545748710632,0.44608399271965027,-0.025282930582761765,0.6808477640151978,0.5008180737495422,-0.043122317641973495,0.6851320862770081,0.5551830530166626,-0.05188792943954468,0.7157824635505676,0.5227040648460388,-0.0043066986836493015,0.7157924175262451,0.42886775732040405,-0.026626065373420715,0.7137603759765625,0.49998944997787476,-0.03679309040307999,0.7138561606407166,0.5538602471351624,-0.03834546357393265,0.7461339235305786,0.5312151908874512,-0.013561873696744442,0.7520304918289185,0.44029098749160767,-0.0328030027449131,0.7458659410476685,0.5089090466499329,-0.03394778445363045,0.7421891093254089,0.5680160522460938,-0.029539432376623154,0.774693489074707,0.555467963218689,-0.025522926822304726,0.7792778611183167,0.4878925681114197,-0.03703569248318672,0.770499587059021,0.5289487242698669,-0.03488212823867798,0.7641260027885437,0.5766735076904297,-0.030600769445300102,E
0.7368906736373901,0.7362242937088013,-2.5969413286475174e-07,0.6869626641273499,0.703356146812439,-0.015026774257421494,0.6588813662528992,0.6147118210792542,-0.020733093842864037,0.6848850250244141,0.5533713698387146,-0.029246116057038307,0.722278892993927,0.531163215637207,-0.03585433587431908,0.6640427708625793,0.5504693388938904,0.002131157089024782,0.6523879170417786,0.4584312438964844,-0.018569443374872208,0.6566985845565796,0.4960511028766632,-0.03477320075035095,0.6667138338088989,0.5469987392425537,-0.04308713972568512,0.692522406578064,0.5310103893280029,-0.0019282115390524268,0.6824254989624023,0.4309980571269989,-0.02114090323448181,0.6845935583114624,0.47453784942626953,-0.03483520820736885,0.6916378140449524,0.5277405977249146,-0.040206946432590485,0.7216942310333252,0.5283850431442261,-0.010480895638465881,0.7142471671104431,0.43317610025405884,-0.025832027196884155,0.7137657403945923,0.47594839334487915,-0.033847685903310776,0.7185960412025452,0.5314335823059082,-0.03586597740650177,0.7517496347427368,0.5373982191085815,-0.021396156400442123,0.7466347217559814,0.46663016080856323,-0.030834965407848358,0.7414693832397461,0.4896683394908905,-0.034042492508888245,0.7421837449073792,0.5333597660064697,-0.03514649718999863,E
0.7282730340957642,0.7449795603752136,-2.910686305312993e-07,0.6783910393714905,0.7119251489639282,-0.01606472209095955,0.64950031042099,0.6239299774169922,-0.02328229881823063,0.6790400743484497,0.5625525116920471,-0.0334269180893898,0.7207209467887878,0.5460964441299438,-0.0415981225669384,0.65731281042099,0.550183892250061,0.0010175587376579642,0.6422386169433594,0.46137183904647827,-0.02207055129110813,0.6477624177932739,0.5107080340385437,-0.03845801204442978,0.6587572693824768,0.5630579590797424,-0.046117860823869705,0.6853846907615662,0.5315546989440918,-0.002715173875913024,0.6727380752563477,0.43672680854797363,-0.025172503665089607,0.6759667992591858,0.4947134256362915,-0.036926887929439545,0.6841360926628113,0.5497560501098633,-0.039210669696331024,0.7139328122138977,0.5293288230895996,-0.011325628496706486,0.705836296081543,0.43549004197120667,-0.029526783153414726,0.7057125568389893,0.4923716187477112,-0.03402810916304588,0.7108703255653381,0.5518401861190796,-0.031793706119060516,0.7435774207115173,0.5380779504776001,-0.022419892251491547,0.7359960079193115,0.47004055976867676,-0.03274447098374367,0.7313250303268433,0.5023109316825867,-0.03334847837686539,0.7332794666290283,0.5472490787506104,-0.031223339959979057,E
0.8009416460990906,0.7418198585510254,-3.398206160909467e-07,0.7405243515968323,0.712775707244873,-0.018488971516489983,0.696511447429657,0.6256281733512878,-0.025882331654429436,0.7205439209938049,0.5403683185577393,-0.034268274903297424,0.7683859467506409,0.5038077235221863,-0.038029372692108154,0.7077518105506897,0.5625364780426025,-0.0002666428335942328,0.6988324522972107,0.5031527280807495,-0.03129677474498749,0.7049022316932678,0.5720794200897217,-0.0453239269554615,0.7110661864280701,0.5931682586669922,-0.05014944076538086,0.7426903247833252,0.5483343005180359,-0.002459385897964239,0.7327348589897156,0.4930785596370697,-0.03564757481217384,0.7358567118644714,0.5774319171905518,-0.03974161669611931,0.7442939877510071,0.5855857729911804,-0.03232904151082039,0.7772451639175415,0.5447295904159546,-0.011018791235983372,0.7724084854125977,0.5088221430778503,-0.04012331739068031,0.7709782123565674,0.5969215631484985,-0.030618641525506973,0.7763382196426392,0.6086077690124512,-0.014080088585615158,0.8141657114028931,0.5473883152008057,-0.022072160616517067,0.8011098504066467,0.5214093923568726,-0.03127957135438919,0.7964504361152649,0.5812984704971313,-0.019771164283156395,0.8028665781021118,0.5937263369560242,-0.0066472687758505344,S
0.8103230595588684,0.7466596364974976,-3.4180561669927556e-07,0.7540756464004517,0.7098280787467957,-0.020241927355527878,0.7119798064231873,0.615407407283783,-0.026416078209877014,0.7366123795509338,0.5283793210983276,-0.03441499173641205,0.7849955558776855,0.4969097673892975,-0.03701699525117874,0.7171561121940613,0.5527524948120117,0.008651016280055046,0.7119784951210022,0.48809731006622314,-0.024177193641662598,0.7225533723831177,0.5560715794563293,-0.03942316025495529,0.7278134226799011,0.5731921195983887,-0.04420224577188492,0.7518260478973389,0.5393054485321045,0.006487803068011999,0.7505359649658203,0.478901207447052,-0.029940148815512657,0.756527841091156,0.5652154684066772,-0.0354476235806942,0.7578805088996887,0.5734604597091675,-0.027490276843309402,0.7863808870315552,0.5358792543411255,-0.003450377844274044,0.7901476621627808,0.4907982349395752,-0.03704318404197693,0.7909068465232849,0.5776001811027527,-0.029889697209000587,0.7890586256980896,0.5891596078872681,-0.013283971697092056,0.8224412798881531,0.53968346118927,-0.016126271337270737,0.8218454122543335,0.4947259724140167,-0.028196632862091064,0.8179181218147278,0.5565035939216614,-0.018053002655506134,0.8170865774154663,0.5771640539169312,-0.004963935352861881,S
0.8123512268066406,0.7450197339057922,-3.7372345218500413e-07,0.7532806992530823,0.7129611968994141,-0.022366825491189957,0.7123961448669434,0.6047925353050232,-0.02857106365263462,0.7421152591705322,0.5165071487426758,-0.034601155668497086,0.7924337387084961,0.4874529242515564,-0.03491562232375145,0.7155835628509521,0.5234326124191284,0.0027908380143344402,0.70860356092453,0.4790906608104706,-0.02620159275829792,0.7154343128204346,0.5498393177986145,-0.03853408247232437,0.7224895358085632,0.5616050958633423,-0.043384287506341934,0.7521815896034241,0.509411096572876,0.000837590079754591,0.7515994906425476,0.46971970796585083,-0.03303898870944977,0.7511083483695984,0.5593436360359192,-0.037115197628736496,0.7541957497596741,0.559888482093811,-0.029140731319785118,0.7878775596618652,0.514972448348999,-0.008399233222007751,0.7926642298698425,0.5069082379341125,-0.039239972829818726,0.784753143787384,0.5988650918006897,-0.03271522372961044,0.7829108834266663,0.5976267457008362,-0.018343064934015274,0.822980523109436,0.5297191739082336,-0.020682161673903465,0.8164268732070923,0.5409132242202759,-0.034271132200956345,0.8088163137435913,0.6042547821998596,-0.027899406850337982,0.8101261854171753,0.6044166684150696,-0.018018173053860664,S
0.8092186450958252,0.7417042851448059,-3.6212034615346056e-07,0.7491523623466492,0.7144836187362671,-0.021041471511125565,0.7043260335922241,0.6207417249679565,-0.027967233210802078,0.7265584468841553,0.5268051028251648,-0.03590027615427971,0.7738279700279236,0.4853910505771637,-0.03844097629189491,0.709575355052948,0.5522322654724121,0.00395013066008687,0.7009314298629761,0.4849016070365906,-0.02839835360646248,0.710288405418396,0.5556846857070923,-0.04196329414844513,0.7175760865211487,0.5741577744483948,-0.04584503173828125,0.745182991027832,0.5387207269668579,0.0018452161457389593,0.7388413548469543,0.4747132658958435,-0.03293905034661293,0.7420521378517151,0.5651110410690308,-0.03665517270565033,0.746691882610321,0.5702171921730042,-0.028087450191378593,0.7799685597419739,0.5389049649238586,-0.007812118157744408,0.7797762155532837,0.5012518167495728,-0.040733013302087784,0.7765551805496216,0.5938891768455505,-0.033343635499477386,0.7773484587669373,0.5990776419639587,-0.01719582825899124,0.8162875771522522,0.5455074310302734,-0.020058689638972282,0.8061655163764954,0.5250591039657593,-0.0319255031645298,0.80131995677948,0.5897314548492432,-0.02219679392874241,0.8054454326629639,0.5990439057350159,-0.009865036234259605,S
0.8110711574554443,0.7449146509170532,-3.477586574263114e-07,0.7547318339347839,0.7173911929130554,-0.023517003282904625,0.7129013538360596,0.6174245476722717,-0.031975340098142624,0.731742262840271,0.513769268989563,-0.040895916521549225,0.7739956974983215,0.45915961265563965,-0.04388430342078209,0.7085908055305481,0.5545669198036194,0.004331545904278755,0.693240225315094,0.48462557792663574,-0.02874278463423252,0.7074227333068848,0.5520181655883789,-0.042900461703538895,0.7170091867446899,0.569097101688385,-0.04673655331134796,0.7430594563484192,0.5393743515014648,0.0025805754121392965,0.7351464629173279,0.46400123834609985,-0.03429526090621948,0.7418395280838013,0.553699791431427,-0.03990717604756355,0.7445766925811768,0.5588551759719849,-0.031404174864292145,0.7782227396965027,0.5394509434700012,-0.006748581305146217,0.7786627411842346,0.4954287111759186,-0.042879924178123474,0.7788901329040527,0.5939838886260986,-0.03589257970452309,0.7783191800117493,0.6023831367492676,-0.01841721683740616,0.8138867616653442,0.5445436239242554,-0.018658554181456566,0.8057743906974792,0.5204648971557617,-0.033615149557590485,0.8030126094818115,0.5876588225364685,-0.023926692083477974,0.8053934574127197,0.5983209013938904,-0.010335921309888363,S
0.8087869882583618,0.7424651384353638,-3.2984351605591655e-07,0.7496666312217712,0.7168592214584351,-0.022447848692536354,0.7075268030166626,0.6185615062713623,-0.03177640959620476,0.7287439107894897,0.5212808847427368,-0.041514355689287186,0.7726392149925232,0.4711131453514099,-0.045882247388362885,0.7068509459495544,0.5545240044593811,-0.0012882538139820099,0.6972941756248474,0.48841792345046997,-0.03376896306872368,0.7108522653579712,0.5561506152153015,-0.047945570200681686,0.7193101048469543,0.5746375918388367,-0.05251757428050041,0.7418174147605896,0.5393173694610596,-0.003790987655520439,0.7351098656654358,0.47050997614860535,-0.04013741761445999,0.7413853406906128,0.5582752823829651,-0.04607619345188141,0.74541175365448,0.5664193630218506,-0.0385265052318573,0.7771803140640259,0.5376364588737488,-0.013085703365504742,0.7776317596435547,0.5006957054138184,-0.04684368893504143,0.7775354981422424,0.5954163670539856,-0.03941807150840759,0.777606189250946,0.6051411628723145,-0.0227357130497694,0.8135687112808228,0.5424929261207581,-0.024954263120889664,0.8030691146850586,0.5216183066368103,-0.038303930312395096,0.8008840680122375,0.5862579345703125,-0.027893608435988426,0.8047863841056824,0.5974695682525635,-0.014371168799698353,S
0.8105918169021606,0.7500101327896118,-3.5064462622358405e-07,0.7612898945808411,0.7135919332504272,-0.021120809018611908,0.7226831912994385,0.6187521815299988,-0.02986256033182144,0.7438687086105347,0.5235973596572876,-0.038892265409231186,0.7831982970237732,0.4689282774925232,-0.04221660643815994,0.7092210650444031,0.5553539991378784,0.0006763631827197969,0.6879205107688904,0.48760902881622314,-0.031397998332977295,0.703771710395813,0.5540099740028381,-0.04625541716814041,0.7152373194694519,0.5791444182395935,-0.05069829896092415,0.7426328659057617,0.5345789790153503,-0.0014952205820009112,0.729926347732544,0.4577493667602539,-0.0333242304623127,0.7396954894065857,0.5448188185691833,-0.03638743236660957,0.7458562254905701,0.5581164360046387,-0.027682319283485413,0.7786768674850464,0.5336509943008423,-0.010455623269081116,0.77309250831604,0.48429855704307556,-0.04054531827569008,0.7750959396362305,0.577241837978363,-0.031235214322805405,0.7776663899421692,0.5917347073554993,-0.014521900564432144,0.8146193623542786,0.5419937968254089,-0.021958662196993828,0.8021265864372253,0.5159789323806763,-0.03581428900361061,0.7995034456253052,0.5799698233604431,-0.025954127311706543,0.8029922842979431,0.595328688621521,-0.012904906645417213,S
0.7995796203613281,0.7277060151100159,-4.504825596995943e-07,0.7469561100006104,0.7261319756507874,-0.02218402922153473,0.6927226781845093,0.6427621245384216,-0.028125395998358727,0.7010520100593567,0.5405371189117432,-0.033261194825172424,0.7443774938583374,0.4887576699256897,-0.032834578305482864,0.703557550907135,0.5636937022209167,-0.003713246900588274,0.6953983306884766,0.509620189666748,-0.03522256389260292,0.7084529995918274,0.5817596316337585,-0.04833606258034706,0.7135767340660095,0.5910562872886658,-0.05354625731706619,0.7384211421012878,0.5493431687355042,-0.003264828585088253,0.7305927872657776,0.5014160871505737,-0.036812979727983475,0.7402260899543762,0.5939220190048218,-0.038315072655677795,0.7417628765106201,0.5912702083587646,-0.030386678874492645,0.7709559798240662,0.5439164638519287,-0.009801595471799374,0.7671818733215332,0.5053744912147522,-0.041612543165683746,0.7719761729240417,0.5977561473846436,-0.029975304380059242,0.7733584642410278,0.5991538763046265,-0.013075568713247776,0.8051967620849609,0.5389379858970642,-0.01899680308997631,0.7966495752334595,0.5144459009170532,-0.033585675060749054,0.7980205416679382,0.5804917216300964,-0.024134216830134392,0.8025466203689575,0.5885442495346069,-0.012637229636311531,S
0.8068962693214417,0.733260989189148,-4.820370236302551e-07,0.7522888779640198,0.713212788105011,-0.022423643618822098,0.7079080939292908,0.6063989996910095,-0.02722034603357315,0.7262134552001953,0.5008043050765991,-0.031770870089530945,0.7727097272872925,0.45477303862571716,-0.030553115531802177,0.7247467637062073,0.5303673148155212,0.0015767713775858283,0.7202856540679932,0.4696606397628784,-0.028895745053887367,0.725705623626709,0.5460202097892761,-0.04032806307077408,0.7313373684883118,0.5549273490905762,-0.04428091645240784,0.7612948417663574,0.5275160670280457,0.0013419750612229109,0.759068489074707,0.47823256254196167,-0.032652758061885834,0.7576577663421631,0.5776219964027405,-0.034099213778972626,0.7588315606117249,0.5737007260322571,-0.025552235543727875,0.7947774529457092,0.5345026850700378,-0.00645108986645937,0.7954825758934021,0.49633464217185974,-0.04013630747795105,0.788625180721283,0.5933383703231812,-0.02963266149163246,0.7886341214179993,0.5923118591308594,-0.012907375581562519,0.8299028873443604,0.5429335832595825,-0.016824929043650627,0.8238208889961243,0.5204235911369324,-0.03253266587853432,0.8162680864334106,0.5900289416313171,-0.023713743314146996,0.8188585042953491,0.5992093682289124,-0.012306286953389645,S
0.8102843761444092,0.7414920330047607,-4.1125798588836915e-07,0.7608755230903625,0.6836032867431641,-0.022175123915076256,0.7369049191474915,0.5648084282875061,-0.027854397892951965,0.7719215750694275,0.48108989000320435,-0.033711984753608704,0.8252521753311157,0.47212231159210205,-0.03395036607980728,0.7639773488044739,0.49834004044532776,0.003344921860843897,0.7720522284507751,0.44184499979019165,-0.027350539341568947,0.7681430578231812,0.5125814080238342,-0.03870020806789398,0.774178147315979,0.5195159316062927,-0.04254670813679695,0.8003817200660706,0.5129766464233398,0.0021473339293152094,0.8095540404319763,0.4690296947956085,-0.03251844644546509,0.7929772734642029,0.5589761137962341,-0.034130293875932693,0.7947931289672852,0.5547378063201904,-0.025191793218255043,0.8322309255599976,0.5359650254249573,-0.00679718516767025,0.8415018916130066,0.5109768509864807,-0.04205437749624252,0.8186224102973938,0.5972841382026672,-0.03303069621324539,0.8175320029258728,0.5929458141326904,-0.016413526609539986,0.8646541833877563,0.565028190612793,-0.01828071102499962,0.8633225560188293,0.5485368371009827,-0.03390555828809738,0.8443087339401245,0.6098899245262146,-0.025329286232590675,0.8435963988304138,0.6173409223556519,-0.0137913404032588,S
0.8069079518318176,0.7472569942474365,-3.5975023138234974e-07,0.760159432888031,0.722070574760437,-0.022478662431240082,0.7180691957473755,0.6295574307441711,-0.029713978990912437,0.7396098375320435,0.5380133390426636,-0.03678553178906441,0.7826076149940491,0.49298611283302307,-0.039119571447372437,0.7144298553466797,0.5448073744773865,0.004007603041827679,0.7050480246543884,0.4914315342903137,-0.024019593372941017,0.7115325927734375,0.5496466159820557,-0.03725755959749222,0.7180171012878418,0.5630279183387756,-0.042591992765665054,0.7491848468780518,0.5284562706947327,0.003386528929695487,0.7490452527999878,0.480562686920166,-0.028347039595246315,0.7507781982421875,0.5647609829902649,-0.032972101122140884,0.7508296966552734,0.5714913606643677,-0.026488039642572403,0.7841898202896118,0.5285167098045349,-0.004311804194003344,0.7888110280036926,0.49485546350479126,-0.03599460422992706,0.7831363677978516,0.5835566520690918,-0.03020934760570526,0.7778148651123047,0.5925737023353577,-0.016833003610372543,0.8196960091590881,0.5356429815292358,-0.014574510045349598,0.8140466809272766,0.5233866572380066,-0.03125980868935585,0.8076918721199036,0.5898379683494568,-0.02537827380001545,0.8054492473602295,0.6011380553245544,-0.015670940279960632,S
0.7946047782897949,0.7651289105415344,-3.324598765175324e-07,0.7487443685531616,0.7496836185455322,-0.02456945739686489,0.7084418535232544,0.660767674446106,-0.034315887838602066,0.7364965677261353,0.5784042477607727,-0.04325491189956665,0.7847623825073242,0.5493120551109314,-0.048036810010671616,0.7080675959587097,0.558662474155426,-0.003398946952074766,0.705009400844574,0.5156773328781128,-0.033748529851436615,0.7147671580314636,0.5640313029289246,-0.0523805245757103,0.7198953628540039,0.5858713388442993,-0.062302980571985245,0.7404873371124268,0.529825747013092,-0.003558774944394827,0.7489883303642273,0.5072209239006042,-0.03771360218524933,0.7540844678878784,0.5836189985275269,-0.04691290482878685,0.7488363981246948,0.604393720626831,-0.044286880642175674,0.7746914029121399,0.5256598591804504,-0.010407872498035431,0.7907706499099731,0.5333713889122009,-0.03986149653792381,0.7868697643280029,0.6100510358810425,-0.03801245987415314,0.7735998034477234,0.625424861907959,-0.02917557768523693,0.8097496032714844,0.5343616008758545,-0.020812496542930603,0.8231123089790344,0.5640147924423218,-0.03957131505012512,0.8154070377349854,0.6244735717773438,-0.04016571491956711,0.800944447517395,0.6356439590454102,-0.035530321300029755,S
0.7947746515274048,0.7320554256439209,-3.8929493939576787e-07,0.7394598722457886,0.7269529104232788,-0.018278487026691437,0.6896556615829468,0.6532281637191772,-0.0256706140935421,0.7015459537506104,0.5575079321861267,-0.03353220224380493,0.736531674861908,0.49806827306747437,-0.03697291389107704,0.6875582337379456,0.5878346562385559,-0.00430638762190938,0.6721819639205933,0.5276835560798645,-0.032742924988269806,0.6894465088844299,0.5938470959663391,-0.04429071396589279,0.6981019973754883,0.6096945405006409,-0.048423029482364655,0.7180825471878052,0.5615440011024475,-0.006893180776387453,0.7028078436851501,0.5047939419746399,-0.03787028044462204,0.7171263098716736,0.5897772312164307,-0.040141474455595016,0.7242860794067383,0.5970942378044128,-0.03262357413768768,0.7500698566436768,0.5481090545654297,-0.01517921406775713,0.7412689328193665,0.50322425365448,-0.04440351948142052,0.7517647743225098,0.5963727235794067,-0.033048223704099655,0.7576224207878113,0.6124883890151978,-0.01607337035238743,0.7849385738372803,0.5410608053207397,-0.025696968659758568,0.7689381241798401,0.5163363814353943,-0.03919341415166855,0.7737925052642822,0.580291748046875,-0.028472917154431343,0.7817215323448181,0.5938841700553894,-0.01563214138150215,S
0.8060435652732849,0.7410277128219604,-3.8149445913404634e-07,0.7513771653175354,0.6947007179260254,-0.018105491995811462,0.7176231741905212,0.5870493650436401,-0.023553939536213875,0.7516725063323975,0.5074400305747986,-0.02954036556184292,0.8039047718048096,0.48555073142051697,-0.030673697590827942,0.7377141118049622,0.5256125330924988,-0.0008823590469546616,0.7352919578552246,0.4664718210697174,-0.02813301980495453,0.7341205477714539,0.5404872894287109,-0.03931455686688423,0.7390424609184265,0.5562713146209717,-0.04385150596499443,0.7734033465385437,0.5251501798629761,-0.0028923742938786745,0.77044278383255,0.4701399803161621,-0.031320542097091675,0.7634187340736389,0.556178867816925,-0.032233789563179016,0.7711429595947266,0.5599851608276367,-0.02490607090294361,0.8068419098854065,0.535882830619812,-0.011111506260931492,0.8069539666175842,0.48936524987220764,-0.036913834512233734,0.7948060035705566,0.5764382481575012,-0.025000179186463356,0.7996425628662109,0.5866507291793823,-0.00916722696274519,0.8419886827468872,0.5526391863822937,-0.02197415381669998,0.8336546421051025,0.5165508985519409,-0.03161179646849632,0.8212704658508301,0.5769595503807068,-0.02027307264506817,0.8261027932167053,0.5934301018714905,-0.008200112730264664,S
0.7967983484268188,0.7425811886787415,-3.595094142383459e-07,0.7468624114990234,0.6904038190841675,-0.022898979485034943,0.7222065329551697,0.5772030353546143,-0.030693981796503067,0.761531412601471,0.5106368064880371,-0.03797918185591698,0.8152593970298767,0.50715571641922,-0.04026828706264496,0.7493538856506348,0.5045210123062134,-0.003473898395895958,0.7525991797447205,0.4657023549079895,-0.03154125437140465,0.7454521656036377,0.5329973101615906,-0.043721966445446014,0.7480564117431641,0.5446169376373291,-0.04917733371257782,0.7843955755233765,0.5093015432357788,-0.004069393966346979,0.7883462309837341,0.4808090031147003,-0.03455729782581329,0.7755459547042847,0.5580525994300842,-0.03679802268743515,0.7799493074417114,0.5567107200622559,-0.030262595042586327,0.8165169954299927,0.5287666320800781,-0.011573715135455132,0.8230709433555603,0.5159647464752197,-0.04010843113064766,0.8025152087211609,0.5907912850379944,-0.03205683454871178,0.8008702397346497,0.5924940705299377,-0.01877245306968689,0.8494647145271301,0.5564156174659729,-0.02211109548807144,0.8466839790344238,0.5461848378181458,-0.03471994027495384,0.8275790214538574,0.5997076034545898,-0.027360299602150917,0.8243438005447388,0.6093717813491821,-0.017976008355617523,S
0.8024330139160156,0.7337656021118164,-3.5388231367505796e-07,0.7492333650588989,0.6933146715164185,-0.01897483691573143,0.7165325880050659,0.590434193611145,-0.025713112205266953,0.7503899335861206,0.5126919746398926,-0.032731641083955765,0.8007189035415649,0.48864510655403137,-0.034957993775606155,0.729282557964325,0.5196117162704468,-0.001721768407151103,0.728713870048523,0.4669266939163208,-0.029474396258592606,0.7290018796920776,0.5377128720283508,-0.04083274304866791,0.7341562509536743,0.553744912147522,-0.04520278051495552,0.7640621066093445,0.5167378187179565,-0.0038808288518339396,0.7641342878341675,0.46810126304626465,-0.03302658349275589,0.7585034966468811,0.5513998866081238,-0.03424040228128433,0.7646546959877014,0.5547927021980286,-0.02689923718571663,0.797292172908783,0.526768147945404,-0.01240087952464819,0.8001050353050232,0.4948878884315491,-0.03885406255722046,0.7885952591896057,0.5786427855491638,-0.02873513288795948,0.7910582423210144,0.5849211812019348,-0.014048167504370213,0.831394374370575,0.544204831123352,-0.023586297407746315,0.8244463205337524,0.5241183042526245,-0.033538587391376495,0.8131980895996094,0.5834776163101196,-0.023663470521569252,0.8162997364997864,0.5953652858734131,-0.01267356239259243,S
0.8020878434181213,0.7446339130401611,-4.1619205148890615e-07,0.7480326890945435,0.727112352848053,-0.018056537955999374,0.7006164193153381,0.6422510147094727,-0.024779556319117546,0.7168536186218262,0.5466864109039307,-0.032535992562770844,0.7629991173744202,0.49947473406791687,-0.03633458912372589,0.7107298970222473,0.5613512396812439,-0.0005237706936895847,0.700498640537262,0.5052860975265503,-0.030699297785758972,0.7115582823753357,0.5719727277755737,-0.04456605017185211,0.7210260629653931,0.5919023752212524,-0.049887459725141525,0.7442441582679749,0.5438725352287292,-0.0032741965260356665,0.736636757850647,0.493065744638443,-0.03455760329961777,0.7432141304016113,0.582400381565094,-0.03677334263920784,0.7488290071487427,0.595598042011261,-0.029302900657057762,0.7775620222091675,0.539196789264679,-0.012444707565009594,0.7757240533828735,0.4956473708152771,-0.04404620826244354,0.7777954936027527,0.5928442478179932,-0.03357813507318497,0.7809768915176392,0.6153111457824707,-0.016599124297499657,0.8140376806259155,0.5424930453300476,-0.023785678669810295,0.8049388527870178,0.5069717764854431,-0.038571927696466446,0.802973747253418,0.5758230686187744,-0.027926551178097725,0.8064520359039307,0.5985183119773865,-0.014885909855365753,S
0.8031980991363525,0.7431144714355469,-4.2314033521506644e-07,0.7499870657920837,0.7219415903091431,-0.01754063367843628,0.7044382095336914,0.6338726282119751,-0.02335609681904316,0.7219127416610718,0.5396138429641724,-0.030519522726535797,0.7670897245407104,0.49414628744125366,-0.03388845920562744,0.7167366743087769,0.5518636107444763,0.002139400690793991,0.7075446844100952,0.4915825128555298,-0.02782827615737915,0.7161496877670288,0.5592203140258789,-0.04147287830710411,0.7249648571014404,0.5830715894699097,-0.04637497663497925,0.7503108978271484,0.5371562838554382,-0.0010498673655092716,0.7441171407699585,0.48293811082839966,-0.0324266292154789,0.7475049495697021,0.5729566216468811,-0.035074491053819656,0.7517111301422119,0.5892395973205566,-0.027571458369493484,0.7834628820419312,0.5361437201499939,-0.01078772358596325,0.7828568816184998,0.4925019443035126,-0.043124061077833176,0.7816183567047119,0.5915349721908569,-0.03346845880150795,0.7825075387954712,0.6154054999351501,-0.0167838204652071,0.8196721076965332,0.544044554233551,-0.022586941719055176,0.8121862411499023,0.5091900825500488,-0.03845979645848274,0.8077507019042969,0.5810129046440125,-0.028342025354504585,0.8086555600166321,0.6055318117141724,-0.015476340427994728,S
0.804627537727356,0.7465229034423828,-4.372930959561927e-07,0.7505087852478027,0.7229305505752563,-0.016719523817300797,0.7028849124908447,0.6337285041809082,-0.022761626169085503,0.7129770517349243,0.5363669395446777,-0.030735284090042114,0.7569867372512817,0.4930815100669861,-0.0354306697845459,0.7164304852485657,0.5422544479370117,0.004891107324510813,0.7119143009185791,0.47862645983695984,-0.027330923825502396,0.7220195531845093,0.5419245362281799,-0.04495256394147873,0.7292236089706421,0.5801430344581604,-0.05134360119700432,0.7504743933677673,0.5277789235115051,0.001376785570755601,0.7511112689971924,0.47662684321403503,-0.03351597487926483,0.7558913826942444,0.5670986175537109,-0.040764953941106796,0.7563745975494385,0.6071590185165405,-0.034934766590595245,0.783689022064209,0.5263016819953918,-0.008516908623278141,0.7883029580116272,0.49785614013671875,-0.04370499774813652,0.78810054063797,0.5973318219184875,-0.03879551216959953,0.7845267057418823,0.6416078805923462,-0.023691583424806595,0.8179664015769958,0.5356050729751587,-0.020214442163705826,0.8164368271827698,0.5187504291534424,-0.03880304470658302,0.8137432336807251,0.5914836525917053,-0.031735848635435104,0.810426652431488,0.6250855922698975,-0.01976487599313259,S
0.8145158290863037,0.7418777942657471,-3.296167960797902e-07,0.7572181820869446,0.7287564873695374,-0.0161002017557621,0.7038392424583435,0.6530991196632385,-0.022189654409885406,0.7048906087875366,0.5542169809341431,-0.030667563900351524,0.7425777912139893,0.49675408005714417,-0.036100003868341446,0.7089535593986511,0.5703215599060059,0.007906169630587101,0.6950214505195618,0.5024206638336182,-0.025419654324650764,0.7102668285369873,0.5485463738441467,-0.04566929489374161,0.7226384878158569,0.5823255181312561,-0.05337350815534592,0.7415472865104675,0.5475622415542603,0.003870014799758792,0.7332145571708679,0.48192232847213745,-0.032060656696558,0.7429037690162659,0.5506055951118469,-0.043436311185359955,0.7459670305252075,0.5879640579223633,-0.0402495414018631,0.7749463319778442,0.5369758009910583,-0.006385444663465023,0.7735328078269958,0.4945174753665924,-0.04275978356599808,0.7819474935531616,0.5890417098999023,-0.04000887647271156,0.782783031463623,0.6383257508277893,-0.025541244074702263,0.8107755184173584,0.5359692573547363,-0.018361911177635193,0.8052854537963867,0.511670708656311,-0.03731442987918854,0.8083090782165527,0.5812905430793762,-0.03061600960791111,0.8084579706192017,0.6160875558853149,-0.018632439896464348,S
0.7948477864265442,0.7482901811599731,-3.70998378684817e-07,0.7423827648162842,0.7175241708755493,-0.017381303012371063,0.6965987086296082,0.6362600326538086,-0.025551067665219307,0.7162851691246033,0.5510765910148621,-0.035383984446525574,0.7652644515037537,0.5213629603385925,-0.04109322279691696,0.7146691679954529,0.5526769161224365,0.001656236476264894,0.7056803703308105,0.48995062708854675,-0.029017645865678787,0.7142424583435059,0.5557019114494324,-0.04377378523349762,0.7238103151321411,0.5766892433166504,-0.04970082640647888,0.7485900521278381,0.5409185290336609,-0.0018917863490059972,0.7417591214179993,0.486605703830719,-0.03430905193090439,0.7440229654312134,0.5671568512916565,-0.03817395493388176,0.7481293082237244,0.5770254135131836,-0.031810346990823746,0.7809308767318726,0.5406767129898071,-0.011975986883044243,0.7778202891349792,0.4926340579986572,-0.04241291433572769,0.7755260467529297,0.5804950594902039,-0.0326509103178978,0.7767431139945984,0.5979379415512085,-0.016716286540031433,0.8160041570663452,0.5493283271789551,-0.024456119164824486,0.807528018951416,0.5093883872032166,-0.037779536098241806,0.8024046421051025,0.5722857117652893,-0.027626652270555496,0.8045850992202759,0.5931341052055359,-0.015471382066607475,S
0.7967983484268188,0.7400082945823669,-3.58238906983388e-07,0.7420494556427002,0.7066624760627747,-0.016784148290753365,0.6993359923362732,0.6272404193878174,-0.024265235289931297,0.7207181453704834,0.5436655879020691,-0.03368011489510536,0.7684260606765747,0.50734543800354,-0.039013102650642395,0.7135067582130432,0.5528568625450134,0.003543806029483676,0.7036997675895691,0.49264025688171387,-0.026555296033620834,0.7122299671173096,0.5594837665557861,-0.04115910828113556,0.7209226489067078,0.5788859724998474,-0.04700303077697754,0.7467870712280273,0.5391815900802612,-0.00014705673675052822,0.7400606870651245,0.48541346192359924,-0.03156222403049469,0.7433283925056458,0.5697064995765686,-0.03507399931550026,0.7487292289733887,0.5808332562446594,-0.02860880270600319,0.7792921662330627,0.5372878909111023,-0.010370943695306778,0.7775825262069702,0.4861292243003845,-0.04031486064195633,0.7756751775741577,0.575303316116333,-0.030170416459441185,0.7777097225189209,0.5954661965370178,-0.013903368264436722,0.8145133852958679,0.5448625683784485,-0.022927118465304375,0.8070605993270874,0.5005418062210083,-0.03519705682992935,0.8018028140068054,0.5634626150131226,-0.023968197405338287,0.8040192127227783,0.5867214798927307,-0.011068244464695454,S
0.797713577747345,0.7466918230056763,-3.701083528540039e-07,0.7450286746025085,0.7173193693161011,-0.018746286630630493,0.7046821713447571,0.6179345846176147,-0.024741390720009804,0.7299039363861084,0.5287389159202576,-0.032004810869693756,0.7803508043289185,0.49800559878349304,-0.03492192551493645,0.7146868705749512,0.5397429466247559,0.0036519768182188272,0.7077798247337341,0.4759366512298584,-0.025128144770860672,0.7109389901161194,0.5413280129432678,-0.03803808614611626,0.717850923538208,0.5652452111244202,-0.04237987846136093,0.7497566342353821,0.5320959091186523,0.0008065292495302856,0.7487390041351318,0.4741462767124176,-0.03069736436009407,0.7451968789100647,0.5560016632080078,-0.034836530685424805,0.7481381297111511,0.5680403709411621,-0.02780832163989544,0.7827435731887817,0.5385856032371521,-0.008784602396190166,0.7844113111495972,0.5081003904342651,-0.04037156701087952,0.7743712067604065,0.5985255241394043,-0.03495873138308525,0.7727048397064209,0.6133675575256348,-0.021052751690149307,0.815925121307373,0.5534239411354065,-0.020599693059921265,0.8057345747947693,0.5327153205871582,-0.03530154004693031,0.7965482473373413,0.5998995900154114,-0.027909718453884125,0.7982961535453796,0.6181474924087524,-0.01720082387328148,S
0.7972788214683533,0.7471243143081665,-4.5174311935625155e-07,0.7451154589653015,0.7219139337539673,-0.024601388722658157,0.7066248655319214,0.6141223907470703,-0.03227262198925018,0.7321481704711914,0.5181301832199097,-0.039625559002161026,0.7781994938850403,0.4740801155567169,-0.04134812206029892,0.7137678861618042,0.5231778621673584,0.0009089463856071234,0.7093856930732727,0.4719451069831848,-0.03131033852696419,0.7158312201499939,0.5444197058677673,-0.04565547779202461,0.722756564617157,0.5614184141159058,-0.05124031379818916,0.7493352293968201,0.5149091482162476,-0.00014079760876484215,0.7515261173248291,0.4771689176559448,-0.036568209528923035,0.7484433054924011,0.5709484219551086,-0.04214072227478027,0.747285783290863,0.5760273337364197,-0.03560987114906311,0.7824059724807739,0.5221466422080994,-0.008890926837921143,0.7896350622177124,0.5125299692153931,-0.044499605894088745,0.779412567615509,0.6098472476005554,-0.03826053813099861,0.7737100720405579,0.6138752698898315,-0.02367853932082653,0.8154449462890625,0.5376603603363037,-0.02061360515654087,0.8112468719482422,0.54402756690979,-0.03901608660817146,0.8018110394477844,0.6165357828140259,-0.03323177993297577,0.79903244972229,0.6244289875030518,-0.02322644554078579,S
0.8006588816642761,0.7444941401481628,-3.708837539306842e-07,0.7490643262863159,0.7261547446250916,-0.018204040825366974,0.7026923298835754,0.6369240283966064,-0.023845691233873367,0.7242602109909058,0.5494197607040405,-0.030140850692987442,0.7694961428642273,0.5093188285827637,-0.03226115182042122,0.7048590183258057,0.5579374432563782,0.0028647223953157663,0.6955705881118774,0.5042217969894409,-0.022573530673980713,0.7025461196899414,0.5676657557487488,-0.034594133496284485,0.7096490859985352,0.5886099338531494,-0.03964031860232353,0.7378301620483398,0.537105917930603,0.0012951650423929095,0.7338414788246155,0.4904094338417053,-0.026657814159989357,0.7375472187995911,0.5744125843048096,-0.0293269082903862,0.7412874102592468,0.5910539627075195,-0.022592926397919655,0.7716687917709351,0.5320659279823303,-0.0065276785753667355,0.7711494565010071,0.4935905933380127,-0.03165073320269585,0.7693142890930176,0.5776577591896057,-0.023828789591789246,0.7689439654350281,0.595962643623352,-0.010922728106379509,0.8075146675109863,0.5359772443771362,-0.016912737861275673,0.7982133030891418,0.5210474133491516,-0.02824379876255989,0.7942860126495361,0.5838946104049683,-0.020716829225420952,0.7955949306488037,0.6005683541297913,-0.011174308136105537,S
0.7993624806404114,0.751326858997345,-3.780591271151934e-07,0.745586633682251,0.7224801778793335,-0.019162939861416817,0.7060567736625671,0.6268211603164673,-0.026331475004553795,0.7321656346321106,0.537596583366394,-0.03426065295934677,0.773156464099884,0.48982465267181396,-0.03776109963655472,0.7023477554321289,0.5521568655967712,0.002903279848396778,0.6903442740440369,0.4927341043949127,-0.024670809507369995,0.6983217597007751,0.5586785674095154,-0.03775586187839508,0.7069408893585205,0.5825050473213196,-0.04257002845406532,0.7368930578231812,0.5360278487205505,0.0002211027458542958,0.7295299768447876,0.4769674241542816,-0.02996818535029888,0.7322675585746765,0.5658023953437805,-0.03476863354444504,0.7380285263061523,0.5847138166427612,-0.02836359106004238,0.7717177271842957,0.5361189246177673,-0.008797170594334602,0.7676792740821838,0.4916000962257385,-0.03723620995879173,0.7632587552070618,0.5823386311531067,-0.031070439144968987,0.7638952136039734,0.6001294851303101,-0.017725028097629547,0.8066046833992004,0.5455872416496277,-0.02016334980726242,0.7899952530860901,0.5308603048324585,-0.03386971354484558,0.7846662402153015,0.5966376662254333,-0.026352103799581528,0.7884863615036011,0.6116868257522583,-0.015696125105023384,S
0.7986037731170654,0.7436100840568542,-4.2077388684447214e-07,0.7438041567802429,0.724575936794281,-0.019089270383119583,0.6963387131690979,0.6296454668045044,-0.02458409033715725,0.7188235521316528,0.5414555072784424,-0.03068121336400509,0.7673639059066772,0.5067533254623413,-0.03205149620771408,0.7089365124702454,0.5385223627090454,0.0016148366266861558,0.701636791229248,0.4967718720436096,-0.027461610734462738,0.7103884816169739,0.5652741193771362,-0.03993848338723183,0.7182900309562683,0.5782723426818848,-0.04492144286632538,0.7424007654190063,0.5206577777862549,-0.0004197251400910318,0.7394499182701111,0.4957060217857361,-0.032166287302970886,0.7422316074371338,0.5832292437553406,-0.03423628583550453,0.7447227835655212,0.5845751762390137,-0.026571499183773994,0.7752105593681335,0.5196571350097656,-0.00944010354578495,0.7775225043296814,0.5179914236068726,-0.03823477402329445,0.7738867998123169,0.606439471244812,-0.029443031176924706,0.7724945545196533,0.6084668636322021,-0.015075363218784332,0.8098322153091431,0.5273070335388184,-0.02133231982588768,0.8042527437210083,0.5361657738685608,-0.03352503105998039,0.79906165599823,0.5994017124176025,-0.026083676144480705,0.799416184425354,0.6038612127304077,-0.016364004462957382,S
0.843660295009613,0.7487557530403137,-6.207843057381979e-07,0.7872622013092041,0.7005051374435425,-0.01749580167233944,0.7539997100830078,0.5778313279151917,-0.025597285479307175,0.7638135552406311,0.46803373098373413,-0.03571702539920807,0.7944352626800537,0.3884642720222473,-0.042018771171569824,0.7658216953277588,0.5068175792694092,-0.000569812604226172,0.7421696782112122,0.43599557876586914,-0.03488077595829964,0.7575030326843262,0.49548977613449097,-0.05521165207028389,0.7724021673202515,0.5610342621803284,-0.06190628185868263,0.804044783115387,0.4931173622608185,-0.0031526864040642977,0.7940780520439148,0.47689226269721985,-0.04301515221595764,0.8029072284698486,0.5738554000854492,-0.05417507514357567,0.8049926161766052,0.6490399837493896,-0.05068425089120865,0.8417614102363586,0.49610432982444763,-0.011747468262910843,0.8318839073181152,0.49756789207458496,-0.048440054059028625,0.8335952162742615,0.6020078063011169,-0.0436970591545105,0.8314545750617981,0.6748873591423035,-0.02900650165975094,0.8773916363716125,0.5103009343147278,-0.0223596952855587,0.8635538816452026,0.5143598914146423,-0.04395254701375961,0.8581371903419495,0.592893660068512,-0.03779709339141846,0.8561097383499146,0.6433955430984497,-0.02567322365939617,T
0.8386815786361694,0.748942494392395,-6.552798481607169e-07,0.7808447480201721,0.6973317861557007,-0.014302145689725876,0.7508353590965271,0.5713657736778259,-0.02071388065814972,0.7651926875114441,0.46445325016975403,-0.029508395120501518,0.7943998575210571,0.38541290163993835,-0.035361066460609436,0.7699446678161621,0.4890501797199249,0.0018004029989242554,0.7438288927078247,0.42834869027137756,-0.029175756499171257,0.7520855665206909,0.4855464994907379,-0.04854508861899376,0.7629776000976562,0.5529513955116272,-0.05512614920735359,0.8079684376716614,0.4757987856864929,-0.0012526554055511951,0.7922675013542175,0.47882071137428284,-0.036848150193691254,0.7953901290893555,0.5740489363670349,-0.0483536459505558,0.7946800589561462,0.6491938233375549,-0.04631512239575386,0.844930112361908,0.48266497254371643,-0.009615625254809856,0.8277061581611633,0.5039551258087158,-0.04226621985435486,0.8253976106643677,0.6054426431655884,-0.038794826716184616,0.8216375708580017,0.6762441396713257,-0.026246149092912674,0.8793849945068359,0.5025413632392883,-0.01974194310605526,0.8592461943626404,0.5208749175071716,-0.0386311374604702,0.8514984250068665,0.5958540439605713,-0.03290369361639023,0.8487955927848816,0.6427624225616455,-0.02165178768336773,T
0.834751307964325,0.74779212474823,-5.73405486647971e-07,0.7821283936500549,0.7042281627655029,-0.01568511500954628,0.7484183311462402,0.5906674861907959,-0.02251701056957245,0.7559802532196045,0.487198144197464,-0.03162090852856636,0.7795225977897644,0.40692609548568726,-0.03727760538458824,0.7507813572883606,0.5208501815795898,0.003088410245254636,0.7267306447029114,0.4490392506122589,-0.02969997748732567,0.7413894534111023,0.5006005167961121,-0.04997800290584564,0.7566465139389038,0.5644136667251587,-0.05664873868227005,0.7862489819526672,0.5019463896751404,0.0006734497146680951,0.78062504529953,0.4861886501312256,-0.03692731261253357,0.7927292585372925,0.5792494416236877,-0.048201609402894974,0.7976858615875244,0.6483010053634644,-0.04501934349536896,0.822810173034668,0.5005747675895691,-0.0074656349606812,0.8189556002616882,0.4984995722770691,-0.04197362810373306,0.8226585984230042,0.6003715395927429,-0.03651416301727295,0.8225514888763428,0.6672157645225525,-0.021652238443493843,0.8583240509033203,0.5093457102775574,-0.01752660796046257,0.8496790528297424,0.5122331976890564,-0.03719928860664368,0.8471993207931519,0.5871680378913879,-0.02980155684053898,0.8465477824211121,0.6299340128898621,-0.01672617346048355,T
0.8305476307868958,0.7281765937805176,-6.600214419449912e-07,0.7852609753608704,0.7201389670372009,-0.021912652999162674,0.7374355792999268,0.6106682419776917,-0.026845412328839302,0.7375165820121765,0.49162086844444275,-0.03203039988875389,0.7600163221359253,0.41532692313194275,-0.030328944325447083,0.7402356266975403,0.5239907503128052,5.362194497138262e-05,0.7209645509719849,0.4589586853981018,-0.03095308318734169,0.7355800867080688,0.5322206020355225,-0.0378473736345768,0.7476794123649597,0.561764657497406,-0.03632831573486328,0.775976300239563,0.5091838836669922,-5.2202951337676495e-05,0.7700514793395996,0.4776754677295685,-0.0327606238424778,0.7774977684020996,0.5834025740623474,-0.028589067980647087,0.7730619311332703,0.5795853734016418,-0.01575452834367752,0.8098555207252502,0.5086132287979126,-0.007996645756065845,0.806934654712677,0.494891494512558,-0.04245714470744133,0.8073021173477173,0.5969167351722717,-0.027012420818209648,0.8025005459785461,0.593900740146637,-0.007444808725267649,0.8434531688690186,0.512199342250824,-0.018593501299619675,0.8376887440681458,0.513123631477356,-0.037651076912879944,0.8361620306968689,0.588176965713501,-0.028161093592643738,0.8361220955848694,0.5936625003814697,-0.015618366189301014,T
0.8252468705177307,0.7235344648361206,-6.171526933940186e-07,0.7788475751876831,0.7149494886398315,-0.0225534550845623,0.7324256896972656,0.6097676157951355,-0.029619313776493073,0.7363277673721313,0.49222248792648315,-0.03712837025523186,0.7569254040718079,0.4158417880535126,-0.03834681957960129,0.7383687496185303,0.5207959413528442,-0.0025896511506289244,0.7171202301979065,0.45233967900276184,-0.03675982728600502,0.7279351949691772,0.5214729905128479,-0.04544868320226669,0.741455614566803,0.5565981864929199,-0.04399118945002556,0.7743182182312012,0.5098890662193298,-0.0031597346533089876,0.7653936743736267,0.4716261327266693,-0.03798709809780121,0.771056592464447,0.5776523351669312,-0.033421553671360016,0.7697081565856934,0.576570451259613,-0.019484667107462883,0.8089291453361511,0.5103194117546082,-0.011851363815367222,0.8031657338142395,0.49035003781318665,-0.049076251685619354,0.8027864694595337,0.5947548747062683,-0.03302326053380966,0.8002446293830872,0.5945835113525391,-0.01184755563735962,0.8435441255569458,0.5140745639801025,-0.02312289923429489,0.8339724540710449,0.5064482688903809,-0.04388775676488876,0.8320304751396179,0.5835688710212708,-0.03346971794962883,0.8339740037918091,0.5919932723045349,-0.01953127048909664,T
0.8267035484313965,0.7310976982116699,-5.816363568555971e-07,0.783939003944397,0.708417534828186,-0.02306644804775715,0.7433632612228394,0.6018435955047607,-0.03119860216975212,0.7473024725914001,0.4878222942352295,-0.04017573222517967,0.7710078358650208,0.4091775417327881,-0.04209752753376961,0.7474785447120667,0.5102609992027283,-0.00026069596060551703,0.7271409630775452,0.43981462717056274,-0.03665981814265251,0.734831690788269,0.5058111548423767,-0.04449468478560448,0.7469756603240967,0.5401608943939209,-0.041181616485118866,0.7833394408226013,0.5048028826713562,-0.0010592415928840637,0.7745643854141235,0.4628426432609558,-0.03791027143597603,0.7778966426849365,0.5692556500434875,-0.031985603272914886,0.7776356339454651,0.5649277567863464,-0.015721969306468964,0.819057822227478,0.5115033388137817,-0.010526629164814949,0.8130074739456177,0.48916545510292053,-0.05070838704705238,0.8100326657295227,0.5927294492721558,-0.03368474170565605,0.8082571029663086,0.588180661201477,-0.010146853514015675,0.8537155389785767,0.522658109664917,-0.02248946949839592,0.8447657227516174,0.5088891386985779,-0.043708160519599915,0.8397125601768494,0.5826023817062378,-0.03224703669548035,0.8413963317871094,0.5890464186668396,-0.016635708510875702,T
0.8242688179016113,0.7376680374145508,-5.772391205027816e-07,0.7769773006439209,0.7197792530059814,-0.022362325340509415,0.7347956895828247,0.6146979331970215,-0.030956128612160683,0.7363592386245728,0.5048769116401672,-0.03975112736225128,0.7623865604400635,0.42380067706108093,-0.043548211455345154,0.7352961897850037,0.5360009074211121,-0.004876476712524891,0.7226241827011108,0.4597887396812439,-0.043247729539871216,0.7400330901145935,0.5271300077438354,-0.06282565742731094,0.7539852857589722,0.5783941149711609,-0.06884884089231491,0.773047685623169,0.5216824412345886,-0.006089689675718546,0.7737098932266235,0.4794255495071411,-0.04905886575579643,0.7835527658462524,0.5817521810531616,-0.05757208168506622,0.7817110419273376,0.6266305446624756,-0.05180099979043007,0.8103291988372803,0.5224129557609558,-0.014016663655638695,0.8110473155975342,0.4943571984767914,-0.05536194518208504,0.8143435120582581,0.6018267273902893,-0.04605380445718765,0.8079349994659424,0.6416016221046448,-0.027843402698636055,0.8464787006378174,0.5311822295188904,-0.02393200248479843,0.842868983745575,0.5114847421646118,-0.047215450555086136,0.8428341746330261,0.5935900807380676,-0.037289898842573166,0.8382405042648315,0.623183012008667,-0.022617196664214134,T
0.8283072710037231,0.7343453168869019,-5.887848715246946e-07,0.7834851741790771,0.7218855023384094,-0.024784548208117485,0.7393501996994019,0.6178365349769592,-0.034494925290346146,0.739612877368927,0.503858745098114,-0.04383368417620659,0.7646911144256592,0.4195821285247803,-0.047573287039995193,0.7392055988311768,0.5359214544296265,-0.00893485639244318,0.7252875566482544,0.454878032207489,-0.04819517955183983,0.7420624494552612,0.5229145884513855,-0.0657331719994545,0.7557572722434998,0.5726012587547302,-0.0700116977095604,0.7776380777359009,0.5237471461296082,-0.009324649348855019,0.775898277759552,0.4747868478298187,-0.05264276638627052,0.7861239910125732,0.5804388523101807,-0.05815320834517479,0.7845865488052368,0.6179648041725159,-0.05012992396950722,0.8147377967834473,0.525627613067627,-0.01687074638903141,0.8137730360031128,0.49325239658355713,-0.059109412133693695,0.8174390196800232,0.6014808416366577,-0.047609247267246246,0.8118379712104797,0.6324943900108337,-0.027852121740579605,0.8511574268341064,0.5336437225341797,-0.026580438017845154,0.8459905385971069,0.5088490843772888,-0.05015935003757477,0.8465765714645386,0.5898627638816833,-0.03943317010998726,0.8431336283683777,0.6152268648147583,-0.024301929399371147,T
0.8296288251876831,0.7470253705978394,-5.001556928618811e-07,0.7769477367401123,0.7012584209442139,-0.018902171403169632,0.7453152537345886,0.5838168859481812,-0.02767624519765377,0.7584666609764099,0.4801115095615387,-0.03708331286907196,0.782312273979187,0.40073102712631226,-0.042452555149793625,0.7413060069084167,0.5263465046882629,-0.00686494167894125,0.725316047668457,0.45440053939819336,-0.04038747400045395,0.7467563152313232,0.509422779083252,-0.059323955327272415,0.7632126808166504,0.5696059465408325,-0.06535887718200684,0.780536949634552,0.5096529722213745,-0.008661874569952488,0.780964732170105,0.47725194692611694,-0.04775768518447876,0.7941703200340271,0.5718399286270142,-0.05783792585134506,0.797434389591217,0.6412457823753357,-0.053937967866659164,0.8192722797393799,0.5090703964233398,-0.015897167846560478,0.8205817937850952,0.4974411427974701,-0.052656833082437515,0.8243409395217896,0.6048088073730469,-0.0465257465839386,0.8203081488609314,0.6728415489196777,-0.031060896813869476,0.854563295841217,0.5193386673927307,-0.024942709133028984,0.8525867462158203,0.5149989128112793,-0.0464157909154892,0.8501485586166382,0.5935354828834534,-0.03852849453687668,0.845719575881958,0.6379330158233643,-0.02537090890109539,T
0.8281773328781128,0.7436885833740234,-5.177580533199944e-07,0.775210976600647,0.7012233734130859,-0.020458996295928955,0.7396512031555176,0.5860984325408936,-0.030462509021162987,0.7486905455589294,0.4808696210384369,-0.04094650596380234,0.7757372260093689,0.3993188738822937,-0.04751323536038399,0.7395967841148376,0.5227261185646057,-0.007607276551425457,0.7226436734199524,0.45461443066596985,-0.042446039617061615,0.7432947158813477,0.5100439786911011,-0.06302595138549805,0.7590186595916748,0.5704559087753296,-0.07025796920061111,0.7781091332435608,0.5060824751853943,-0.008954759687185287,0.7772561311721802,0.48161476850509644,-0.04937901347875595,0.7901509404182434,0.5774843096733093,-0.060453034937381744,0.7932512164115906,0.6489446759223938,-0.05713915079832077,0.8164064288139343,0.5056593418121338,-0.01598374731838703,0.8170341849327087,0.496749609708786,-0.054504867643117905,0.8216398358345032,0.6051924228668213,-0.04895142465829849,0.818555474281311,0.6760969758033752,-0.033434633165597916,0.8517346382141113,0.5163969397544861,-0.024916568771004677,0.8485616445541382,0.5119267106056213,-0.04878705367445946,0.8474083542823792,0.5927132368087769,-0.04155871644616127,0.8444129228591919,0.6407648921012878,-0.028254084289073944,T
0.8312792181968689,0.7525296211242676,-4.584678663377417e-07,0.7807433605194092,0.7107157707214355,-0.01830562949180603,0.7441729307174683,0.599414587020874,-0.024967407807707787,0.7458091378211975,0.49895673990249634,-0.032712824642658234,0.7541524171829224,0.41430336236953735,-0.03730487823486328,0.7304646372795105,0.535525381565094,0.0037283706478774548,0.7024932503700256,0.4823876619338989,-0.026403775438666344,0.7214653491973877,0.5203515291213989,-0.04638320952653885,0.7407903671264648,0.570935070514679,-0.053394865244627,0.7642004489898682,0.5086933970451355,0.002765437588095665,0.7555018067359924,0.49243244528770447,-0.03262131288647652,0.7688997983932495,0.5730786323547363,-0.045529238879680634,0.7755624651908875,0.640314519405365,-0.04370241239666939,0.8007121086120605,0.5013472437858582,-0.003884635865688324,0.7961055040359497,0.5089455842971802,-0.03743879497051239,0.803580641746521,0.6076073050498962,-0.03506670892238617,0.8061899542808533,0.6739407181739807,-0.022405842319130898,0.8350625038146973,0.5069875717163086,-0.012563302181661129,0.8257992267608643,0.5256057977676392,-0.03288811445236206,0.8285170793533325,0.6004514694213867,-0.02771870046854019,0.8313611745834351,0.6408292651176453,-0.016227396205067635,T
0.8171715140342712,0.755047619342804,-5.165921379557403e-07,0.7731773853302002,0.6878878474235535,-0.01598464883863926,0.763218879699707,0.5579423308372498,-0.02278641052544117,0.7906262874603271,0.46832698583602905,-0.03143998980522156,0.8184015154838562,0.40076756477355957,-0.036941055208444595,0.7721365690231323,0.4860827922821045,0.0011837464990094304,0.7627133131027222,0.41108238697052,-0.030630161985754967,0.7669747471809387,0.4602324962615967,-0.049664199352264404,0.7700616717338562,0.5223990082740784,-0.055482640862464905,0.8102329969406128,0.4916323125362396,-0.0019234204664826393,0.8084816336631775,0.4597358703613281,-0.03776553273200989,0.7981116771697998,0.545307993888855,-0.04833030328154564,0.7880496978759766,0.6090623140335083,-0.0450243316590786,0.8460161685943604,0.5144586563110352,-0.010637226514518261,0.8403152227401733,0.50306236743927,-0.04581306129693985,0.8210290670394897,0.6028189063072205,-0.040899861603975296,0.8070451617240906,0.6660057902336121,-0.026280749589204788,0.8776003122329712,0.5471858978271484,-0.02082829922437668,0.8651260137557983,0.533160388469696,-0.04120643436908722,0.8480563759803772,0.6039518117904663,-0.03287958726286888,0.8397179245948792,0.6463952660560608,-0.01929325982928276,T
0.8232709765434265,0.7283546924591064,-5.750403033744078e-07,0.7806939482688904,0.7143859267234802,-0.024370968341827393,0.7360351085662842,0.6029963493347168,-0.032414887100458145,0.7425640225410461,0.4850190579891205,-0.04081686958670616,0.7719026207923889,0.41187089681625366,-0.042508531361818314,0.7401310801506042,0.5236119031906128,-0.001532065449282527,0.7199298143386841,0.45322445034980774,-0.036425624042749405,0.732393741607666,0.5192861557006836,-0.04556474834680557,0.747023344039917,0.5540700554847717,-0.04422442987561226,0.7767632007598877,0.5134231448173523,-0.0014367905678227544,0.7707517147064209,0.46583878993988037,-0.03807886317372322,0.7751241326332092,0.5743003487586975,-0.03432122990489006,0.7723120450973511,0.5759772658348083,-0.019987843930721283,0.8117395639419556,0.5165212154388428,-0.009722358547151089,0.8081647753715515,0.4856643080711365,-0.048398494720458984,0.8068345189094543,0.5913421511650085,-0.03225882351398468,0.8044588565826416,0.5929225087165833,-0.01005093939602375,0.8464239835739136,0.5232515335083008,-0.020711254328489304,0.8383652567863464,0.5061190128326416,-0.04172714054584503,0.8355765342712402,0.5815773010253906,-0.030737081542611122,0.8382283449172974,0.5911149382591248,-0.015926804393529892,T
0.8272514939308167,0.7330659031867981,-5.374623697207426e-07,0.7846205234527588,0.709400475025177,-0.025275839492678642,0.7459815740585327,0.5936229228973389,-0.03186624124646187,0.7453700304031372,0.47788310050964355,-0.03885143995285034,0.7510754466056824,0.39824378490448,-0.039086490869522095,0.7425815463066101,0.5135328769683838,0.004836962558329105,0.7262191772460938,0.45773911476135254,-0.028710488229990005,0.738462507724762,0.5224510431289673,-0.03666013106703758,0.752282440662384,0.5584997534751892,-0.03346569836139679,0.7806339859962463,0.5015725493431091,0.005988981109112501,0.7762634754180908,0.46179860830307007,-0.02683725766837597,0.7794330716133118,0.5677394270896912,-0.02115006186068058,0.7762162089347839,0.5636105537414551,-0.005530026741325855,0.8180088400840759,0.5056045055389404,-0.0022069020196795464,0.8165921568870544,0.4865759313106537,-0.039684541523456573,0.811451256275177,0.5901609063148499,-0.02493378147482872,0.8055440187454224,0.5886115431785583,-0.0034725856967270374,0.8534085750579834,0.5175933837890625,-0.013204541988670826,0.8486294746398926,0.5083602070808411,-0.03344504535198212,0.8411359786987305,0.5801657438278198,-0.02385040745139122,0.8382200002670288,0.5875656604766846,-0.009907969273626804,T
0.8207311630249023,0.7454143762588501,-5.77515038457932e-07,0.7793437242507935,0.7210049629211426,-0.028514636680483818,0.7421137690544128,0.6104240417480469,-0.03786748647689819,0.7452928423881531,0.5059341788291931,-0.04579447954893112,0.7649164795875549,0.4277125298976898,-0.045723751187324524,0.7374860048294067,0.5051018595695496,-0.0069032334722578526,0.7135368585586548,0.4716188311576843,-0.03763685002923012,0.7321822047233582,0.5428664088249207,-0.0441734716296196,0.7478050589561462,0.5766990184783936,-0.04221535101532936,0.7745838761329651,0.4828964173793793,-0.003518271492794156,0.7670468688011169,0.4942910075187683,-0.034049518406391144,0.7749795913696289,0.5958019495010376,-0.029130203649401665,0.7733531594276428,0.5856980681419373,-0.01654328778386116,0.8117390871047974,0.4868916869163513,-0.008153285831212997,0.8113192915916443,0.511963963508606,-0.040659099817276,0.8070249557495117,0.6088285446166992,-0.02517663687467575,0.8016782999038696,0.6016819477081299,-0.006234724540263414,0.8463258147239685,0.5040111541748047,-0.01634994149208069,0.8442190289497375,0.5296847820281982,-0.035823822021484375,0.8348372578620911,0.5989413857460022,-0.028086306527256966,0.8291796445846558,0.6001780033111572,-0.016287920996546745,T
0.8182592391967773,0.7474293112754822,-6.540364552165556e-07,0.7705771327018738,0.7349288463592529,-0.01999060809612274,0.7221741676330566,0.6431952118873596,-0.027739940211176872,0.7211737632751465,0.5345003604888916,-0.036791298538446426,0.7457438111305237,0.4589768648147583,-0.03852098807692528,0.7273122668266296,0.5299480557441711,-0.0034517631866037846,0.7035254240036011,0.45060810446739197,-0.040571704506874084,0.7137960195541382,0.5099719762802124,-0.05099320411682129,0.7265768647193909,0.55031418800354,-0.0498085618019104,0.7630106210708618,0.5109115839004517,-0.005137445405125618,0.7552199363708496,0.49035507440567017,-0.0423072949051857,0.765306830406189,0.5921599268913269,-0.039771668612957,0.7634373903274536,0.5917209386825562,-0.027023861184716225,0.7989636659622192,0.5072036981582642,-0.014421558938920498,0.7955872416496277,0.5068197250366211,-0.050900720059871674,0.7991188764572144,0.6053673624992371,-0.034852735698223114,0.7973657846450806,0.6021197438240051,-0.013778691180050373,0.8346649408340454,0.5100952982902527,-0.026276566088199615,0.8283553719520569,0.516338050365448,-0.04398401081562042,0.8267579078674316,0.5887005925178528,-0.03226318955421448,0.8275265693664551,0.5928058624267578,-0.01718844659626484,T
0.8220105171203613,0.7424384355545044,-6.220425916581007e-07,0.7814714312553406,0.7167322039604187,-0.02630593441426754,0.7407628297805786,0.614611804485321,-0.036615315824747086,0.7423245906829834,0.503051221370697,-0.047219231724739075,0.7658069133758545,0.42411676049232483,-0.04977924004197121,0.7374087572097778,0.5100698471069336,0.0007572488393634558,0.722000002861023,0.4606550931930542,-0.033137962222099304,0.7327942848205566,0.5337051153182983,-0.039231859147548676,0.7433038949966431,0.5661760568618774,-0.035586483776569366,0.7720697522163391,0.49362418055534363,0.0018265952821820974,0.7719612121582031,0.47934478521347046,-0.031392186880111694,0.7757743000984192,0.5895295739173889,-0.024818113073706627,0.7690634727478027,0.5745487213134766,-0.009168866090476513,0.8080832958221436,0.495516300201416,-0.006070571951568127,0.8129512667655945,0.4991810917854309,-0.0425286740064621,0.8073279857635498,0.6032190918922424,-0.026238208636641502,0.7980172038078308,0.5938178300857544,-0.004801114555448294,0.8424580693244934,0.5071921944618225,-0.017179476097226143,0.8416950106620789,0.516061007976532,-0.037712596356868744,0.8341565728187561,0.5889145135879517,-0.028688954189419746,0.8289610743522644,0.5924103260040283,-0.015180796384811401,T
0.8228434324264526,0.7407861351966858,-5.753899472438206e-07,0.7821706533432007,0.7199654579162598,-0.027675457298755646,0.7408055067062378,0.6169395446777344,-0.039266638457775116,0.7424002289772034,0.5031259059906006,-0.05103829503059387,0.7638198137283325,0.42002347111701965,-0.0551249235868454,0.7331708073616028,0.5231823921203613,-0.0030138595029711723,0.715685248374939,0.46723461151123047,-0.04019835963845253,0.7305087447166443,0.5341193079948425,-0.04841843992471695,0.7448657155036926,0.5701169967651367,-0.045307457447052,0.7692091464996338,0.5069979429244995,-0.0015533219557255507,0.7703601717948914,0.47826749086380005,-0.03737964108586311,0.7758662700653076,0.5894520282745361,-0.030817268416285515,0.767267644405365,0.580658495426178,-0.014577862806618214,0.8059449195861816,0.5064617991447449,-0.009377237409353256,0.8112429976463318,0.4967953860759735,-0.04816420376300812,0.8077232837677002,0.6019426584243774,-0.031440649181604385,0.7971490621566772,0.5955971479415894,-0.009030926041305065,0.8410663604736328,0.5141972899436951,-0.020378325134515762,0.8418817520141602,0.5115394592285156,-0.04203938692808151,0.836143434047699,0.5859706401824951,-0.03224305436015129,0.8305431604385376,0.5924569368362427,-0.01790960319340229,T
0.8273014426231384,0.7460182905197144,-5.979325692351267e-07,0.7821623682975769,0.7265308499336243,-0.0287634190171957,0.737373948097229,0.630380392074585,-0.039500102400779724,0.7375697493553162,0.5185480117797852,-0.04945681244134903,0.7608700394630432,0.4390677809715271,-0.051105499267578125,0.7324413061141968,0.5247520804405212,-0.003048837883397937,0.7171520590782166,0.4813980758190155,-0.037744831293821335,0.7345457077026367,0.5553573369979858,-0.0456993468105793,0.7460150718688965,0.5822331309318542,-0.04425962269306183,0.7684888243675232,0.504414439201355,-0.0009359105606563389,0.769119381904602,0.4886303246021271,-0.03551441803574562,0.7772316932678223,0.6002023816108704,-0.03084990382194519,0.7675544619560242,0.5873123407363892,-0.01703210175037384,0.8055935502052307,0.5029266476631165,-0.007733703125268221,0.8129338026046753,0.5043150782585144,-0.04518197849392891,0.810882031917572,0.6093019247055054,-0.03015933558344841,0.7996191382408142,0.60062575340271,-0.009871593676507473,0.841575026512146,0.5110071897506714,-0.01788475178182125,0.8446096181869507,0.5206724405288696,-0.040016014128923416,0.8396692276000977,0.5952999591827393,-0.0323164127767086,0.8327552676200867,0.5982626676559448,-0.019863802939653397,T
0.7586564421653748,1.0332499742507935,4.6431460987150786e-07,0.7189960479736328,0.9872117042541504,-0.021703535690903664,0.7040395736694336,0.9036154747009277,-0.03273526206612587,0.7408329844474792,0.8467143774032593,-0.04465534910559654,0.7802945375442505,0.8262280821800232,-0.05540215224027634,0.7113925814628601,0.7753235101699829,-0.018484221771359444,0.7074669003486633,0.6639750599861145,-0.03630535304546356,0.7076199650764465,0.5973265767097473,-0.04746219143271446,0.7085461616516113,0.5408576726913452,-0.05473025515675545,0.7451091408729553,0.7715796828269958,-0.0227150060236454,0.738509476184845,0.6535833477973938,-0.04213426262140274,0.7327491641044617,0.5815569162368774,-0.05537424981594086,0.7303643226623535,0.5194922685623169,-0.061984822154045105,0.7759751081466675,0.7990092039108276,-0.029647881165146828,0.7804765105247498,0.7497314214706421,-0.05737766623497009,0.7689065337181091,0.8107373714447021,-0.06387607753276825,0.7616833448410034,0.8563655614852905,-0.05960187688469887,0.801412045955658,0.8444644808769226,-0.03842800855636597,0.7965743541717529,0.8238712549209595,-0.058582477271556854,0.7812327146530151,0.8578104972839355,-0.059472568333148956,0.7729556560516357,0.886718213558197,-0.054881028831005096,U
0.7776625156402588,1.0385584831237793,4.827423936148989e-07,0.7385112643241882,0.9871665239334106,-0.021606042981147766,0.7254571914672852,0.8989853858947754,-0.0328080840408802,0.7647908329963684,0.8446493744850159,-0.04495357722043991,0.8059768676757812,0.8316759467124939,-0.05561791732907295,0.7345248460769653,0.7659472823143005,-0.01871144399046898,0.733048677444458,0.6526786684989929,-0.03683611378073692,0.7349279522895813,0.5836001038551331,-0.04898665472865105,0.7369763851165771,0.5269501209259033,-0.057501282542943954,0.7696643471717834,0.7651993632316589,-0.023819871246814728,0.7652324438095093,0.64329993724823,-0.04374248906970024,0.7625168561935425,0.5679543614387512,-0.05798937380313873,0.7634503841400146,0.5039227604866028,-0.06571492552757263,0.8007253408432007,0.798149049282074,-0.031614530831575394,0.8094283938407898,0.7469383478164673,-0.05804424732923508,0.794917643070221,0.8063454627990723,-0.0633690282702446,0.7842420339584351,0.8508211374282837,-0.059027716517448425,0.8257773518562317,0.8489890098571777,-0.04155232012271881,0.8227277398109436,0.8228774666786194,-0.06130833923816681,0.8057172894477844,0.8514220118522644,-0.06205621734261513,0.7940620183944702,0.8764137029647827,-0.05771996080875397,U
0.7685598134994507,1.0222712755203247,4.45052421582659e-07,0.7271557450294495,0.956893801689148,-0.016294199973344803,0.7075031995773315,0.8458800911903381,-0.025478247553110123,0.7460376024246216,0.8041888475418091,-0.03771217539906502,0.791517972946167,0.8268108367919922,-0.05003872886300087,0.7492401599884033,0.7243030071258545,-0.014734630472958088,0.7559009790420532,0.6177417635917664,-0.033689163625240326,0.7624833583831787,0.5511691570281982,-0.046465564519166946,0.7691125273704529,0.49319374561309814,-0.055929191410541534,0.7846031785011292,0.7335973381996155,-0.02327042445540428,0.787219762802124,0.6103389859199524,-0.04417048394680023,0.7845141887664795,0.5358213782310486,-0.05785573646426201,0.7853599786758423,0.4694845974445343,-0.06476909667253494,0.8156417608261108,0.7747572660446167,-0.03433619439601898,0.8047387599945068,0.7264576554298401,-0.06416777521371841,0.7805522680282593,0.7920133471488953,-0.07151420414447784,0.7697214484214783,0.8426174521446228,-0.06723915040493011,0.8394207954406738,0.8362731337547302,-0.047006700187921524,0.8177894353866577,0.8153863549232483,-0.06886257231235504,0.792158842086792,0.8520482778549194,-0.07134202867746353,0.7811550498008728,0.8842536807060242,-0.0679406151175499,U
0.7718925476074219,1.0197018384933472,3.953958582769701e-07,0.7304017543792725,0.9620876312255859,-0.01990148425102234,0.7120552062988281,0.8539453148841858,-0.029442720115184784,0.7538329362869263,0.8033387064933777,-0.04104146361351013,0.8008150458335876,0.8098486065864563,-0.05235141143202782,0.7404964566230774,0.726818323135376,-0.016100047156214714,0.7434040904045105,0.6148116588592529,-0.03508354350924492,0.746924102306366,0.5483853816986084,-0.047674160450696945,0.7503575086593628,0.4901120662689209,-0.05682177469134331,0.7773182392120361,0.7318532466888428,-0.02278636395931244,0.7767853140830994,0.6063346266746521,-0.04383599013090134,0.7723479270935059,0.532914400100708,-0.05760188400745392,0.7710410356521606,0.4680241048336029,-0.06454547494649887,0.8096747994422913,0.7696325778961182,-0.032389380037784576,0.8050482273101807,0.715693473815918,-0.06288371235132217,0.783353865146637,0.7842994332313538,-0.06988628953695297,0.7727154493331909,0.8354074358940125,-0.06545261293649673,0.8349877595901489,0.8264790773391724,-0.04386937990784645,0.816844642162323,0.8018767237663269,-0.06760825961828232,0.7935811281204224,0.8428173661231995,-0.07018079608678818,0.7839792370796204,0.8771674633026123,-0.06650388985872269,U
0.7811806201934814,1.0250060558319092,4.488382785439171e-07,0.7415233254432678,0.9743656516075134,-0.023046569898724556,0.7283894419670105,0.8747459053993225,-0.0327267199754715,0.7705867886543274,0.8153936266899109,-0.043597735464572906,0.8143959641456604,0.8036708831787109,-0.05337448790669441,0.7334979772567749,0.739154577255249,-0.014213518239557743,0.7317593097686768,0.6227953433990479,-0.031125767156481743,0.7318370938301086,0.5533169507980347,-0.042934224009513855,0.7318474054336548,0.4940420389175415,-0.05169491469860077,0.7697109580039978,0.7362745404243469,-0.01860630325973034,0.7639667391777039,0.6104857921600342,-0.03831437602639198,0.7590134739875793,0.5350815653800964,-0.05310225859284401,0.7567939162254333,0.4688452482223511,-0.0612332709133625,0.8028550744056702,0.7673160433769226,-0.026157032698392868,0.8122467994689941,0.7036944031715393,-0.05480983853340149,0.799458920955658,0.7721706032752991,-0.061133697628974915,0.7896859645843506,0.8230608701705933,-0.05681518092751503,0.8304657936096191,0.8159993290901184,-0.03593040257692337,0.8276061415672302,0.7861533761024475,-0.058408357203006744,0.8120405077934265,0.8244080543518066,-0.06025141105055809,0.8031656742095947,0.8553916215896606,-0.05624298378825188,U
0.7886345386505127,0.9941852688789368,5.736241064369096e-07,0.7531384825706482,0.9632126688957214,-0.03389440476894379,0.7418986558914185,0.8895965814590454,-0.048800624907016754,0.7806273102760315,0.8321720957756042,-0.06158122420310974,0.8173440098762512,0.7980775833129883,-0.07183408737182617,0.719656765460968,0.7466978430747986,-0.028337957337498665,0.7116909027099609,0.633139431476593,-0.04976604878902435,0.7062573432922363,0.5618876218795776,-0.06344974786043167,0.702382504940033,0.5015234351158142,-0.07285530865192413,0.752568781375885,0.7300688028335571,-0.027722403407096863,0.7398598790168762,0.6141769886016846,-0.051067668944597244,0.7327461242675781,0.5386219620704651,-0.06616228818893433,0.7266881465911865,0.46559134125709534,-0.07406580448150635,0.7852482795715332,0.7502492070198059,-0.030929645523428917,0.8064732551574707,0.6951919794082642,-0.06387652456760406,0.8085776567459106,0.7712333798408508,-0.06975798308849335,0.803135335445404,0.823864758014679,-0.06426730006933212,0.8154693841934204,0.7892515063285828,-0.037258580327034,0.8302615880966187,0.7830349206924438,-0.06726950407028198,0.8238049745559692,0.8290978670120239,-0.0731247067451477,0.8134309649467468,0.860571026802063,-0.07046519219875336,U
0.792904794216156,1.0207747220993042,5.969059770905005e-07,0.7579553723335266,0.9786496758460999,-0.03197802975773811,0.7487375736236572,0.9050076603889465,-0.0468718595802784,0.7895176410675049,0.8625983595848083,-0.06059439852833748,0.8313394784927368,0.8476117253303528,-0.07200832664966583,0.7415727376937866,0.7530190348625183,-0.025075366720557213,0.7435026168823242,0.6393436193466187,-0.04756538197398186,0.745526134967804,0.5681054592132568,-0.06269685924053192,0.7475852370262146,0.5069855451583862,-0.07289459556341171,0.7780793309211731,0.745673656463623,-0.026353782042860985,0.7745490670204163,0.6284973621368408,-0.05030525103211403,0.7741999626159668,0.5500138998031616,-0.06623710691928864,0.7748561501502991,0.47525712847709656,-0.0743703842163086,0.8129298090934753,0.7746925354003906,-0.03171316161751747,0.8273058533668518,0.7331723570823669,-0.06614796817302704,0.8236533999443054,0.8095608353614807,-0.07336007803678513,0.8186460733413696,0.8608697652816772,-0.06767313182353973,0.8429180383682251,0.8218058943748474,-0.03990082070231438,0.849437415599823,0.8148345351219177,-0.06879859417676926,0.8395333290100098,0.8579057455062866,-0.07304458320140839,0.8319178819656372,0.887663722038269,-0.06898495554924011,U
0.759716808795929,0.9035414457321167,3.2868558719201246e-07,0.7209357023239136,0.8429065942764282,-0.014089555479586124,0.7065049409866333,0.7267688512802124,-0.018561089411377907,0.7452015280723572,0.6703857183456421,-0.02561550959944725,0.7875741720199585,0.6707502603530884,-0.03274059295654297,0.7321528196334839,0.6209348440170288,-0.005459547974169254,0.7347514629364014,0.520572304725647,-0.018183276057243347,0.7372636198997498,0.4601525664329529,-0.027646053582429886,0.7404431700706482,0.4064449667930603,-0.03540244325995445,0.7645128965377808,0.6277422904968262,-0.012121639214456081,0.7644511461257935,0.5170929431915283,-0.028184112161397934,0.7602900862693787,0.4487767219543457,-0.040584586560726166,0.7598913908004761,0.3883824348449707,-0.04767708107829094,0.7935495376586914,0.6612351536750793,-0.021268421784043312,0.7967941164970398,0.5945746898651123,-0.04767882451415062,0.7753854393959045,0.6539302468299866,-0.054798610508441925,0.7626813054084778,0.7033153176307678,-0.0519699789583683,0.8181251883506775,0.7092277407646179,-0.0316459946334362,0.8057717084884644,0.6736355423927307,-0.05326565355062485,0.7847676277160645,0.7092021703720093,-0.056178148835897446,0.7752622365951538,0.7420239448547363,-0.05364297702908516,U
0.7383363842964172,0.9002649188041687,3.0024068564671325e-07,0.699914276599884,0.8398553729057312,-0.016163675114512444,0.6886047124862671,0.726517379283905,-0.02158714458346367,0.729893684387207,0.6699795126914978,-0.02891385927796364,0.7745890617370605,0.6766082644462585,-0.03619103133678436,0.7127520442008972,0.6310111880302429,-0.008131810463964939,0.7174022197723389,0.5335947275161743,-0.02171708084642887,0.7215625047683716,0.4753436744213104,-0.03161602094769478,0.7260758280754089,0.423353910446167,-0.03966815024614334,0.74467933177948,0.6343649625778198,-0.013151475228369236,0.7461528182029724,0.5232275128364563,-0.029904287308454514,0.7424851059913635,0.45807182788848877,-0.04160713031888008,0.7422751784324646,0.40016746520996094,-0.04796024039387703,0.7730664014816284,0.665213942527771,-0.02079043723642826,0.7793851494789124,0.5976426005363464,-0.048303425312042236,0.7577683925628662,0.654401421546936,-0.055889930576086044,0.7442640066146851,0.7026532888412476,-0.053017955273389816,0.7974278330802917,0.7122060060501099,-0.029728837311267853,0.7882619500160217,0.6733343005180359,-0.052989739924669266,0.7658879160881042,0.7035987377166748,-0.05751357227563858,0.7536157965660095,0.7341525554656982,-0.055825043469667435,U
0.7669781446456909,0.9135092496871948,3.058509605580184e-07,0.7256914973258972,0.8768271207809448,-0.01614934392273426,0.6958168745040894,0.7793006300926208,-0.021249080076813698,0.7251076698303223,0.709898054599762,-0.028350790962576866,0.7669845819473267,0.6925055384635925,-0.03550054132938385,0.698567271232605,0.6677291989326477,-0.008019317872822285,0.6827783584594727,0.5700844526290894,-0.020763879641890526,0.674160361289978,0.5124231576919556,-0.029612718150019646,0.6670147776603699,0.45974135398864746,-0.03685837984085083,0.7294765710830688,0.6540447473526001,-0.013345496729016304,0.709812343120575,0.5475201606750488,-0.02883334271609783,0.6947758793830872,0.4873189330101013,-0.0402197390794754,0.6840598583221436,0.43122464418411255,-0.04654776677489281,0.7613908052444458,0.6689090132713318,-0.021330446004867554,0.7537012696266174,0.6082051396369934,-0.04700847342610359,0.746933102607727,0.6715862154960632,-0.05398320406675339,0.7451531887054443,0.7187908291816711,-0.051042068749666214,0.7913035750389099,0.6998373866081238,-0.030784759670495987,0.7782831192016602,0.6666685342788696,-0.05170471966266632,0.7690353989601135,0.7067883014678955,-0.05463779717683792,0.7688531279563904,0.7388392686843872,-0.05219074711203575,U
0.764729917049408,0.9409176707267761,3.908765791038604e-07,0.7236965894699097,0.9003236293792725,-0.018284136429429054,0.7021198272705078,0.795130729675293,-0.02506088837981224,0.7356179356575012,0.7312844395637512,-0.033921122550964355,0.7780544757843018,0.7272534966468811,-0.04259640723466873,0.7083100080490112,0.6865848898887634,-0.011365648359060287,0.7016854286193848,0.586760401725769,-0.026605896651744843,0.6988790035247803,0.5260618329048157,-0.037218350917100906,0.6962472200393677,0.47242796421051025,-0.04562632739543915,0.7404545545578003,0.6776705980300903,-0.017029520124197006,0.730099081993103,0.5695084929466248,-0.036343131214380264,0.7217029333114624,0.5034803152084351,-0.050099048763513565,0.7159349918365479,0.44390779733657837,-0.05756690725684166,0.7713609933853149,0.6992384195327759,-0.0254229549318552,0.7722377181053162,0.6356633305549622,-0.052707817405462265,0.7650144696235657,0.7047883868217468,-0.05771447718143463,0.7606654763221741,0.7553070783615112,-0.05294445529580116,0.7995368242263794,0.7366443276405334,-0.03568623214960098,0.79184490442276,0.7060543894767761,-0.05634043738245964,0.7801032066345215,0.7464057803153992,-0.05785006657242775,0.77528315782547,0.7764934301376343,-0.05427622050046921,U
0.7644854187965393,0.9532257318496704,3.6609230846806895e-07,0.7262480854988098,0.909981369972229,-0.019972167909145355,0.7122448682785034,0.7979869842529297,-0.02566744200885296,0.7498849034309387,0.7363026142120361,-0.032888129353523254,0.7896730899810791,0.7347184419631958,-0.03953974321484566,0.7179978489875793,0.6815131902694702,-0.008260662667453289,0.7135484218597412,0.5785952210426331,-0.022509092465043068,0.7128334045410156,0.5166975855827332,-0.032032310962677,0.7123469114303589,0.4615614414215088,-0.03965028002858162,0.7494897246360779,0.676048755645752,-0.013153205625712872,0.7415157556533813,0.5641573667526245,-0.031798865646123886,0.735986590385437,0.4989967346191406,-0.04429849982261658,0.7332319617271423,0.43702131509780884,-0.05055784434080124,0.7792142033576965,0.7019043564796448,-0.021519029513001442,0.790569007396698,0.6410853862762451,-0.05016353353857994,0.7799385786056519,0.7104133367538452,-0.05667207017540932,0.7709988355636597,0.7554137706756592,-0.05277765542268753,0.8063669204711914,0.7440812587738037,-0.03184434771537781,0.8101658821105957,0.7169039845466614,-0.05392484366893768,0.7956827282905579,0.7612550258636475,-0.05695968493819237,0.7860822677612305,0.7877132892608643,-0.05467815697193146,U
0.7669184803962708,0.9625319242477417,3.254266971453035e-07,0.7264439463615417,0.9167264103889465,-0.018396278843283653,0.7118580341339111,0.8019528985023499,-0.021929537877440453,0.7516321539878845,0.7381141781806946,-0.02692391350865364,0.7944445013999939,0.7329546213150024,-0.03127516433596611,0.7147642374038696,0.6857073307037354,-0.0034101528581231833,0.7097514271736145,0.5852437615394592,-0.014867865480482578,0.7081528306007385,0.5272281169891357,-0.02277587354183197,0.7063276171684265,0.4737430810928345,-0.029653778299689293,0.746645450592041,0.6779515743255615,-0.007346934638917446,0.738900363445282,0.571921169757843,-0.023413969203829765,0.7330700159072876,0.5135997533798218,-0.0345442071557045,0.7288661599159241,0.45517247915267944,-0.04023440182209015,0.7768654227256775,0.7009206414222717,-0.014798950403928757,0.7884795665740967,0.6394563317298889,-0.042082831263542175,0.7782618999481201,0.7094367146492004,-0.049611806869506836,0.7691296935081482,0.7556495070457458,-0.046817343682050705,0.8049533367156982,0.7396140694618225,-0.023976076394319534,0.8086090683937073,0.7172633409500122,-0.04708191752433777,0.7930644750595093,0.7610658407211304,-0.052616268396377563,0.7819952368736267,0.7873692512512207,-0.05204480141401291,U
0.7644155621528625,0.9744082689285278,3.809606425875245e-07,0.7247759103775024,0.9278653264045715,-0.02100398577749729,0.7110376358032227,0.8180885910987854,-0.027123067528009415,0.7511216998100281,0.7542948126792908,-0.03451717644929886,0.7924971580505371,0.7467769980430603,-0.04116508364677429,0.7152838110923767,0.6992937326431274,-0.009393068961799145,0.7104654908180237,0.5916954278945923,-0.02343481220304966,0.7094485759735107,0.5277133584022522,-0.03314691781997681,0.7088230848312378,0.47189754247665405,-0.04101361334323883,0.748340368270874,0.6927857398986816,-0.013380459509789944,0.7391533851623535,0.5771069526672363,-0.03146836906671524,0.7334490418434143,0.5086829662322998,-0.04444893077015877,0.7309214472770691,0.44698566198349,-0.051581405103206635,0.7794095873832703,0.7186148762702942,-0.020809341222047806,0.7895835638046265,0.649951696395874,-0.04951368644833565,0.7791343331336975,0.7154628038406372,-0.057627707719802856,0.770712673664093,0.7638497948646545,-0.055105533450841904,0.8076768517494202,0.7607637643814087,-0.030184853821992874,0.8104686141014099,0.7264308333396912,-0.05458071827888489,0.7941293716430664,0.7667542695999146,-0.059825945645570755,0.7825727462768555,0.7980216145515442,-0.058795563876628876,U
0.7661715149879456,0.9817726016044617,4.009494034562522e-07,0.7268430590629578,0.9348406195640564,-0.020880920812487602,0.7128874063491821,0.8254939317703247,-0.027517331764101982,0.7534782290458679,0.7608111500740051,-0.03544340282678604,0.7966520190238953,0.756278932094574,-0.04265259951353073,0.7190908789634705,0.7037652134895325,-0.010472140274941921,0.7144642472267151,0.594575047492981,-0.024613497778773308,0.7130774855613708,0.5290482044219971,-0.034661583602428436,0.7117651104927063,0.47249478101730347,-0.043094925582408905,0.7526670694351196,0.6984928846359253,-0.014639249071478844,0.7463314533233643,0.5826678276062012,-0.03333562612533569,0.741633951663971,0.5112533569335938,-0.04746614396572113,0.7393937706947327,0.4479677677154541,-0.0557757169008255,0.7834758758544922,0.7258560061454773,-0.021954961121082306,0.795720100402832,0.6572965979576111,-0.050475627183914185,0.7827702164649963,0.7206979393959045,-0.058836765587329865,0.7721415758132935,0.7705672383308411,-0.05680757015943527,0.8105356693267822,0.7697312831878662,-0.03123336471617222,0.8120541572570801,0.738873302936554,-0.056406743824481964,0.7956510186195374,0.7763020992279053,-0.06236925721168518,0.7842615842819214,0.8073096871376038,-0.06176367029547691,U
0.7638628482818604,0.9803524017333984,3.810450834862422e-07,0.7251628637313843,0.933638870716095,-0.020463069900870323,0.7113911509513855,0.8258202075958252,-0.027138881385326385,0.7511587738990784,0.7629449963569641,-0.03512010723352432,0.7934470772743225,0.7548133730888367,-0.04229762405157089,0.7169821262359619,0.6998782753944397,-0.010342013090848923,0.7127783298492432,0.5925615429878235,-0.024889709427952766,0.7117906212806702,0.528380274772644,-0.03515059873461723,0.7110103964805603,0.47268208861351013,-0.04355799779295921,0.7502496838569641,0.6951792240142822,-0.014855226501822472,0.7426412105560303,0.5806214809417725,-0.03377847746014595,0.7373327016830444,0.5106867551803589,-0.04791101813316345,0.7348239421844482,0.4476683437824249,-0.056098226457834244,0.7811356782913208,0.7227783799171448,-0.02253253199160099,0.7924554347991943,0.656440794467926,-0.05100064352154732,0.7795099020004272,0.7204053401947021,-0.05939941108226776,0.7689256072044373,0.7689608931541443,-0.05749957263469696,0.8084774017333984,0.7669834494590759,-0.03216097503900528,0.8089688420295715,0.7390916347503662,-0.0570785291492939,0.7910652160644531,0.7780168652534485,-0.06316091120243073,0.7783347368240356,0.8080205917358398,-0.06273450702428818,U
0.7617237567901611,0.9807415008544922,3.804753134772909e-07,0.7228914499282837,0.9340037703514099,-0.02088872157037258,0.709092915058136,0.8264009356498718,-0.02762349508702755,0.7497531771659851,0.7635836601257324,-0.03559068590402603,0.7924826145172119,0.7548197507858276,-0.04278935492038727,0.7154263257980347,0.7023597955703735,-0.01095995306968689,0.7105590105056763,0.5949910283088684,-0.025670237839221954,0.7088906168937683,0.5303916931152344,-0.03585392236709595,0.707578718662262,0.4741855561733246,-0.044329240918159485,0.749129593372345,0.6968139410018921,-0.015458879061043262,0.7420963644981384,0.5798447132110596,-0.034833211451768875,0.7370391488075256,0.5097673535346985,-0.049203623086214066,0.734825074672699,0.44653385877609253,-0.057517584413290024,0.7797951698303223,0.7245191335678101,-0.023086542263627052,0.7919116020202637,0.6568324565887451,-0.052180856466293335,0.7790213227272034,0.7226443290710449,-0.06025842949748039,0.7684045433998108,0.7717229723930359,-0.05803700536489487,0.807027280330658,0.7690501809120178,-0.03267693892121315,0.8079175353050232,0.7420653700828552,-0.05832713469862938,0.7906488180160522,0.782875657081604,-0.06433586776256561,0.778457522392273,0.8132017850875854,-0.06376006454229355,U
0.7626870274543762,0.9777355790138245,3.8246994904511666e-07,0.7234200239181519,0.9317774176597595,-0.02004159428179264,0.7085618376731873,0.8247449398040771,-0.02624630182981491,0.7478548884391785,0.7609731554985046,-0.03377922996878624,0.7899395227432251,0.752106249332428,-0.040653470903635025,0.7139014005661011,0.7010796070098877,-0.00937818642705679,0.707987904548645,0.5935003757476807,-0.023215055465698242,0.7054100632667542,0.5290674567222595,-0.033107008785009384,0.7030993700027466,0.4730636477470398,-0.04138121381402016,0.7478563189506531,0.6948243975639343,-0.013886261731386185,0.7409008145332336,0.5805442929267883,-0.03191827982664108,0.735563337802887,0.5101322531700134,-0.045936185866594315,0.7324581146240234,0.44681382179260254,-0.054310813546180725,0.779020369052887,0.7213658094406128,-0.021521663293242455,0.7890904545783997,0.6549221873283386,-0.04948935657739639,0.7768867611885071,0.7164793610572815,-0.058226507157087326,0.7668977975845337,0.7637832164764404,-0.05680917575955391,0.8064390420913696,0.7647939920425415,-0.031003594398498535,0.8074601292610168,0.7358595728874207,-0.055730562657117844,0.7907705307006836,0.7749303579330444,-0.061606936156749725,0.7789766788482666,0.8061778545379639,-0.06118105724453926,U
0.7617996335029602,0.9796885251998901,3.878377867749805e-07,0.7224743962287903,0.9350718259811401,-0.020765915513038635,0.7071423530578613,0.8250524401664734,-0.026857677847146988,0.7475579977035522,0.760094165802002,-0.03423885628581047,0.7914236783981323,0.7540076971054077,-0.04087682440876961,0.7125831842422485,0.7028303742408752,-0.010368738323450089,0.7060583829879761,0.59506756067276,-0.024562692269682884,0.7026064395904541,0.5296452045440674,-0.03433818742632866,0.6996259093284607,0.4728294014930725,-0.04266821965575218,0.7466437816619873,0.6949796676635742,-0.014671041630208492,0.7398943305015564,0.58103346824646,-0.03362011909484863,0.7352259159088135,0.5104451179504395,-0.04763837531208992,0.7331321239471436,0.44669345021247864,-0.05578319728374481,0.7775896787643433,0.7211017608642578,-0.022156063467264175,0.7894245386123657,0.6569506525993347,-0.050602804869413376,0.7771461606025696,0.7242357134819031,-0.058124806731939316,0.7670336961746216,0.7736817002296448,-0.055628105998039246,0.8051396012306213,0.763962984085083,-0.03169070929288864,0.8058803081512451,0.7404977679252625,-0.05706740915775299,0.7891267538070679,0.7822830080986023,-0.06293133646249771,0.7774315476417542,0.8128933310508728,-0.06228238716721535,U
0.7593321204185486,0.9822054505348206,3.753783914817177e-07,0.7206501364707947,0.9365686774253845,-0.01991960220038891,0.7053382396697998,0.8287903070449829,-0.02597801759839058,0.7463196516036987,0.7647840976715088,-0.03327902406454086,0.7907270193099976,0.7557225227355957,-0.04005257785320282,0.7109629511833191,0.7062193155288696,-0.011174791492521763,0.704389214515686,0.5976017117500305,-0.02516735903918743,0.7013269066810608,0.5323826670646667,-0.03473483398556709,0.6985505819320679,0.476054847240448,-0.04275235906243324,0.7459037899971008,0.7000174522399902,-0.015526619739830494,0.7398309111595154,0.5834577083587646,-0.033469878137111664,0.7347062230110168,0.5123801231384277,-0.04711617901921272,0.7317153215408325,0.44912296533584595,-0.0552409291267395,0.7774577140808105,0.7271296977996826,-0.022805022075772285,0.7876937389373779,0.660683274269104,-0.050236064940690994,0.7745032906532288,0.7233202457427979,-0.0585932582616806,0.7640802264213562,0.7714983820915222,-0.0570387989282608,0.8047282099723816,0.7706114053726196,-0.03191979229450226,0.8026304244995117,0.7459270358085632,-0.05678528919816017,0.7848702073097229,0.7846680283546448,-0.06314489990472794,0.7731256484985352,0.8146027326583862,-0.06301747262477875,U
0.7595754861831665,0.9859713315963745,3.794111478327977e-07,0.720355212688446,0.9394781589508057,-0.020932825282216072,0.7051295638084412,0.8321213722229004,-0.028132036328315735,0.7451376914978027,0.7670649290084839,-0.03671782463788986,0.788648784160614,0.7570645213127136,-0.04448265582323074,0.7118560075759888,0.7062625288963318,-0.011575192213058472,0.7070282101631165,0.5988366603851318,-0.027048958465456963,0.7058972716331482,0.5345428586006165,-0.03766492381691933,0.7050319910049438,0.4788600504398346,-0.04619511216878891,0.7457205057144165,0.700741171836853,-0.016170162707567215,0.7373051643371582,0.583774983882904,-0.03606697916984558,0.7313193082809448,0.5135148167610168,-0.050286732614040375,0.7282780408859253,0.45066821575164795,-0.058278679847717285,0.7771158814430237,0.7285923361778259,-0.02393774688243866,0.7870908975601196,0.6606308221817017,-0.05371818318963051,0.7740878462791443,0.7282208204269409,-0.06184452027082443,0.7637491822242737,0.7791280746459961,-0.05925827473402023,0.8053277134895325,0.7738125324249268,-0.03364870697259903,0.8040666580200195,0.7469181418418884,-0.05984850600361824,0.7852219343185425,0.7878091931343079,-0.06609251350164413,0.7719366550445557,0.8189680576324463,-0.06539466232061386,U
0.7582940459251404,0.988149106502533,3.685751153170713e-07,0.719642162322998,0.9402137994766235,-0.02025800570845604,0.7037529945373535,0.8347468972206116,-0.02735581248998642,0.7434076070785522,0.7719086408615112,-0.035931527614593506,0.787096381187439,0.7630061507225037,-0.04358033090829849,0.711493968963623,0.7090306282043457,-0.011657348833978176,0.7057729363441467,0.6003033518791199,-0.02739689126610756,0.7042157053947449,0.535759687423706,-0.03802943602204323,0.7032093405723572,0.48033902049064636,-0.046300098299980164,0.7458081841468811,0.7045567035675049,-0.016549192368984222,0.7370047569274902,0.586442768573761,-0.036219436675310135,0.7306209206581116,0.5170126557350159,-0.05001814663410187,0.727260172367096,0.45512059330940247,-0.05755826085805893,0.7776378989219666,0.7329702973365784,-0.024554438889026642,0.7868824601173401,0.6693439483642578,-0.05346932262182236,0.7741656303405762,0.7350866198539734,-0.060862958431243896,0.7636390328407288,0.783120334148407,-0.05785695090889931,0.805623471736908,0.7786482572555542,-0.03454921394586563,0.8057496547698975,0.750544011592865,-0.05904875323176384,0.7859099507331848,0.7891248464584351,-0.06404333561658859,0.7708508968353271,0.818471372127533,-0.062680184841156,U
0.7649669647216797,0.9977124333381653,4.973882141712238e-07,0.7285746335983276,0.9532697200775146,-0.024518992751836777,0.7176039218902588,0.8619909286499023,-0.03318491578102112,0.7576017379760742,0.7987245917320251,-0.04165109992027283,0.7941194176673889,0.766411304473877,-0.04878292232751846,0.705695390701294,0.7305793762207031,-0.013144728727638721,0.6844873428344727,0.6306691765785217,-0.026536082848906517,0.6710676550865173,0.5687375068664551,-0.035654742270708084,0.6599308252334595,0.516107976436615,-0.04242389276623726,0.7438883185386658,0.7181943655014038,-0.014267382211983204,0.7472242116928101,0.6028411984443665,-0.02920757792890072,0.7476157546043396,0.5315650701522827,-0.04166498780250549,0.748488187789917,0.4679231643676758,-0.04847574606537819,0.7749452590942383,0.7436036467552185,-0.018749458715319633,0.7880274057388306,0.6932926177978516,-0.04415517300367355,0.7766993045806885,0.7587650418281555,-0.05263981968164444,0.7689589262008667,0.8055891990661621,-0.05059811845421791,0.7991775870323181,0.7882549166679382,-0.0251822117716074,0.8030294179916382,0.7705169320106506,-0.04691297560930252,0.7899601459503174,0.8126988410949707,-0.0504111647605896,0.7818190455436707,0.8447335362434387,-0.04778257757425308,V
0.760431706905365,1.0024352073669434,5.375939622354053e-07,0.7250552773475647,0.9597605466842651,-0.024982158094644547,0.7151163220405579,0.881147027015686,-0.036728374660015106,0.7575065493583679,0.8336612582206726,-0.048393432050943375,0.7951533794403076,0.8069053888320923,-0.05877850204706192,0.7104349136352539,0.7370407581329346,-0.019485190510749817,0.6920453310012817,0.6359217762947083,-0.03564923629164696,0.6801657676696777,0.5708763003349304,-0.047383084893226624,0.6705679297447205,0.5146118402481079,-0.05704018101096153,0.75101637840271,0.7284839749336243,-0.022127650678157806,0.7618740200996399,0.6175598502159119,-0.03899305686354637,0.770380973815918,0.5477240085601807,-0.053072474896907806,0.7785247564315796,0.4839932918548584,-0.06260212510824203,0.7821044921875,0.7599931359291077,-0.027935512363910675,0.7996134757995605,0.7157734632492065,-0.0534881129860878,0.7849150896072388,0.7780753970146179,-0.06219014525413513,0.7736926674842834,0.8234859704971313,-0.06224023550748825,0.8054623007774353,0.812099814414978,-0.035936273634433746,0.8116070032119751,0.8051396012306213,-0.059702422469854355,0.794161319732666,0.844854474067688,-0.06544976681470871,0.780297040939331,0.8747940063476562,-0.0655258297920227,V
0.7726759910583496,0.9938434958457947,6.022216325618501e-07,0.7349916696548462,0.947325587272644,-0.0270017609000206,0.7279260158538818,0.8512094020843506,-0.035705987364053726,0.7732993364334106,0.7947771549224854,-0.04307802394032478,0.8125233054161072,0.769722044467926,-0.04873877391219139,0.7134365439414978,0.71352618932724,-0.017627280205488205,0.6909477710723877,0.6103488802909851,-0.03233994543552399,0.6763588786125183,0.5433250069618225,-0.0415382906794548,0.6637296676635742,0.4868047833442688,-0.04854455590248108,0.7536652684211731,0.7032374143600464,-0.01792621985077858,0.7622871994972229,0.5863016247749329,-0.03431042283773422,0.7665143609046936,0.5142650604248047,-0.04604116082191467,0.771449863910675,0.4488833248615265,-0.051978033035993576,0.7852083444595337,0.7332023978233337,-0.021902862936258316,0.805921733379364,0.6872624158859253,-0.048230573534965515,0.7901591658592224,0.75846928358078,-0.055098291486501694,0.7791790962219238,0.804411768913269,-0.05163699761033058,0.8099930882453918,0.7822965383529663,-0.02811906486749649,0.81650710105896,0.7749180793762207,-0.05182671919465065,0.8008554577827454,0.8199023008346558,-0.05595799535512924,0.7899803519248962,0.8491209745407104,-0.05332551896572113,V
0.7593349814414978,0.9608255624771118,5.599671339950874e-07,0.7253400683403015,0.9062023162841797,-0.020753325894474983,0.715652346611023,0.802558183670044,-0.029384665191173553,0.7596031427383423,0.7533152103424072,-0.03972781077027321,0.8042857646942139,0.7485177516937256,-0.049285225570201874,0.7261806726455688,0.6613573431968689,-0.013902943581342697,0.7122038006782532,0.5523788332939148,-0.028485048562288284,0.7038912773132324,0.4840502142906189,-0.03815627470612526,0.6974142789840698,0.4254489243030548,-0.04610666632652283,0.7677285671234131,0.6631255745887756,-0.019445296376943588,0.7901268005371094,0.5419191122055054,-0.03645552322268486,0.8028050065040588,0.4664303660392761,-0.049494169652462006,0.8153167963027954,0.4020237922668457,-0.057168275117874146,0.798255205154419,0.702719509601593,-0.028005322441458702,0.8133519291877747,0.652280330657959,-0.05300923064351082,0.7893343567848206,0.711268424987793,-0.05915795639157295,0.7748205661773682,0.7509413957595825,-0.056526318192481995,0.8195913434028625,0.7606474161148071,-0.038668666034936905,0.8230684399604797,0.7344814538955688,-0.058460064232349396,0.8002645373344421,0.7695279121398926,-0.05960996821522713,0.7862991094589233,0.7958768606185913,-0.056507982313632965,V
0.7607172727584839,0.9514238834381104,5.780584046988224e-07,0.7267758846282959,0.9018615484237671,-0.028870901092886925,0.7209543585777283,0.8118918538093567,-0.040942978113889694,0.7661134600639343,0.7647773027420044,-0.05226467177271843,0.8064109683036804,0.740874707698822,-0.061859603971242905,0.7190831303596497,0.659648060798645,-0.022804273292422295,0.7014079689979553,0.551262378692627,-0.0413704477250576,0.690199613571167,0.479534387588501,-0.0543363057076931,0.6819043159484863,0.4178139567375183,-0.06504403054714203,0.7606402635574341,0.6551856994628906,-0.024995414540171623,0.7749969959259033,0.5349330902099609,-0.04544147849082947,0.787236213684082,0.45792779326438904,-0.0616224966943264,0.7993683815002441,0.3865167200565338,-0.07234890758991241,0.7910414338111877,0.6916733980178833,-0.030787268653512,0.8167712688446045,0.6424747705459595,-0.058994874358177185,0.7996054887771606,0.7074835896492004,-0.06758051365613937,0.7850174903869629,0.7521657347679138,-0.06724797189235687,0.813939094543457,0.7474247217178345,-0.039339132606983185,0.824744462966919,0.7427089810371399,-0.06584133207798004,0.8048794269561768,0.7845857739448547,-0.07288369536399841,0.787255048751831,0.8114854097366333,-0.07371965050697327,V
0.7773006558418274,0.9909877777099609,6.813084496570809e-07,0.7433958649635315,0.9453811645507812,-0.03515493497252464,0.7383737564086914,0.8613635897636414,-0.05278797447681427,0.7884365320205688,0.8231229186058044,-0.06871962547302246,0.8335039019584656,0.8058269023895264,-0.08195226639509201,0.7389639019966125,0.6965500116348267,-0.032705362886190414,0.7209821939468384,0.5883572101593018,-0.05709189549088478,0.7088678479194641,0.5126088261604309,-0.07291097193956375,0.7001372575759888,0.4445677697658539,-0.08523670583963394,0.781741738319397,0.6904643774032593,-0.03346303477883339,0.7976989150047302,0.5732221603393555,-0.05990990251302719,0.8130570650100708,0.4951040744781494,-0.07662621885538101,0.8283395171165466,0.4172191321849823,-0.08634535223245621,0.8136881589889526,0.7287185788154602,-0.038197245448827744,0.8450635671615601,0.6944527626037598,-0.07237627357244492,0.8262684345245361,0.7743654251098633,-0.07709841430187225,0.8085671663284302,0.8248424530029297,-0.07152196019887924,0.838994026184082,0.7892273664474487,-0.04633438587188721,0.8561543226242065,0.8016317486763,-0.0766758918762207,0.8350632190704346,0.8480250239372253,-0.08179061859846115,0.8146955370903015,0.8745565414428711,-0.07916215062141418,V
0.792548418045044,0.9795957803726196,5.528636961571465e-07,0.7551930546760559,0.9363366961479187,-0.03257852792739868,0.7437271475791931,0.8481316566467285,-0.04441215470433235,0.7872050404548645,0.7826834321022034,-0.05433172360062599,0.8279335498809814,0.7453324198722839,-0.06177014112472534,0.7225865125656128,0.6957078576087952,-0.01980702579021454,0.6923611760139465,0.593914270401001,-0.03722892701625824,0.6719152331352234,0.5270657539367676,-0.04942478612065315,0.6559549570083618,0.4687129557132721,-0.059023890644311905,0.7632236480712891,0.6771953105926514,-0.019014528021216393,0.7657660245895386,0.5542632937431335,-0.03747865930199623,0.7695174813270569,0.4790276885032654,-0.05238515883684158,0.773527979850769,0.40698084235191345,-0.06145956367254257,0.7966482043266296,0.7028393149375916,-0.022561773657798767,0.8183224201202393,0.6488386392593384,-0.05206897854804993,0.8095622062683105,0.72197026014328,-0.06077200174331665,0.8003661632537842,0.7697805166244507,-0.05874665454030037,0.8251054286956787,0.7513691186904907,-0.02894817665219307,0.8378123044967651,0.7355785965919495,-0.05534932762384415,0.8250083923339844,0.7833307981491089,-0.06059560924768448,0.8129263520240784,0.8170592784881592,-0.05904337763786316,V
0.8018674850463867,1.0005439519882202,6.340903837553924e-07,0.7676748037338257,0.9497302770614624,-0.0357305109500885,0.7624829411506653,0.8616420030593872,-0.05012454092502594,0.8105791807174683,0.8039782643318176,-0.06182188168168068,0.8522499203681946,0.7678697109222412,-0.07092705368995667,0.7540097832679749,0.7054664492607117,-0.024873267859220505,0.7344916462898254,0.5974792242050171,-0.04261042922735214,0.7207751274108887,0.5256456136703491,-0.05544591695070267,0.7100417613983154,0.4624020755290985,-0.06559906154870987,0.7969489097595215,0.6959757804870605,-0.02238253504037857,0.8156905770301819,0.5755062103271484,-0.04005415737628937,0.8309330344200134,0.5036447048187256,-0.05421748384833336,0.8450512290000916,0.4375182092189789,-0.0633166953921318,0.8280019760131836,0.7287083864212036,-0.02442365512251854,0.8530072569847107,0.6815836429595947,-0.05239354446530342,0.8367072343826294,0.7496770620346069,-0.06113662198185921,0.8228016495704651,0.794843852519989,-0.05990815535187721,0.8511303663253784,0.7819408178329468,-0.02962774969637394,0.8650698661804199,0.7627050280570984,-0.05454893782734871,0.8492631316184998,0.8026164770126343,-0.05967307463288307,0.8341452479362488,0.8327832221984863,-0.05856546759605408,V
0.7964320778846741,1.0003716945648193,6.517864221677883e-07,0.7614861726760864,0.9492226839065552,-0.033583562821149826,0.7561412453651428,0.8587223291397095,-0.04703898727893829,0.8039447069168091,0.7988283634185791,-0.058360833674669266,0.8460870385169983,0.764388382434845,-0.06742097437381744,0.7467275857925415,0.7035240530967712,-0.022644802927970886,0.7245769500732422,0.5994391441345215,-0.040124088525772095,0.709523618221283,0.5289812684059143,-0.052893590182065964,0.6980013251304626,0.4666508436203003,-0.06310103833675385,0.7911166548728943,0.6946077346801758,-0.0207486841827631,0.8130720853805542,0.5766888856887817,-0.03915628790855408,0.8309581875801086,0.5050945281982422,-0.05356917157769203,0.847701370716095,0.4405958950519562,-0.06250980496406555,0.8230354189872742,0.7284278869628906,-0.0231335386633873,0.8474496006965637,0.6801172494888306,-0.05133926868438721,0.8303242325782776,0.7501581311225891,-0.058746203780174255,0.8169924020767212,0.7956690788269043,-0.05626147240400314,0.8469463586807251,0.7818904519081116,-0.028476178646087646,0.8586772680282593,0.7599910497665405,-0.05381598696112633,0.8426523208618164,0.8004860281944275,-0.05805711820721626,0.8292093276977539,0.8306998014450073,-0.055846262723207474,V
0.7940113544464111,0.998790979385376,6.619540613428399e-07,0.7578741312026978,0.9487395882606506,-0.031075648963451385,0.751105785369873,0.8552501797676086,-0.044473230838775635,0.798039436340332,0.7938995957374573,-0.05650871619582176,0.8404051065444946,0.7610000967979431,-0.06674394756555557,0.7429229617118835,0.7038100361824036,-0.02175949700176716,0.7187550663948059,0.6009535789489746,-0.037386246025562286,0.7026969194412231,0.5324801802635193,-0.04904498532414436,0.6908417344093323,0.47109657526016235,-0.058978088200092316,0.7872574329376221,0.6947085857391357,-0.02102038264274597,0.8113715052604675,0.5775623917579651,-0.03752133250236511,0.8299517631530762,0.5066055655479431,-0.05124783515930176,0.8468254804611206,0.4447857439517975,-0.06051686406135559,0.8187739849090576,0.7288761138916016,-0.024091072380542755,0.8437925577163696,0.6745472550392151,-0.049242548644542694,0.8260051012039185,0.7392473220825195,-0.05626954883337021,0.8119717836380005,0.7841160297393799,-0.05507832393050194,0.8422245383262634,0.7824898958206177,-0.030023638159036636,0.8539220690727234,0.7593696713447571,-0.05279858410358429,0.8372585773468018,0.7988029718399048,-0.05654487386345863,0.8235360980033875,0.829268753528595,-0.05501272901892662,V
0.7959955930709839,1.000375509262085,6.791900659663952e-07,0.7596825957298279,0.9478193521499634,-0.03351598232984543,0.7552487254142761,0.8546752333641052,-0.04730284586548805,0.8048734068870544,0.7962825894355774,-0.05891886726021767,0.8494674563407898,0.766046941280365,-0.06841713935136795,0.7471997737884521,0.7047284841537476,-0.022885769605636597,0.7245798110961914,0.6010345816612244,-0.03887272626161575,0.7090247273445129,0.531042218208313,-0.05099569261074066,0.6971911191940308,0.4683683514595032,-0.06121518462896347,0.7916320562362671,0.6969581246376038,-0.020352216437458992,0.8169272541999817,0.581975519657135,-0.03701513260602951,0.8366112112998962,0.5117074251174927,-0.05048859491944313,0.8546434640884399,0.44931760430336,-0.059295035898685455,0.8224712014198303,0.7318426966667175,-0.021981900557875633,0.8489933013916016,0.6822572946548462,-0.04756547883152962,0.8299944996833801,0.747137725353241,-0.054887183010578156,0.8147194981575012,0.7893062829971313,-0.05342452600598335,0.8451451659202576,0.7847819924354553,-0.026659399271011353,0.8582645058631897,0.76421058177948,-0.05018250271677971,0.8406625986099243,0.8001785278320312,-0.05488414689898491,0.8252964019775391,0.8258408308029175,-0.05371394753456116,V
0.8021512627601624,1.008362054824829,6.275122927945631e-07,0.7681336402893066,0.9533830285072327,-0.03826551511883736,0.7656170725822449,0.8560709357261658,-0.051777493208646774,0.8189350366592407,0.795489490032196,-0.06216025725007057,0.8611511588096619,0.7592023611068726,-0.06967693567276001,0.7517175674438477,0.7121274471282959,-0.023844053968787193,0.7305393815040588,0.6045340299606323,-0.04134867712855339,0.7155240774154663,0.5339781045913696,-0.05405149236321449,0.7036494612693787,0.47084569931030273,-0.06435856968164444,0.7941228151321411,0.7002866864204407,-0.01966916397213936,0.8068721890449524,0.577978253364563,-0.03773512318730354,0.8167575001716614,0.5022186040878296,-0.052156075835227966,0.8266061544418335,0.42957237362861633,-0.061287809163331985,0.8255385756492615,0.7321566343307495,-0.020471729338169098,0.8528614640235901,0.6826266646385193,-0.04874725639820099,0.8376463651657104,0.7561759948730469,-0.056785620748996735,0.8237195014953613,0.8017258644104004,-0.05480305850505829,0.8508507013320923,0.7843737006187439,-0.024857105687260628,0.8676389455795288,0.7702913880348206,-0.050669945776462555,0.8511782288551331,0.8127453923225403,-0.05663454160094261,0.8351205587387085,0.8394498825073242,-0.055937398225069046,V
0.766230046749115,0.8690714240074158,5.120006676406774e-07,0.7288337349891663,0.8201619386672974,-0.024711281061172485,0.7198049426078796,0.7167988419532776,-0.03074137680232525,0.7636121511459351,0.651321530342102,-0.03635524585843086,0.8027278184890747,0.623297393321991,-0.04087401553988457,0.7088406682014465,0.5912156105041504,-0.008739902637898922,0.6893152594566345,0.4929260313510895,-0.019707031548023224,0.6769306659698486,0.4289594888687134,-0.028078744187951088,0.6662402749061584,0.37588322162628174,-0.03501109778881073,0.7485007047653198,0.5794945359230042,-0.008570837788283825,0.7576078772544861,0.46465861797332764,-0.02099434845149517,0.762301504611969,0.3954765200614929,-0.03221983090043068,0.7660232782363892,0.3350849449634552,-0.03881112486124039,0.7791988849639893,0.6056976318359375,-0.012278364971280098,0.7960003614425659,0.5516289472579956,-0.03538749739527702,0.7847164273262024,0.6156557202339172,-0.04351908341050148,0.777012825012207,0.6593087315559387,-0.0422232523560524,0.8034138083457947,0.6494594216346741,-0.018072759732604027,0.8096092343330383,0.6250323057174683,-0.03855620697140694,0.7967175841331482,0.6703569889068604,-0.04226476699113846,0.7882640957832336,0.7013506889343262,-0.04069139435887337,V
0.7380338907241821,0.8568117618560791,4.83931160033535e-07,0.7039495706558228,0.8089370131492615,-0.01799827255308628,0.6923009753227234,0.7064209580421448,-0.02395220845937729,0.7341122031211853,0.6503036618232727,-0.03133804723620415,0.774926483631134,0.6406804323196411,-0.038559142500162125,0.6986514329910278,0.5871860384941101,-0.010985349304974079,0.684477686882019,0.4881322383880615,-0.02283604070544243,0.6758525371551514,0.42522814869880676,-0.03131267428398132,0.6681758761405945,0.3724533021450043,-0.03840591758489609,0.7370927333831787,0.5842725038528442,-0.01486459281295538,0.7517374157905579,0.47220537066459656,-0.02795189805328846,0.7593411207199097,0.40212833881378174,-0.038374658674001694,0.7669036388397217,0.34342414140701294,-0.04467855393886566,0.7664793729782104,0.6158540844917297,-0.021549969911575317,0.7751373052597046,0.5632517337799072,-0.043757472187280655,0.7570894956588745,0.6204128861427307,-0.050232261419296265,0.7476731538772583,0.6633499264717102,-0.048257432878017426,0.7878426909446716,0.6632657647132874,-0.029829273000359535,0.7862563133239746,0.629030168056488,-0.049285486340522766,0.766657292842865,0.664249062538147,-0.05162058398127556,0.7553743124008179,0.6949779987335205,-0.049385275691747665,V
0.7212726473808289,0.8355866074562073,4.4337187432574865e-07,0.6861804723739624,0.7809275984764099,-0.01591438613831997,0.6703871488571167,0.6794010996818542,-0.023183297365903854,0.7095588445663452,0.6349048614501953,-0.0323462188243866,0.7524758577346802,0.6392505168914795,-0.041665226221084595,0.6976335644721985,0.5643801093101501,-0.014189704321324825,0.6845295429229736,0.4667114019393921,-0.026628633961081505,0.6776232719421387,0.40563422441482544,-0.03562065213918686,0.6723259687423706,0.35213449597358704,-0.04365129396319389,0.7357324361801147,0.568668007850647,-0.02037726901471615,0.7558258771896362,0.4566006064414978,-0.03391331061720848,0.7645127177238464,0.3856204152107239,-0.04500209167599678,0.7726759910583496,0.3274509012699127,-0.05245954915881157,0.76369708776474,0.606191098690033,-0.02878585271537304,0.7670267224311829,0.5476592779159546,-0.050844501703977585,0.7418736219406128,0.5896910429000854,-0.05904127284884453,0.7281422019004822,0.6258493661880493,-0.059466637670993805,0.7829962968826294,0.6604297757148743,-0.03858088701963425,0.7748980522155762,0.6272331476211548,-0.058551933616399765,0.7483274340629578,0.6556199789047241,-0.0622883066534996,0.7323558330535889,0.6858662962913513,-0.06179375201463699,V
0.735569953918457,0.8442426323890686,5.045012017035333e-07,0.6997349858283997,0.8033707141876221,-0.021469730883836746,0.6834559440612793,0.7106616497039795,-0.029921934008598328,0.7201698422431946,0.6478360891342163,-0.03906252235174179,0.7591103315353394,0.6230864524841309,-0.047714963555336,0.6752658486366272,0.5828366875648499,-0.014508518390357494,0.6510540246963501,0.4865191578865051,-0.027462119236588478,0.6353603601455688,0.42551013827323914,-0.03716360777616501,0.6220266222953796,0.37346816062927246,-0.04508400708436966,0.712974488735199,0.5695882439613342,-0.017201561480760574,0.7179826498031616,0.4503869116306305,-0.030603185296058655,0.7214092016220093,0.375995934009552,-0.04327523335814476,0.7252399921417236,0.31165996193885803,-0.051662951707839966,0.7440979480743408,0.5938483476638794,-0.022692881524562836,0.75275057554245,0.5379510521888733,-0.04433338716626167,0.7411309480667114,0.5936703085899353,-0.05311588943004608,0.7348296642303467,0.637463390827179,-0.05325203388929367,0.7688485980033875,0.6352222561836243,-0.03006584756076336,0.766311526298523,0.6104335188865662,-0.04832849279046059,0.7518587708473206,0.6457937359809875,-0.0516691654920578,0.7442383170127869,0.6760823726654053,-0.05057823285460472,V
0.7212635278701782,0.8576557636260986,5.691845217370428e-07,0.6900444030761719,0.8082264065742493,-0.021804507821798325,0.6836175918579102,0.7096543908119202,-0.030768560245633125,0.7297511100769043,0.6596100926399231,-0.04015842825174332,0.7712602019309998,0.6449983716011047,-0.049233973026275635,0.6866685152053833,0.5846651196479797,-0.018207252025604248,0.6720069050788879,0.48248958587646484,-0.03241145610809326,0.6633436679840088,0.4159567952156067,-0.04239509999752045,0.6560372114181519,0.3592957556247711,-0.05045763775706291,0.7262295484542847,0.5829287767410278,-0.02080206759274006,0.7506126165390015,0.4697256088256836,-0.035693734884262085,0.7676719427108765,0.40052032470703125,-0.04737577959895134,0.7826276421546936,0.3420422077178955,-0.054596561938524246,0.7540335059165955,0.6161109209060669,-0.02605881169438362,0.7703130841255188,0.5696737170219421,-0.04824228212237358,0.7520319819450378,0.6263644099235535,-0.053870659321546555,0.7405498027801514,0.6653373837471008,-0.05178624019026756,0.7734209895133972,0.664993941783905,-0.03330657631158829,0.7771695852279663,0.636789858341217,-0.05251666158437729,0.7588215470314026,0.6745466589927673,-0.053688861429691315,0.7467421293258667,0.7046205997467041,-0.05067933723330498,V
0.7317848801612854,0.8659716844558716,5.80723678922368e-07,0.6996281743049622,0.8146767616271973,-0.023209083825349808,0.6948535442352295,0.7186464071273804,-0.032440703362226486,0.7419329881668091,0.6682965159416199,-0.04165036976337433,0.7831670641899109,0.6499566435813904,-0.05033470690250397,0.6960996985435486,0.5920794010162354,-0.01744840294122696,0.6799988746643066,0.492109090089798,-0.031273216009140015,0.6701184511184692,0.42616626620292664,-0.04143187403678894,0.6623601317405701,0.3695457875728607,-0.04958366975188255,0.7362964749336243,0.5877399444580078,-0.019058948382735252,0.7628127932548523,0.4758230447769165,-0.03310992941260338,0.7827644348144531,0.4084625244140625,-0.04466106370091438,0.7998215556144714,0.3534909188747406,-0.05191571265459061,0.7639955878257751,0.6201868057250977,-0.02361484058201313,0.7808464765548706,0.5721541047096252,-0.04516097530722618,0.7654560804367065,0.6240424513816833,-0.05185014754533768,0.7554782629013062,0.660033106803894,-0.05087285861372948,0.7831568121910095,0.6689037680625916,-0.03026687353849411,0.7896324992179871,0.6362504959106445,-0.04885631799697876,0.7730837464332581,0.6722493767738342,-0.05025608092546463,0.7613970041275024,0.7024274468421936,-0.047644324600696564,V
0.6804302930831909,0.8678125143051147,6.197844300004363e-07,0.6343525052070618,0.8152651190757751,-0.02139177918434143,0.6108397841453552,0.6988131999969482,-0.03164057433605194,0.6536836624145508,0.6265252828598022,-0.04425150901079178,0.7033196091651917,0.6042081117630005,-0.05688491836190224,0.6279299855232239,0.5422991514205933,-0.017725709825754166,0.6048912405967712,0.42271238565444946,-0.03451840579509735,0.5918941497802734,0.34665584564208984,-0.04656807705760002,0.5825974941253662,0.2802090048789978,-0.05715624615550041,0.6742030382156372,0.5375066995620728,-0.025136291980743408,0.6961321830749512,0.3940078020095825,-0.0446159690618515,0.7089458107948303,0.3032270669937134,-0.06036899611353874,0.7220644354820251,0.22870251536369324,-0.07074342668056488,0.7098054885864258,0.5762847065925598,-0.03546368330717087,0.7182057499885559,0.49573037028312683,-0.06566814333200455,0.6888878345489502,0.5598116517066956,-0.07580017298460007,0.6716588735580444,0.611544132232666,-0.07580826431512833,0.7370290756225586,0.6368653774261475,-0.047531500458717346,0.7287973165512085,0.5938999056816101,-0.07585359364748001,0.6990424990653992,0.6390013098716736,-0.08129166811704636,0.6803761124610901,0.6816757917404175,-0.0804697647690773,V
0.7489579319953918,0.904663622379303,7.1176225446834e-07,0.704475998878479,0.847671627998352,-0.028786398470401764,0.6901587843894958,0.7183485627174377,-0.039157647639513016,0.7451992034912109,0.6452491283416748,-0.05002867057919502,0.7992306351661682,0.6232226490974426,-0.06003126874566078,0.6931055784225464,0.5508884191513062,-0.018926242366433144,0.6708397269248962,0.42231208086013794,-0.03573715686798096,0.6569402813911438,0.34054675698280334,-0.04792563617229462,0.6458988785743713,0.2701965272426605,-0.05818039923906326,0.7436614632606506,0.5427520275115967,-0.021947726607322693,0.7684389352798462,0.3942265808582306,-0.040770284831523895,0.7864643931388855,0.30294129252433777,-0.056804172694683075,0.8029958605766296,0.224089115858078,-0.0669480487704277,0.7801677584648132,0.5829529166221619,-0.028804654255509377,0.798555850982666,0.5160028338432312,-0.05836484953761101,0.7764512896537781,0.5915402173995972,-0.0682937279343605,0.7618939280509949,0.6445733308792114,-0.06734823435544968,0.8066938519477844,0.6445661187171936,-0.038267459720373154,0.8101845979690552,0.611980140209198,-0.06486332416534424,0.7870934009552002,0.6607723236083984,-0.06943383067846298,0.7712946534156799,0.699100136756897,-0.06772521138191223,V
0.7699159383773804,1.0005686283111572,2.872078255222732e-07,0.7394784688949585,0.95680832862854,-0.024650948122143745,0.7288807034492493,0.8639038801193237,-0.026692885905504227,0.7698484659194946,0.815694272518158,-0.024814831092953682,0.8078934550285339,0.8100155591964722,-0.02297329716384411,0.7169060111045837,0.731664776802063,-0.008840766735374928,0.6927546262741089,0.6310210227966309,-0.015250859782099724,0.6785944104194641,0.5673868060112,-0.023366961628198624,0.665789783000946,0.5082752108573914,-0.03093353845179081,0.7527120113372803,0.7165220379829407,-0.010648047551512718,0.7464308142662048,0.5981236696243286,-0.011780123226344585,0.7447972893714905,0.5241032838821411,-0.01986030675470829,0.7423381805419922,0.46026504039764404,-0.026868149638175964,0.783001720905304,0.7363635301589966,-0.016834214329719543,0.7973458170890808,0.6352189183235168,-0.030811065807938576,0.8029515147209167,0.5670620203018188,-0.05209110677242279,0.8044009208679199,0.49755561351776123,-0.06733686476945877,0.8131635785102844,0.7831472158432007,-0.024882251396775246,0.8303817510604858,0.7334693074226379,-0.041738737374544144,0.8276688456535339,0.7706732153892517,-0.04651287943124771,0.8215805292129517,0.81414395570755,-0.04988083615899086,W
0.7699350714683533,0.9358072280883789,3.35475533574936e-07,0.7279722690582275,0.8744632005691528,-0.025922482833266258,0.7103094458580017,0.7541561722755432,-0.02889649011194706,0.7582823634147644,0.6950165629386902,-0.029250532388687134,0.8071235418319702,0.6861706376075745,-0.03051180951297283,0.7128257155418396,0.5932595729827881,-0.007089297287166119,0.6879417896270752,0.4706341624259949,-0.014637061394751072,0.6752030253410339,0.39418095350265503,-0.024350833147764206,0.6636840105056763,0.32502129673957825,-0.03400105983018875,0.7579520344734192,0.57840895652771,-0.011321157217025757,0.757849931716919,0.4327845573425293,-0.015119215473532677,0.7605693340301514,0.3436753749847412,-0.026323402300477028,0.7601331472396851,0.2670639157295227,-0.03572029620409012,0.7951684594154358,0.6043501496315002,-0.020420406013727188,0.8161595463752747,0.4840523898601532,-0.03743351623415947,0.8261699676513672,0.40017277002334595,-0.06197242811322212,0.8306564688682556,0.3173440992832184,-0.079911008477211,0.8293589353561401,0.6629101634025574,-0.03161270543932915,0.8499698638916016,0.5982037782669067,-0.05145079270005226,0.8434355854988098,0.6395458579063416,-0.057078272104263306,0.8327904343605042,0.6870533227920532,-0.06141513213515282,W
0.7044919729232788,0.8252952694892883,2.085138959273536e-07,0.6713545322418213,0.7883630990982056,-0.019319012761116028,0.6546121835708618,0.700476348400116,-0.021146804094314575,0.6893850564956665,0.651119589805603,-0.020854925736784935,0.7264705896377563,0.6455987691879272,-0.02148992009460926,0.6578059196472168,0.5857650637626648,-0.006446897052228451,0.6386551260948181,0.49922794103622437,-0.012074964120984077,0.6285315752029419,0.444499671459198,-0.01952538453042507,0.6191806793212891,0.3971240222454071,-0.026950044557452202,0.690994918346405,0.5734186172485352,-0.008619695901870728,0.6900933384895325,0.4713733196258545,-0.01055235043168068,0.6902250051498413,0.4097968339920044,-0.018186524510383606,0.6883150339126587,0.3594139516353607,-0.025057420134544373,0.7188634872436523,0.5903331637382507,-0.014353699050843716,0.731342077255249,0.5019534230232239,-0.02592417597770691,0.7361329197883606,0.445676326751709,-0.04306957870721817,0.7376657724380493,0.3920884132385254,-0.05610854551196098,0.7436749935150146,0.6294763684272766,-0.021703895181417465,0.7537769675254822,0.5836675763130188,-0.03724602609872818,0.7511083483695984,0.6132035255432129,-0.042633894830942154,0.746351420879364,0.6462585926055908,-0.046689409762620926,W
0.7186951637268066,0.8687235116958618,2.348213712366487e-07,0.6897563934326172,0.8313026428222656,-0.021216779947280884,0.6803882718086243,0.7536094784736633,-0.023672504350543022,0.7140128016471863,0.7072729468345642,-0.02312747947871685,0.7436763048171997,0.6909322142601013,-0.022398771718144417,0.6751186847686768,0.6398564577102661,-0.009222067892551422,0.6549035310745239,0.5549280643463135,-0.015386395156383514,0.6436105966567993,0.5011768937110901,-0.02224387787282467,0.63438880443573,0.45295679569244385,-0.028783967718482018,0.7081142663955688,0.6254512071609497,-0.010912377387285233,0.7079451680183411,0.5229206085205078,-0.013877538032829762,0.7098437547683716,0.4623824954032898,-0.021637598052620888,0.7101073265075684,0.4102063477039337,-0.02834985964000225,0.7350472807884216,0.6411683559417725,-0.016267849132418633,0.7524351477622986,0.5592558979988098,-0.028067173436284065,0.7620669603347778,0.5058295726776123,-0.044382382184267044,0.7672127485275269,0.45165199041366577,-0.056385308504104614,0.7594245672225952,0.6816011071205139,-0.02335050143301487,0.772270917892456,0.6335455179214478,-0.03552538529038429,0.7674498558044434,0.6595413088798523,-0.03823980689048767,0.7593316435813904,0.6901218891143799,-0.04083380848169327,W
0.716507077217102,0.8745319247245789,2.4422936917289917e-07,0.6870071291923523,0.8421988487243652,-0.023636288940906525,0.6752117872238159,0.7630133628845215,-0.026989387348294258,0.7105486989021301,0.7143067121505737,-0.026992611587047577,0.7444632053375244,0.6969105005264282,-0.027112875133752823,0.6648673415184021,0.6506672501564026,-0.01108870841562748,0.6423367261886597,0.5672707557678223,-0.018252164125442505,0.6296188831329346,0.5137560367584229,-0.0261185672134161,0.618899405002594,0.46453288197517395,-0.03341116011142731,0.6969404220581055,0.6313697695732117,-0.011484561488032341,0.6932258605957031,0.5301167964935303,-0.014656403101980686,0.6936507225036621,0.4678952693939209,-0.02276833914220333,0.6926894783973694,0.4136573076248169,-0.029858767986297607,0.723987340927124,0.6428020596504211,-0.015736937522888184,0.7384251356124878,0.5595991611480713,-0.028143612667918205,0.7461017966270447,0.5049105286598206,-0.045254018157720566,0.7493559718132019,0.4492509961128235,-0.05802507698535919,0.7494800686836243,0.6778978705406189,-0.02195359393954277,0.7622933387756348,0.6350218057632446,-0.03647848218679428,0.7603882551193237,0.6657698154449463,-0.04076218232512474,0.7552418112754822,0.6983833909034729,-0.044218581169843674,W
0.6993633508682251,0.8867784738540649,2.5788233415369177e-07,0.670454204082489,0.843504011631012,-0.02271081879734993,0.666993260383606,0.7669856548309326,-0.025021012872457504,0.7049428224563599,0.734184980392456,-0.02340427041053772,0.7361577153205872,0.7289528250694275,-0.021269088611006737,0.6742025017738342,0.6518735289573669,-0.011856736615300179,0.6611497402191162,0.5628214478492737,-0.01883842796087265,0.6544725298881531,0.5057207345962524,-0.0253758504986763,0.6498586535453796,0.45402032136917114,-0.03133469074964523,0.7081648111343384,0.6476386785507202,-0.013577503152191639,0.7174485325813293,0.5447907447814941,-0.018396789208054543,0.7250767350196838,0.4832136034965515,-0.025664497166872025,0.7299505472183228,0.4295614957809448,-0.031111186370253563,0.7324322462081909,0.6705123782157898,-0.019237341359257698,0.7581159472465515,0.5921719670295715,-0.034128352999687195,0.7735944390296936,0.5407896637916565,-0.05107547715306282,0.783043384552002,0.48523879051208496,-0.06216572970151901,0.7525105476379395,0.7209118604660034,-0.026517610996961594,0.7697723507881165,0.6749504804611206,-0.040183648467063904,0.762101411819458,0.7055589556694031,-0.04195144400000572,0.7485910058021545,0.7412245869636536,-0.04320286586880684,W
0.6976244449615479,0.886914849281311,2.824566252002114e-07,0.6730927228927612,0.8381471633911133,-0.020260460674762726,0.6728231906890869,0.7598671913146973,-0.024904487654566765,0.7123134136199951,0.7311185598373413,-0.027081066742539406,0.7452337741851807,0.737437903881073,-0.0297138299793005,0.6908655166625977,0.650408923625946,-0.012140434235334396,0.6866178512573242,0.5602641105651855,-0.01900891587138176,0.6868903040885925,0.5021787881851196,-0.025948580354452133,0.6881157159805298,0.45037683844566345,-0.0330008901655674,0.725484311580658,0.6549952626228333,-0.014866978861391544,0.7442758083343506,0.5599806308746338,-0.02035103365778923,0.7596611380577087,0.5029547214508057,-0.028858257457613945,0.7719119787216187,0.4527095556259155,-0.035980552434921265,0.7491056323051453,0.6864256262779236,-0.020757896825671196,0.7808104753494263,0.6178544759750366,-0.034658584743738174,0.8003130555152893,0.5709865689277649,-0.05108701065182686,0.8155781030654907,0.522255003452301,-0.06301627308130264,0.765471339225769,0.7385830283164978,-0.028042547404766083,0.7847923040390015,0.6992359757423401,-0.04282976686954498,0.7744343876838684,0.721987247467041,-0.0465855747461319,0.7614419460296631,0.7458697557449341,-0.049663253128528595,W
0.7147175073623657,0.9188416004180908,2.879836245028855e-07,0.6848901510238647,0.8773329854011536,-0.022212140262126923,0.6756080985069275,0.8031647205352783,-0.025937365368008614,0.7114899158477783,0.7702333331108093,-0.026378121227025986,0.7468674778938293,0.7656661868095398,-0.02644502744078636,0.6807061433792114,0.6805393099784851,-0.012012941762804985,0.6622403860092163,0.5894218683242798,-0.0205287653952837,0.6530197262763977,0.5309516191482544,-0.028234921395778656,0.6466314792633057,0.4778991639614105,-0.034909944981336594,0.715390145778656,0.6717678904533386,-0.014519108459353447,0.7214442491531372,0.5622378587722778,-0.02148061990737915,0.7277004718780518,0.49637922644615173,-0.029843645170331,0.7315896153450012,0.43898817896842957,-0.03572485223412514,0.7414548993110657,0.693890392780304,-0.020831167697906494,0.765208899974823,0.6086550951004028,-0.03706551715731621,0.7799142599105835,0.5540254712104797,-0.05379122495651245,0.7886599898338318,0.4964050054550171,-0.06433965265750885,0.7639850378036499,0.7442200779914856,-0.028694339096546173,0.7822876572608948,0.6910050511360168,-0.042571283876895905,0.7762065529823303,0.7201815247535706,-0.043614186346530914,0.764591634273529,0.7554776668548584,-0.04419363662600517,W
0.7177131175994873,0.9140703082084656,2.255952580298981e-07,0.6873087286949158,0.8856342434883118,-0.02403455600142479,0.67161625623703,0.8166634440422058,-0.028618043288588524,0.702627420425415,0.7659567594528198,-0.029646500945091248,0.73570317029953,0.738745391368866,-0.030067788437008858,0.6573050022125244,0.6984448432922363,-0.01218053326010704,0.6279067397117615,0.6189184784889221,-0.021048864349722862,0.609528124332428,0.5694321990013123,-0.02972138300538063,0.5934227705001831,0.5219455361366272,-0.037033822387456894,0.6877312660217285,0.6737097501754761,-0.013280188664793968,0.6739965677261353,0.5686911344528198,-0.018200842663645744,0.667146623134613,0.5041021704673767,-0.026251675561070442,0.6594096422195435,0.44785046577453613,-0.03265970200300217,0.7154439687728882,0.6825841069221497,-0.01835670694708824,0.7254341244697571,0.5934487581253052,-0.03200732171535492,0.7307379245758057,0.5353067517280579,-0.047652557492256165,0.7302287817001343,0.47643962502479553,-0.05842513218522072,0.743672251701355,0.7172992825508118,-0.02546805888414383,0.7550861239433289,0.6642002463340759,-0.03854683041572571,0.7535629868507385,0.6942288875579834,-0.03976963832974434,0.7481266856193542,0.7306326031684875,-0.04068044573068619,W
0.7205060124397278,0.9144971370697021,2.5572842332621804e-07,0.6905620098114014,0.8883958458900452,-0.025903264060616493,0.6765812635421753,0.8239503502845764,-0.032073795795440674,0.70823734998703,0.7753521800041199,-0.03441488370299339,0.7400603294372559,0.7450129389762878,-0.03635973110795021,0.6590298414230347,0.7068184018135071,-0.015277675352990627,0.630030632019043,0.6286766529083252,-0.025618109852075577,0.6120611429214478,0.5788504481315613,-0.03503561392426491,0.5963162779808044,0.53099125623703,-0.04271331802010536,0.6886349320411682,0.6789916753768921,-0.015425806865096092,0.6760562658309937,0.5745511651039124,-0.022215591743588448,0.6703333258628845,0.5084308385848999,-0.030973883345723152,0.6634572744369507,0.4501206874847412,-0.037480831146240234,0.7159640789031982,0.6855476498603821,-0.019529949873685837,0.7253847122192383,0.5950755476951599,-0.03457142412662506,0.7304979562759399,0.535657525062561,-0.050780560821294785,0.7298370599746704,0.4754902720451355,-0.061703722923994064,0.7445554137229919,0.718082845211029,-0.025710200890898705,0.757347047328949,0.667948305606842,-0.04052054136991501,0.7565046548843384,0.6989080309867859,-0.04290425404906273,0.7517781257629395,0.7350284457206726,-0.044260602444410324,W
0.7184754610061646,0.9103773832321167,2.5711597118061036e-07,0.6888467073440552,0.8781012296676636,-0.02444443292915821,0.6772491335868835,0.806891143321991,-0.029307780787348747,0.712206244468689,0.7560685873031616,-0.030826140195131302,0.7464065551757812,0.7280107140541077,-0.03210461139678955,0.6612849235534668,0.6928139328956604,-0.011875628493726254,0.6335463523864746,0.6096975207328796,-0.020345667377114296,0.6180313229560852,0.5562272071838379,-0.02904067561030388,0.6046370267868042,0.5057939887046814,-0.036576803773641586,0.6924622058868408,0.6678732633590698,-0.01278260350227356,0.6829977631568909,0.5640695095062256,-0.017430227249860764,0.67974853515625,0.4987826347351074,-0.02653072029352188,0.6751022934913635,0.44126230478286743,-0.03399521857500076,0.7200068831443787,0.6760261058807373,-0.017606519162654877,0.7318364381790161,0.5858972668647766,-0.031038982793688774,0.7388924956321716,0.527199387550354,-0.04766705632209778,0.7404223084449768,0.46934062242507935,-0.05946783721446991,0.7480530142784119,0.7097519040107727,-0.02443777211010456,0.7593576908111572,0.6574254035949707,-0.03744854778051376,0.7577493190765381,0.6880763173103333,-0.039276011288166046,0.7526296377182007,0.7259634733200073,-0.040904559195041656,W
0.7143746018409729,0.897625744342804,2.438886781419569e-07,0.6860565543174744,0.8654470443725586,-0.025756770744919777,0.67531418800354,0.7911635637283325,-0.03039034828543663,0.7106568217277527,0.7458669543266296,-0.030864188447594643,0.7451991438865662,0.7306106090545654,-0.03071454167366028,0.6669898629188538,0.674585223197937,-0.014362255111336708,0.6440243721008301,0.5903142690658569,-0.02297959290444851,0.6303731203079224,0.5369366407394409,-0.031138431280851364,0.6192318201065063,0.48787394165992737,-0.038108646869659424,0.6989177465438843,0.656207799911499,-0.014530343934893608,0.6934078931808472,0.5511317253112793,-0.0196981243789196,0.6930614709854126,0.4865493178367615,-0.02746317721903324,0.6911453008651733,0.4308846592903137,-0.03348961099982262,0.725358784198761,0.6691957712173462,-0.018787890672683716,0.7413239479064941,0.5831106305122375,-0.033235736191272736,0.7511337995529175,0.5278587341308594,-0.049530621618032455,0.7548946142196655,0.4705542027950287,-0.060600463300943375,0.7508322596549988,0.7087517380714417,-0.025139566510915756,0.7656964659690857,0.6612027883529663,-0.039336949586868286,0.7629534006118774,0.6922901272773743,-0.04160011187195778,0.7549597024917603,0.7288285493850708,-0.043141454458236694,W
0.7155027985572815,0.9058021306991577,2.40801483641917e-07,0.6871706247329712,0.8700495958328247,-0.02525820955634117,0.6755643486976624,0.7940636873245239,-0.02857714146375656,0.712687075138092,0.7569355964660645,-0.027460256591439247,0.7493878602981567,0.7499513626098633,-0.02598949708044529,0.6738952398300171,0.6787182092666626,-0.015578124672174454,0.6519721150398254,0.5910162329673767,-0.024463418871164322,0.6397194862365723,0.5365222096443176,-0.032587841153144836,0.6298069953918457,0.48496925830841064,-0.03940481320023537,0.7073538899421692,0.6639097332954407,-0.016239793971180916,0.7059480547904968,0.557198703289032,-0.02051820047199726,0.7068091034889221,0.49195224046707153,-0.028047233819961548,0.706630289554596,0.4349064230918884,-0.03415687009692192,0.7336827516555786,0.6805490851402283,-0.02100943587720394,0.7519596219062805,0.5938937067985535,-0.03570971637964249,0.762803852558136,0.537781834602356,-0.05367797613143921,0.7682590484619141,0.4777657985687256,-0.06594941020011902,0.758659303188324,0.7237091064453125,-0.02765790745615959,0.7736397385597229,0.6767178177833557,-0.042318545281887054,0.7697638273239136,0.7081493139266968,-0.04526583477854729,0.7603394389152527,0.7453430891036987,-0.04747103899717331,W
0.717323362827301,0.9115962982177734,2.562244958426163e-07,0.6873589158058167,0.8768703937530518,-0.02641155757009983,0.6756913065910339,0.805101752281189,-0.031569045037031174,0.7124022245407104,0.7639762759208679,-0.03234954550862312,0.7483086585998535,0.7499844431877136,-0.03258255124092102,0.6685678958892822,0.6899415254592896,-0.016175875440239906,0.6446131467819214,0.6052308082580566,-0.025856373831629753,0.6299862265586853,0.5517960786819458,-0.03450418636202812,0.6176902055740356,0.5011575818061829,-0.04163496196269989,0.7009566426277161,0.6703137159347534,-0.01633366197347641,0.6940057277679443,0.564078688621521,-0.021983807906508446,0.6915397047996521,0.49758559465408325,-0.029953308403491974,0.6884525418281555,0.4401833415031433,-0.03608471900224686,0.7282896041870117,0.6836670637130737,-0.020613323897123337,0.7441319823265076,0.5974892377853394,-0.035991307348012924,0.7538439631462097,0.5412476658821106,-0.053195517510175705,0.7580975294113159,0.4832266569137573,-0.06464337557554245,0.7550293803215027,0.7231932282447815,-0.026913821697235107,0.7687987685203552,0.6777408123016357,-0.042041148990392685,0.7661154866218567,0.7097386121749878,-0.04474806413054466,0.7587871551513672,0.7473334670066833,-0.04643664509057999,W
0.7136543393135071,0.9142422080039978,2.52242500664579e-07,0.6838654279708862,0.8736151456832886,-0.0194549560546875,0.6746273040771484,0.794105589389801,-0.0212177112698555,0.7096791863441467,0.753581166267395,-0.02048122137784958,0.7422346472740173,0.7478950023651123,-0.019586434587836266,0.6732797622680664,0.6793423891067505,-0.00704102823510766,0.6523932218551636,0.5899773836135864,-0.013136913068592548,0.6410166025161743,0.5329431295394897,-0.01960878074169159,0.632078230381012,0.4816683530807495,-0.025892572477459908,0.706771969795227,0.668071985244751,-0.010539053939282894,0.7058088183403015,0.5616607666015625,-0.015061518177390099,0.7077212929725647,0.4974800944328308,-0.023492010310292244,0.708281397819519,0.4424852430820465,-0.030196761712431908,0.7335988283157349,0.6866459846496582,-0.017698882147669792,0.7524265646934509,0.5993875861167908,-0.03131738305091858,0.7635191679000854,0.54410320520401,-0.04821011424064636,0.769345760345459,0.48738956451416016,-0.05982718616724014,0.7579447031021118,0.731349766254425,-0.026340937241911888,0.7717993259429932,0.6781370639801025,-0.038207508623600006,0.7668224573135376,0.7058785557746887,-0.039724528789520264,0.7580867409706116,0.7397291660308838,-0.041450317949056625,W
0.7551846504211426,0.9358958601951599,-1.44312593874929e-07,0.7206848859786987,0.9025444984436035,-0.014648282900452614,0.692231297492981,0.7979777455329895,-0.02117782086133957,0.7159894704818726,0.7187319397926331,-0.030835209414362907,0.7532408237457275,0.6977667808532715,-0.03824101760983467,0.6986571550369263,0.6846774816513062,0.004562724847346544,0.6937479972839355,0.5836068391799927,-0.014950686134397984,0.692238986492157,0.5404433012008667,-0.024957619607448578,0.6947053670883179,0.5420784950256348,-0.02909686043858528,0.730640172958374,0.6907017827033997,-0.00017664411279838532,0.7298651337623596,0.6338660717010498,-0.03002302348613739,0.7215358018875122,0.6982690095901489,-0.03520563244819641,0.7179277539253235,0.737638533115387,-0.028818665072321892,0.7617762684822083,0.7118965983390808,-0.009693213738501072,0.7612627148628235,0.6747751832008362,-0.03623161464929581,0.7482091188430786,0.7362653017044067,-0.031109638512134552,0.7424147129058838,0.760452389717102,-0.01933908276259899,0.7909404635429382,0.7423809170722961,-0.021442968398332596,0.7854883074760437,0.7198730707168579,-0.03494592383503914,0.7716830372810364,0.761046290397644,-0.029052088037133217,0.7678151726722717,0.7779713869094849,-0.020033061504364014,X
0.7567926049232483,0.9293416738510132,-8.751549529506519e-08,0.7234457731246948,0.8966141939163208,-0.01340094581246376,0.6987712383270264,0.8058919310569763,-0.019309164956212044,0.7184088826179504,0.7334470152854919,-0.026894139125943184,0.749189019203186,0.699198842048645,-0.033292505890131,0.692855179309845,0.679411768913269,0.001967299496755004,0.6882628202438354,0.5957275629043579,-0.013164499774575233,0.685772716999054,0.549273669719696,-0.02227466180920601,0.6841519474983215,0.5333175659179688,-0.028018111363053322,0.7251196503639221,0.6812443137168884,-0.0033489831257611513,0.7246385812759399,0.6007681488990784,-0.02792927622795105,0.7208889722824097,0.6620309352874756,-0.033000070601701736,0.7186369299888611,0.7119468450546265,-0.028594357892870903,0.7558791637420654,0.6996511816978455,-0.012175525538623333,0.7567301988601685,0.6309887170791626,-0.03604716435074806,0.7464337944984436,0.6968224048614502,-0.031367626041173935,0.7406100034713745,0.7390694618225098,-0.021479440852999687,0.7851310968399048,0.7321127653121948,-0.022699683904647827,0.778776228427887,0.6979011297225952,-0.03972599655389786,0.7657454013824463,0.7480869889259338,-0.036272481083869934,0.759421706199646,0.7807069420814514,-0.029477320611476898,X
0.755513608455658,0.9323818683624268,-1.4873667453230155e-07,0.7228161692619324,0.8992260098457336,-0.013309428468346596,0.6987218260765076,0.8016353845596313,-0.019796645268797874,0.717110812664032,0.7239279747009277,-0.028905224055051804,0.7463145852088928,0.6881806254386902,-0.0360395647585392,0.6992963552474976,0.6768866777420044,0.002861783839762211,0.6962206959724426,0.5843386650085449,-0.016636298969388008,0.6936298608779907,0.5415286421775818,-0.02641216479241848,0.6943843960762024,0.542585015296936,-0.030240094289183617,0.7287628054618835,0.6822109222412109,-0.0027151538524776697,0.7281569242477417,0.602461040019989,-0.03041352704167366,0.7194905877113342,0.66668701171875,-0.03412764519453049,0.7164580225944519,0.7127915024757385,-0.027269704267382622,0.7584366798400879,0.7022342085838318,-0.012583848088979721,0.7580828070640564,0.632981538772583,-0.03896314278244972,0.7446960806846619,0.6986421346664429,-0.03229647874832153,0.7393636703491211,0.7357441782951355,-0.01980487070977688,0.7863534092903137,0.7339923977851868,-0.02426653541624546,0.7795735001564026,0.6951385140419006,-0.04108688235282898,0.7647977471351624,0.7408193945884705,-0.03567992150783539,0.7597923874855042,0.7694255709648132,-0.026738453656435013,X
0.758279025554657,0.9289737939834595,-2.2580196912258543e-07,0.7258497476577759,0.885800838470459,-0.012296631000936031,0.7002916932106018,0.7934479713439941,-0.021559184417128563,0.6998329758644104,0.7185015082359314,-0.03403901681303978,0.726398766040802,0.6915158629417419,-0.04461892694234848,0.7173417210578918,0.6662392020225525,0.003003739519044757,0.7199937701225281,0.567172646522522,-0.018617616966366768,0.7106425166130066,0.5311818718910217,-0.03221794217824936,0.6998046636581421,0.5302135944366455,-0.03901909664273262,0.7432779669761658,0.6781572103500366,-0.004022123292088509,0.7371680736541748,0.6017706990242004,-0.03161527216434479,0.7220876812934875,0.6533898711204529,-0.038445208221673965,0.7156372666358948,0.6981990337371826,-0.035410571843385696,0.7694301605224609,0.7032682299613953,-0.015261703170835972,0.7635546326637268,0.6324155330657959,-0.042555563151836395,0.742132306098938,0.6879522800445557,-0.04010732099413872,0.731951892375946,0.7294856905937195,-0.031071778386831284,0.7947834134101868,0.7393944263458252,-0.02803964912891388,0.7782956957817078,0.7006092071533203,-0.04519958421587944,0.7569331526756287,0.7409303784370422,-0.041999638080596924,0.7480164170265198,0.7744181156158447,-0.035167284309864044,X
0.7556366920471191,0.9207242131233215,-3.4746882704439486e-08,0.7266244292259216,0.8775718212127686,-0.021131467074155807,0.7155152559280396,0.7947306632995605,-0.032404910773038864,0.7389776110649109,0.725176990032196,-0.04383910074830055,0.7652307748794556,0.6850352883338928,-0.0526389516890049,0.6956651210784912,0.6740843653678894,-0.0036435159854590893,0.6848986148834229,0.5887796878814697,-0.020844178274273872,0.6843882203102112,0.5444982647895813,-0.03293386846780777,0.6909601092338562,0.5391734838485718,-0.040153950452804565,0.7314276099205017,0.6724889278411865,-0.003973575308918953,0.7330583930015564,0.5955405831336975,-0.026409033685922623,0.734976589679718,0.6513561010360718,-0.03224257007241249,0.7350428700447083,0.6957698464393616,-0.029647665098309517,0.7637472748756409,0.6876034736633301,-0.008599343709647655,0.7660610675811768,0.6215029954910278,-0.026768812909722328,0.7605887055397034,0.6651101112365723,-0.0229455828666687,0.7548503875732422,0.7054594159126282,-0.01590125262737274,0.7927819490432739,0.7207816243171692,-0.016178546473383904,0.7962151765823364,0.6700226068496704,-0.03013874776661396,0.7837367057800293,0.6927692890167236,-0.028950678184628487,0.7705941796302795,0.718405544757843,-0.0248639564961195,X
0.7644654512405396,0.9171286225318909,2.0345638063190563e-08,0.7454356551170349,0.8663499355316162,-0.02993687056005001,0.7414146661758423,0.7877309918403625,-0.0423174649477005,0.773554801940918,0.7195758819580078,-0.052254993468523026,0.8032552003860474,0.6828742623329163,-0.05757914111018181,0.7075595855712891,0.6527943015098572,-0.006578805390745401,0.6963840126991272,0.5677747130393982,-0.027059176936745644,0.703694760799408,0.5225931406021118,-0.038892000913619995,0.7216421961784363,0.5301985740661621,-0.044131696224212646,0.7451167106628418,0.6557595729827881,-0.001226994558237493,0.7605229616165161,0.5882581472396851,-0.026860808953642845,0.7644764184951782,0.6520953178405762,-0.0296157393604517,0.7627934813499451,0.6965439915657043,-0.022540699690580368,0.7786057591438293,0.6746914386749268,-0.0019908191170543432,0.7951644062995911,0.6257534623146057,-0.023578643798828125,0.7920027375221252,0.6772677302360535,-0.017347993329167366,0.783179521560669,0.7115678787231445,-0.006870955694466829,0.8057394027709961,0.715273380279541,-0.006646608002483845,0.8234326243400574,0.6792179942131042,-0.02441517263650894,0.8149939775466919,0.7132202982902527,-0.023727526888251305,0.8013349771499634,0.7378661036491394,-0.018196076154708862,X
0.7591754794120789,0.9219762682914734,-8.923063177235235e-08,0.7283700704574585,0.8728572130203247,-0.012633910402655602,0.7161605358123779,0.7749797701835632,-0.01887858286499977,0.7389621138572693,0.7081327438354492,-0.027470339089632034,0.7705249786376953,0.6842347383499146,-0.03433544188737869,0.7262657880783081,0.6635707020759583,0.004554533865302801,0.7289316058158875,0.5797357559204102,-0.0116357933729887,0.7297888994216919,0.5355411171913147,-0.02114562690258026,0.7292524576187134,0.5295556783676147,-0.026081888005137444,0.7556449174880981,0.6739996671676636,-0.0010523868259042501,0.7602212429046631,0.594530463218689,-0.025827037170529366,0.7489014863967896,0.6475261449813843,-0.03146299719810486,0.7429854869842529,0.696864128112793,-0.027121063321828842,0.7835986018180847,0.7011045217514038,-0.010435471311211586,0.790844202041626,0.6298068165779114,-0.03340793028473854,0.7727267146110535,0.679987370967865,-0.029533470049500465,0.7625434994697571,0.7192623019218445,-0.02021734230220318,0.8093644380569458,0.7410460710525513,-0.021597806364297867,0.8057342171669006,0.7040768265724182,-0.03741596266627312,0.7862130999565125,0.7380842566490173,-0.034646160900592804,0.7756094932556152,0.7669691443443298,-0.028315365314483643,X
0.7527315616607666,0.9184410572052002,-1.894683663294927e-07,0.7226516604423523,0.8747708201408386,-0.012455292977392673,0.7016950249671936,0.7846134901046753,-0.02210058830678463,0.711632490158081,0.7139275074005127,-0.03464784845709801,0.7412552833557129,0.6901341676712036,-0.04510955512523651,0.7236177921295166,0.6537097096443176,-0.0009435050887987018,0.731221079826355,0.5624134540557861,-0.023538028821349144,0.7252061367034912,0.5221503973007202,-0.03563349321484566,0.7180579900741577,0.5241475701332092,-0.04082013666629791,0.7513823509216309,0.6711434125900269,-0.007964495569467545,0.751660943031311,0.6011014580726624,-0.035587504506111145,0.7325941920280457,0.6595038771629333,-0.038927771151065826,0.7256686687469482,0.7002741098403931,-0.03309035673737526,0.7782323360443115,0.703210711479187,-0.01924782060086727,0.7762848734855652,0.6415999531745911,-0.046700816601514816,0.7516862750053406,0.7017409205436707,-0.03995798900723457,0.7425881624221802,0.7375190258026123,-0.027793673798441887,0.802460789680481,0.7468833923339844,-0.0320940800011158,0.7883400321006775,0.7105074524879456,-0.04964001476764679,0.7640449404716492,0.7482247352600098,-0.04433245211839676,0.7546848058700562,0.7752001881599426,-0.03556917980313301,X
0.7428610324859619,0.9239583015441895,-2.264878986579788e-07,0.7124561667442322,0.8813304305076599,-0.011492100544273853,0.688651978969574,0.7872624397277832,-0.02103494480252266,0.6932695508003235,0.7129207849502563,-0.034040406346321106,0.7207357883453369,0.6905489563941956,-0.0450780875980854,0.7096424698829651,0.6613062620162964,0.0012896406697109342,0.7152593731880188,0.5612418055534363,-0.021319715306162834,0.7058857679367065,0.5257612466812134,-0.03337262198328972,0.6967648863792419,0.5309827327728271,-0.038305409252643585,0.7353261113166809,0.6755436658859253,-0.006311616860330105,0.7311062812805176,0.6027461886405945,-0.03417747840285301,0.7129321694374084,0.6603884100914001,-0.03775039315223694,0.7076165080070496,0.7011218070983887,-0.03177754208445549,0.7610871195793152,0.7041377425193787,-0.018277518451213837,0.7533887028694153,0.6425540447235107,-0.04538113251328468,0.7312919497489929,0.7016164064407349,-0.03936362639069557,0.7245001196861267,0.7373578548431396,-0.02771112695336342,0.7852249145507812,0.7439700365066528,-0.031913504004478455,0.7682479619979858,0.7085825204849243,-0.04832090437412262,0.7471863031387329,0.7504519820213318,-0.04287244379520416,0.7415424585342407,0.7807872295379639,-0.034295931458473206,X
0.7417932748794556,0.9181455373764038,-4.087525553586602e-07,0.702802300453186,0.8595550060272217,-0.006236399989575148,0.6774542331695557,0.7763816118240356,-0.018711630254983902,0.6699284911155701,0.7173683643341064,-0.03556043282151222,0.6890499591827393,0.686910092830658,-0.049974653869867325,0.7277734875679016,0.6420584917068481,-0.005186351947486401,0.72922283411026,0.538524866104126,-0.034715134650468826,0.7026671767234802,0.5167632102966309,-0.05040078982710838,0.6789696216583252,0.5392814874649048,-0.0561571903526783,0.7560843229293823,0.6606947779655457,-0.015638483688235283,0.7185884118080139,0.6097320914268494,-0.0442243255674839,0.6930920481681824,0.670984148979187,-0.0461919866502285,0.6953923106193542,0.7128013372421265,-0.04088139906525612,0.7747510075569153,0.695743978023529,-0.030259275808930397,0.7238836288452148,0.6589915752410889,-0.055530838668346405,0.7017530798912048,0.7176195979118347,-0.04434685409069061,0.7066635489463806,0.7511110305786133,-0.030828513205051422,0.7833751440048218,0.7391261458396912,-0.04661161080002785,0.7340769171714783,0.716473400592804,-0.06024227291345596,0.7106152176856995,0.7515683770179749,-0.051350779831409454,0.7106919288635254,0.7759227752685547,-0.040578778833150864,X
0.7697904706001282,0.932015061378479,1.4940770398652603e-08,0.7447357177734375,0.8872788548469543,-0.02774369902908802,0.7381288409233093,0.8071624040603638,-0.04165467619895935,0.7688843011856079,0.7375296354293823,-0.05442829802632332,0.7979313135147095,0.7030900120735168,-0.06337806582450867,0.7131924629211426,0.6699513792991638,-0.0066850269213318825,0.7018249034881592,0.5860428810119629,-0.027411341667175293,0.7054234743118286,0.5357570648193359,-0.03976934403181076,0.718873918056488,0.5382595062255859,-0.04571298882365227,0.751078724861145,0.6721640825271606,-0.003582811215892434,0.7610923051834106,0.6060643792152405,-0.031768884509801865,0.7644858360290527,0.6687889099121094,-0.03704170137643814,0.7653962969779968,0.7155104875564575,-0.031216060742735863,0.7835431694984436,0.6903595328330994,-0.0059075686149299145,0.7919498085975647,0.6415637731552124,-0.02840624377131462,0.7889426350593567,0.6902318596839905,-0.02249377779662609,0.7833712697029114,0.7252737879753113,-0.011812389828264713,0.8114337921142578,0.7283112406730652,-0.011868416331708431,0.8218778371810913,0.6893750429153442,-0.027970649302005768,0.8132460117340088,0.7151468992233276,-0.026288622990250587,0.8010855913162231,0.733958899974823,-0.02023235149681568,X
0.7635861039161682,0.9385677576065063,-1.8874878549013374e-07,0.7267871499061584,0.9012239575386047,-0.017166845500469208,0.7038071751594543,0.7896493673324585,-0.021903330460190773,0.7363186478614807,0.7194006443023682,-0.02890009619295597,0.7777231931686401,0.7085893154144287,-0.03334978595376015,0.7142223715782166,0.6836038827896118,0.004533344879746437,0.7087056040763855,0.5876920223236084,-0.013408630155026913,0.7077435851097107,0.5496412515640259,-0.023565616458654404,0.7103968262672424,0.5471457242965698,-0.028771143406629562,0.7476617693901062,0.6898808479309082,0.0020351086277514696,0.7547247409820557,0.6704569458961487,-0.026251208037137985,0.7464817762374878,0.729886531829834,-0.03297831490635872,0.7415663599967957,0.7549333572387695,-0.02922479622066021,0.7776813507080078,0.7151170969009399,-0.005519102793186903,0.783839762210846,0.7186122536659241,-0.03059210628271103,0.7692262530326843,0.7748888731002808,-0.028053151443600655,0.7610767483711243,0.7837985754013062,-0.01941702514886856,0.8041098713874817,0.7477417588233948,-0.015766354277729988,0.8040319681167603,0.7614217400550842,-0.029376661404967308,0.788875162601471,0.8059971332550049,-0.02616383321583271,0.7815849184989929,0.8137871026992798,-0.01950928382575512,X
0.7879560589790344,0.9188976287841797,-1.7956325848444976e-07,0.7621161937713623,0.8726010918617249,-0.0279145035892725,0.7536067366600037,0.7904129028320312,-0.04236697778105736,0.7863897681236267,0.7244250178337097,-0.05602828040719032,0.8155790567398071,0.6939904093742371,-0.06442729383707047,0.7346999645233154,0.6589022278785706,-0.01213531382381916,0.7235896587371826,0.5671117305755615,-0.040625907480716705,0.7340242266654968,0.5371904373168945,-0.05207403749227524,0.7517720460891724,0.5536231994628906,-0.0542474091053009,0.7679142355918884,0.6624770164489746,-0.009095672518014908,0.7904443144798279,0.6447073221206665,-0.042337171733379364,0.7864167094230652,0.7131270170211792,-0.04344586655497551,0.7762845158576965,0.7310148477554321,-0.03422510623931885,0.7987080812454224,0.6810280084609985,-0.012599971145391464,0.8202871680259705,0.6863657236099243,-0.0448477603495121,0.8105984330177307,0.7488055229187012,-0.03849451616406441,0.7965315580368042,0.7538636326789856,-0.025514014065265656,0.8258688449859619,0.7101653218269348,-0.019396638497710228,0.8470922708511353,0.7203227281570435,-0.04211266338825226,0.8331085443496704,0.7675292491912842,-0.04107126593589783,0.8145422339439392,0.7748209834098816,-0.03351634368300438,X
0.772267758846283,0.9229410886764526,-1.982872817052339e-07,0.7355347275733948,0.8767451047897339,-0.014391446486115456,0.718155026435852,0.7629612684249878,-0.018503639847040176,0.7528076171875,0.7069120407104492,-0.02466912940144539,0.7946130037307739,0.7013782858848572,-0.029602957889437675,0.7405608892440796,0.6687658429145813,0.003958780784159899,0.7409777045249939,0.5868149995803833,-0.011068680323660374,0.7402139902114868,0.5484470129013062,-0.021467067301273346,0.7405509352684021,0.5263383984565735,-0.02889307215809822,0.7747766971588135,0.6753557920455933,1.899554808915127e-05,0.7732821106910706,0.6526424288749695,-0.026803310960531235,0.7632132768630981,0.7070460319519043,-0.035105668008327484,0.7603638768196106,0.7339208722114563,-0.03328961133956909,0.8046694397926331,0.6999387741088867,-0.008028296753764153,0.8003828525543213,0.6995872259140015,-0.03148305043578148,0.7837713956832886,0.7541030049324036,-0.029692912474274635,0.7780930995941162,0.7691739797592163,-0.022115876898169518,0.8313664793968201,0.7328741550445557,-0.018425574526190758,0.8204565048217773,0.7373157143592834,-0.03069254755973816,0.803009569644928,0.7800740599632263,-0.02683447115123272,0.7982463240623474,0.7933199405670166,-0.02042887918651104,X
0.7577934861183167,0.9043468236923218,-3.525246654589864e-07,0.7227811813354492,0.8623963594436646,-0.014614742249250412,0.6959888935089111,0.7560508251190186,-0.023611998185515404,0.7121731042861938,0.6858037710189819,-0.034170206636190414,0.7512784004211426,0.6912676692008972,-0.04196581244468689,0.74471515417099,0.6345811486244202,-0.010501482523977757,0.7532257437705994,0.5371366739273071,-0.036749307066202164,0.7394284009933472,0.5165462493896484,-0.04896640405058861,0.7228933572769165,0.5361987948417664,-0.05325771123170853,0.7803618907928467,0.6471354961395264,-0.014855507761240005,0.7576006650924683,0.6308461427688599,-0.04282420501112938,0.7434465885162354,0.6880082488059998,-0.04475678876042366,0.744812548160553,0.7130069732666016,-0.038636114448308945,0.8060689568519592,0.6832041144371033,-0.023578228428959846,0.7691327929496765,0.6995623707771301,-0.04959224537014961,0.7536971569061279,0.7571529746055603,-0.04043062403798103,0.7572336196899414,0.7687374353408813,-0.02730562537908554,0.8238509893417358,0.7254456877708435,-0.03476352244615555,0.7837364077568054,0.7522038221359253,-0.05177194997668266,0.7694963216781616,0.7994368076324463,-0.046404559165239334,0.7745445370674133,0.8118219375610352,-0.0369168296456337,X
0.7643369436264038,0.9283109903335571,-2.2641636121534248e-07,0.7308091521263123,0.8835651874542236,-0.018311811611056328,0.7189326286315918,0.7903920412063599,-0.027942752465605736,0.7532214522361755,0.7356429100036621,-0.039317537099123,0.790117621421814,0.7292543649673462,-0.047757476568222046,0.7297032475471497,0.6780360341072083,-0.0062518613412976265,0.7291066646575928,0.5726014971733093,-0.03043464757502079,0.7300003170967102,0.5479164123535156,-0.04478488489985466,0.7320363521575928,0.5642563104629517,-0.051201168447732925,0.7626228332519531,0.6920766830444336,-0.008702247403562069,0.772470235824585,0.671725869178772,-0.03948211297392845,0.7655459046363831,0.7231447100639343,-0.048145681619644165,0.7581568360328674,0.7449475526809692,-0.04683154821395874,0.7928043603897095,0.7207098603248596,-0.015787849202752113,0.7997915744781494,0.7179850935935974,-0.04113154858350754,0.787876307964325,0.7630024552345276,-0.03921452537178993,0.7780917286872864,0.7706461548805237,-0.03198282793164253,0.8185199499130249,0.7562028765678406,-0.02557637169957161,0.8236303925514221,0.7611865997314453,-0.03996213898062706,0.8083184957504272,0.7938568592071533,-0.03715931624174118,0.7963303923606873,0.7988247871398926,-0.03102567233145237,X
0.7745087742805481,0.9237756729125977,-2.141664765531459e-07,0.7489899396896362,0.877770185470581,-0.025414638221263885,0.7418606281280518,0.7998981475830078,-0.03866114467382431,0.7737644910812378,0.7411394119262695,-0.05141967907547951,0.8046499490737915,0.714211106300354,-0.05853671953082085,0.7314180135726929,0.6659767627716064,-0.011208202689886093,0.7218983173370361,0.5679194927215576,-0.03945411369204521,0.7337827086448669,0.5456286072731018,-0.050885312259197235,0.7495020031929016,0.5710462331771851,-0.053012676537036896,0.7653152942657471,0.6764089465141296,-0.00904468260705471,0.7791147232055664,0.6576824188232422,-0.04188947752118111,0.7753254175186157,0.7228534817695618,-0.0432773232460022,0.7672077417373657,0.7384933829307556,-0.0349106639623642,0.7953384518623352,0.7005470991134644,-0.013054508715867996,0.8093646764755249,0.7000343203544617,-0.043953411281108856,0.7996208667755127,0.7581831216812134,-0.0361359640955925,0.7883960604667664,0.7632523775100708,-0.022768253460526466,0.8220333456993103,0.7344347238540649,-0.020286884158849716,0.8392587304115295,0.7388798594474792,-0.04242246225476265,0.8254194259643555,0.7804872393608093,-0.040485404431819916,0.8094624876976013,0.786470353603363,-0.032526008784770966,X
0.7556440830230713,0.9146403074264526,-3.5609787119028624e-07,0.7226861119270325,0.8822895288467407,-0.012223592028021812,0.69059157371521,0.7730321288108826,-0.016998417675495148,0.7084439992904663,0.7032566070556641,-0.023963117972016335,0.7515327334403992,0.7040119767189026,-0.0283525213599205,0.7232767939567566,0.6509951949119568,-0.0029132876079529524,0.7233213782310486,0.55323326587677,-0.02692905068397522,0.716762900352478,0.5346898436546326,-0.038531288504600525,0.7089301347732544,0.5580615997314453,-0.042690373957157135,0.7574818730354309,0.6535799503326416,-0.007356550544500351,0.7448980808258057,0.632568895816803,-0.035466913133859634,0.7361920475959778,0.6931796669960022,-0.03898656740784645,0.735623836517334,0.7240128517150879,-0.03307528793811798,0.7872598171234131,0.6783942580223083,-0.016208086162805557,0.7665389776229858,0.7010785341262817,-0.041400060057640076,0.7521039843559265,0.7635308504104614,-0.035051822662353516,0.7501806020736694,0.776921272277832,-0.023526497185230255,0.8121761083602905,0.7123461961746216,-0.027403684332966805,0.7839604616165161,0.7542892098426819,-0.04294037073850632,0.7684131860733032,0.8056086897850037,-0.039606209844350815,0.768082320690155,0.8158414363861084,-0.031981028616428375,X
0.7806365489959717,0.8065935969352722,-4.270953297691449e-07,0.7272721529006958,0.7425389289855957,-0.027304986491799355,0.688401460647583,0.6074269413948059,-0.03597418963909149,0.6701342463493347,0.49599358439445496,-0.044798605144023895,0.6473674774169922,0.4156598448753357,-0.04905985668301582,0.7354224920272827,0.5325676202774048,-0.008437542244791985,0.758694589138031,0.4757135510444641,-0.033966511487960815,0.768796980381012,0.5530366897583008,-0.04664567485451698,0.7660423517227173,0.619901180267334,-0.05013186112046242,0.7774521112442017,0.5348279476165771,-0.005237052217125893,0.7971265912055969,0.48035597801208496,-0.04078833758831024,0.7977138161659241,0.5830210447311401,-0.055949460715055466,0.7896036505699158,0.657461404800415,-0.05738719180226326,0.8153789639472961,0.5475620627403259,-0.006851930171251297,0.8357411026954651,0.48751911520957947,-0.04179162159562111,0.8305386304855347,0.5803869366645813,-0.044046953320503235,0.8175883889198303,0.6539695262908936,-0.03435515612363815,0.8471953272819519,0.5689150094985962,-0.010090876370668411,0.8712128400802612,0.48149868845939636,-0.028750203549861908,0.8911271691322327,0.43135273456573486,-0.03131014481186867,0.9047911763191223,0.3792370855808258,-0.028280436992645264,Y
0.7853133678436279,0.8225117325782776,-3.8257863366197853e-07,0.7291398048400879,0.7585500478744507,-0.028840182349085808,0.6877081394195557,0.6235408186912537,-0.03837568685412407,0.6648746728897095,0.5114337205886841,-0.04809096083045006,0.6368227601051331,0.43552738428115845,-0.0531713142991066,0.7362894415855408,0.5418688058853149,-0.004559047520160675,0.7624217867851257,0.4875250458717346,-0.03210173174738884,0.7743979692459106,0.5594649910926819,-0.04762762039899826,0.7735554575920105,0.6241673231124878,-0.052436914294958115,0.7789590954780579,0.54011070728302,-0.0007020553457550704,0.8006902933120728,0.4852136969566345,-0.037294868379831314,0.8044849634170532,0.5831018686294556,-0.05422612652182579,0.7995302677154541,0.6574033498764038,-0.05623730272054672,0.8167204856872559,0.5495583415031433,-0.00224919687025249,0.8383872509002686,0.4933010935783386,-0.03835851326584816,0.8354285359382629,0.5863378047943115,-0.041444700211286545,0.8250992298126221,0.6596528887748718,-0.03125125169754028,0.8492752313613892,0.5684389472007751,-0.005604218691587448,0.8722386360168457,0.48011258244514465,-0.023766495287418365,0.8912876844406128,0.43018174171447754,-0.025369513779878616,0.904604971408844,0.3789370059967041,-0.02105719782412052,Y
0.796778678894043,0.8178426027297974,-4.319925039908412e-07,0.7408049702644348,0.7494279742240906,-0.0268324613571167,0.7004313468933105,0.613589882850647,-0.0350976325571537,0.679161012172699,0.5025215148925781,-0.0443078987300396,0.653995931148529,0.4229678511619568,-0.048988476395606995,0.7498570084571838,0.5372876524925232,-0.0023602424189448357,0.775414228439331,0.4859161674976349,-0.030769214034080505,0.7844971418380737,0.563470184803009,-0.04665462300181389,0.7816982269287109,0.6289806365966797,-0.05149172618985176,0.7919350266456604,0.5386484265327454,0.0006220836075954139,0.8135709166526794,0.48853498697280884,-0.03745497390627861,0.8133187890052795,0.5919362902641296,-0.054370228201150894,0.8061404824256897,0.6676928997039795,-0.056006740778684616,0.8295915126800537,0.5506452322006226,-0.0019122710218653083,0.8521110415458679,0.5014097690582275,-0.040189992636442184,0.8448600172996521,0.5973491072654724,-0.043797384947538376,0.8313946723937988,0.671134889125824,-0.03325321525335312,0.8619107604026794,0.5704097747802734,-0.006017034873366356,0.8873317241668701,0.4832571744918823,-0.026020755991339684,0.9086708426475525,0.43349385261535645,-0.02860311046242714,0.9244253635406494,0.3827638626098633,-0.024530699476599693,Y
0.780690610408783,0.8265279531478882,-4.0760906472314673e-07,0.7230446338653564,0.7563861012458801,-0.028007807210087776,0.6821255087852478,0.626708447933197,-0.03897114470601082,0.6582748889923096,0.5169097185134888,-0.049473486840724945,0.6280126571655273,0.4439769685268402,-0.05484557896852493,0.7321401238441467,0.541610598564148,-0.015651514753699303,0.7642211318016052,0.5036470293998718,-0.042921729385852814,0.774077832698822,0.5787158608436584,-0.0540606863796711,0.7702451944351196,0.6420196890830994,-0.0564599372446537,0.7766491770744324,0.5450093746185303,-0.012685409747064114,0.8023182153701782,0.5015761852264404,-0.05101444199681282,0.8011130690574646,0.6029781699180603,-0.0646737664937973,0.792215883731842,0.6774017214775085,-0.06559450179338455,0.8160544037818909,0.5588153600692749,-0.014233877882361412,0.8396704196929932,0.5120872259140015,-0.05370865389704704,0.8323783278465271,0.6043946146965027,-0.055906686931848526,0.8184561133384705,0.67329341173172,-0.0458037406206131,0.8490015864372253,0.583198606967926,-0.017189068719744682,0.8809411525726318,0.49779149889945984,-0.041479576379060745,0.9081548452377319,0.45064955949783325,-0.04619485139846802,0.927941620349884,0.4002572000026703,-0.043915823101997375,Y
0.7811437249183655,0.8200685977935791,-4.5258781256052316e-07,0.7204605937004089,0.7477772235870361,-0.026001563295722008,0.6818640232086182,0.6232277750968933,-0.03696385398507118,0.6556950807571411,0.5179094076156616,-0.04864228144288063,0.6228997707366943,0.44800102710723877,-0.05518396943807602,0.741165280342102,0.5341636538505554,-0.012264843098819256,0.7707650065422058,0.5016928911209106,-0.03850448131561279,0.7792268991470337,0.5756813883781433,-0.04817276448011398,0.775943398475647,0.6396684646606445,-0.049346525222063065,0.7863583564758301,0.5394845008850098,-0.01048548985272646,0.8116429448127747,0.5069909691810608,-0.04756348580121994,0.8063756823539734,0.6054320335388184,-0.060071274638175964,0.7952655553817749,0.6777909398078918,-0.06071413308382034,0.8259267210960388,0.5563422441482544,-0.013386568985879421,0.8492469787597656,0.5152921080589294,-0.05401275306940079,0.8386473655700684,0.6059554219245911,-0.057478733360767365,0.8246504068374634,0.6728019118309021,-0.04818500578403473,0.8586956262588501,0.5846002697944641,-0.01748485490679741,0.8976139426231384,0.5054861903190613,-0.042997848242521286,0.9265335202217102,0.46495866775512695,-0.04910906031727791,0.9489357471466064,0.4205787181854248,-0.047814298421144485,Y
0.7821849584579468,0.8135734796524048,-4.558899320272758e-07,0.7231807112693787,0.7425156831741333,-0.03083924949169159,0.6827763319015503,0.6288272142410278,-0.04643930122256279,0.6530182361602783,0.5276657342910767,-0.06164582446217537,0.6193511486053467,0.4564458727836609,-0.0714871734380722,0.7510057687759399,0.5319473743438721,-0.022227993234992027,0.7817796468734741,0.5034440755844116,-0.04894639179110527,0.7870129346847534,0.5794322490692139,-0.058926358819007874,0.7815815806388855,0.6417636275291443,-0.06084514781832695,0.796861469745636,0.542099118232727,-0.01899588294327259,0.822913646697998,0.5113617181777954,-0.05737278237938881,0.8130635023117065,0.608198344707489,-0.07080613076686859,0.7996039986610413,0.6789222955703735,-0.07251888513565063,0.8358066082000732,0.5625052452087402,-0.0201252494007349,0.8615500926971436,0.5268891453742981,-0.06131725013256073,0.8454602360725403,0.6139853596687317,-0.06541229784488678,0.8280825018882751,0.6783614754676819,-0.05694424360990524,0.8669934868812561,0.5944346785545349,-0.022802529856562614,0.9065146446228027,0.5178795456886292,-0.04899544641375542,0.936199426651001,0.47700998187065125,-0.05556999146938324,0.9615206718444824,0.4347582757472992,-0.054769210517406464,Y
0.7858467698097229,0.808417558670044,-4.48563895361076e-07,0.7291402816772461,0.7387508749961853,-0.037014544010162354,0.6877896189689636,0.6244813799858093,-0.05684336647391319,0.6553521156311035,0.5234233736991882,-0.07438373565673828,0.6178263425827026,0.4525830149650574,-0.08653030544519424,0.7676430940628052,0.5248406529426575,-0.03348740190267563,0.7992463111877441,0.5059786438941956,-0.061075396835803986,0.7998747825622559,0.584189236164093,-0.07148206233978271,0.7913634777069092,0.6402571797370911,-0.07399819046258926,0.8134250044822693,0.5417965054512024,-0.02731236070394516,0.8425397872924805,0.5239608287811279,-0.06505891680717468,0.8291124105453491,0.6153699159622192,-0.07773978263139725,0.81377112865448,0.6756213307380676,-0.0798531174659729,0.8499470949172974,0.57066410779953,-0.025244221091270447,0.8766933679580688,0.5522778034210205,-0.06536726653575897,0.8565365076065063,0.6293718218803406,-0.0691562369465828,0.8359553813934326,0.6817123889923096,-0.061357688158750534,0.8778246641159058,0.6075184941291809,-0.025024715811014175,0.9177064895629883,0.5359325408935547,-0.05024440214037895,0.9501990079879761,0.49913033843040466,-0.05548987537622452,0.9781221747398376,0.46005600690841675,-0.05410659313201904,Y
0.7837114334106445,0.8228199481964111,-4.3802182858598826e-07,0.7268168330192566,0.7594729661941528,-0.0290388036519289,0.6866891384124756,0.6306257247924805,-0.04039221256971359,0.6624694466590881,0.5196245908737183,-0.05216768756508827,0.632107138633728,0.44629430770874023,-0.05877189710736275,0.7375826239585876,0.539728581905365,-0.008349759504199028,0.7664711475372314,0.4902310371398926,-0.0382218174636364,0.7762067914009094,0.5649996399879456,-0.05246305093169212,0.7730270624160767,0.6288661956787109,-0.055456358939409256,0.7796309590339661,0.5419905781745911,-0.0049613178707659245,0.8044329285621643,0.49945640563964844,-0.044502370059490204,0.8022141456604004,0.6008789539337158,-0.05933193489909172,0.7920145988464355,0.6759750843048096,-0.05918116867542267,0.8169190287590027,0.5542325973510742,-0.007192294578999281,0.8386019468307495,0.5108694434165955,-0.04736267030239105,0.8303075432777405,0.6055624485015869,-0.050249889492988586,0.8167154788970947,0.6751223206520081,-0.038706354796886444,0.8491379618644714,0.5744423270225525,-0.011087494902312756,0.8774694800376892,0.48840683698654175,-0.03240426629781723,0.89885413646698,0.4382235109806061,-0.03541911393404007,0.9141873717308044,0.3840758800506592,-0.0312739722430706,Y
0.781808078289032,0.8258216381072998,-4.115588581043994e-07,0.726750910282135,0.7638078331947327,-0.03060094825923443,0.6864736676216125,0.6233642101287842,-0.03991556912660599,0.6657835245132446,0.5099859833717346,-0.048981551080942154,0.6382182836532593,0.43397003412246704,-0.05353932082653046,0.7314736247062683,0.54087233543396,-0.005454408470541239,0.7595464587211609,0.49183815717697144,-0.03476731851696968,0.7704842686653137,0.5687340497970581,-0.05171353369951248,0.7675888538360596,0.6347533464431763,-0.0564906932413578,0.7731488943099976,0.5420687794685364,-9.185218368656933e-05,0.7969156503677368,0.4934905171394348,-0.03794734552502632,0.7984321117401123,0.5934191942214966,-0.05460237339138985,0.7910387516021729,0.6698265671730042,-0.055202826857566833,0.8104201555252075,0.553886890411377,-0.0005965423188172281,0.8334460854530334,0.5091375708580017,-0.037434037774801254,0.8281010985374451,0.6023281216621399,-0.04094284027814865,0.8154263496398926,0.674974799156189,-0.029766319319605827,0.8431637287139893,0.5719184279441833,-0.0029693113174289465,0.8643560409545898,0.47999998927116394,-0.01995960995554924,0.8803815841674805,0.4249489903450012,-0.020856495946645737,0.8909130692481995,0.36901384592056274,-0.015512348152697086,Y
0.7655695676803589,0.8257834315299988,-4.602329397584981e-07,0.7112436890602112,0.766218900680542,-0.02638014405965805,0.6729958653450012,0.6251290440559387,-0.03483664244413376,0.6558483242988586,0.5071707963943481,-0.04383978992700577,0.6313079595565796,0.42868679761886597,-0.048614464700222015,0.7166456580162048,0.5578994750976562,-0.00711070979014039,0.7298842668533325,0.4855831265449524,-0.0339108407497406,0.7328050136566162,0.5600036382675171,-0.047457508742809296,0.7283151149749756,0.6275951862335205,-0.051173724234104156,0.7563220858573914,0.5596564412117004,-0.004491025116294622,0.7695509791374207,0.4975854158401489,-0.04067451134324074,0.7621880769729614,0.5965010523796082,-0.05504145100712776,0.7513043284416199,0.6683610081672668,-0.055655598640441895,0.7940546870231628,0.5697356462478638,-0.007155547384172678,0.8092681169509888,0.4959943890571594,-0.04087553173303604,0.7954238057136536,0.5843740105628967,-0.041432831436395645,0.7786587476730347,0.658346951007843,-0.031041787937283516,0.8266132473945618,0.5861153602600098,-0.011714398860931396,0.8468783497810364,0.49079960584640503,-0.02991250902414322,0.8602575063705444,0.42656654119491577,-0.03324524313211441,0.8687846660614014,0.3621320128440857,-0.03113004006445408,Y
0.7670590877532959,0.8250216841697693,-4.68439822043365e-07,0.7119817137718201,0.771110475063324,-0.024893375113606453,0.6707618236541748,0.6282159686088562,-0.03078882396221161,0.6544569730758667,0.5093966126441956,-0.03726205602288246,0.6312982439994812,0.43116524815559387,-0.03935850039124489,0.7118845582008362,0.5586556792259216,-0.0022697770036756992,0.7247730493545532,0.489225298166275,-0.026667088270187378,0.7309169173240662,0.5648936629295349,-0.03857024386525154,0.7278631329536438,0.6324955224990845,-0.041053228080272675,0.7513675093650818,0.5577253699302673,0.0009653613669797778,0.764514148235321,0.4999784529209137,-0.032296083867549896,0.7606631517410278,0.5981916189193726,-0.04516204074025154,0.7505808472633362,0.6705850958824158,-0.04477402940392494,0.7890599370002747,0.5652488470077515,-0.0011505059665068984,0.8027997016906738,0.49950850009918213,-0.03317427635192871,0.7923241257667542,0.5900555849075317,-0.03320882096886635,0.7776323556900024,0.6645241379737854,-0.022360309958457947,0.8223184943199158,0.5784940123558044,-0.005018508993089199,0.8386147618293762,0.48433953523635864,-0.022089654579758644,0.8502339720726013,0.4212826192378998,-0.024693889543414116,0.8571340441703796,0.35858097672462463,-0.021842079237103462,Y
0.7997045516967773,0.7980311512947083,-3.3265959586969984e-07,0.829170823097229,0.6949865221977234,0.001280363416299224,0.8503117561340332,0.5547393560409546,-0.004928832408040762,0.8655793070793152,0.44622206687927246,-0.010074611753225327,0.8900544047355652,0.3752902150154114,-0.013280578888952732,0.8360453844070435,0.52474445104599,-0.03376568481326103,0.7641497850418091,0.4643807113170624,-0.041921377182006836,0.7672536373138428,0.5143169164657593,-0.039207905530929565,0.7859089970588684,0.5375752449035645,-0.03619619086384773,0.7962313890457153,0.549759030342102,-0.03979666531085968,0.7320241332054138,0.48789727687835693,-0.0449448898434639,0.7349367737770081,0.5345047116279602,-0.037291064858436584,0.7514483332633972,0.5578479170799255,-0.03496832028031349,0.7541206479072571,0.5814130902290344,-0.04370122402906418,0.6976105570793152,0.5009344816207886,-0.047620199620723724,0.6985170245170593,0.5463331341743469,-0.0348847433924675,0.7165470123291016,0.5808659791946411,-0.02894122712314129,0.7120320796966553,0.6147443652153015,-0.04702289402484894,0.6749856472015381,0.5117064714431763,-0.05274741351604462,0.6465897560119629,0.4553620219230652,-0.05111211538314819,0.626792311668396,0.40227699279785156,-0.0506221167743206,Y
0.7766604423522949,0.8145604133605957,-2.928639162291802e-07,0.8113430738449097,0.7111612558364868,0.0038883606903254986,0.8364449739456177,0.5940636992454529,-0.001297607785090804,0.8549554944038391,0.49214789271354675,-0.006677139084786177,0.8832217454910278,0.42132484912872314,-0.012074860744178295,0.7946343421936035,0.5211036205291748,-0.022486018016934395,0.7384710311889648,0.48802512884140015,-0.019029617309570312,0.7405793070793152,0.5363112092018127,-0.011727260425686836,0.7556255459785461,0.5685703158378601,-0.007066329009830952,0.7521756887435913,0.53891521692276,-0.028185445815324783,0.7087066173553467,0.500464141368866,-0.02505628578364849,0.7092123031616211,0.5492324829101562,-0.020393410697579384,0.7221864461898804,0.5850101709365845,-0.020188042894005775,0.7118512988090515,0.5724937319755554,-0.030220363289117813,0.6745271682739258,0.5142075419425964,-0.028728749603033066,0.6755017638206482,0.5580313205718994,-0.021487772464752197,0.6906607747077942,0.5960028767585754,-0.01928573288023472,0.6748113632202148,0.6130412220954895,-0.031000589951872826,0.6434223055839539,0.517501950263977,-0.03280213847756386,0.6170573234558105,0.4693983495235443,-0.029512861743569374,0.5975533723831177,0.42621564865112305,-0.027419086545705795,Y
0.7908530235290527,0.8160492777824402,-3.2163382002181606e-07,0.8236261606216431,0.7113891243934631,0.005153692327439785,0.8483436703681946,0.5900017023086548,0.0011801229557022452,0.8684621453285217,0.4875641167163849,-0.004031128715723753,0.898661732673645,0.4209955036640167,-0.009302879683673382,0.8085633516311646,0.5178990364074707,-0.015832792967557907,0.7524918913841248,0.482043981552124,-0.014367805793881416,0.7519095540046692,0.5292257070541382,-0.009507843293249607,0.7669187784194946,0.5627790093421936,-0.0064231702126562595,0.7666784524917603,0.5367274880409241,-0.022557711228728294,0.7194453477859497,0.494811475276947,-0.022793663665652275,0.7187354564666748,0.5439760684967041,-0.02015053480863571,0.7329901456832886,0.5796391367912292,-0.02041029743850231,0.7264471650123596,0.5713580250740051,-0.026295235380530357,0.6847964525222778,0.5079869031906128,-0.028530126437544823,0.6841650009155273,0.5523214936256409,-0.02273346669971943,0.6995348930358887,0.5904979109764099,-0.020291510969400406,0.6890957355499268,0.6130115985870361,-0.0286929439753294,0.6536419987678528,0.5202497243881226,-0.033337727189064026,0.6233447790145874,0.4710211753845215,-0.03193240240216255,0.6008093953132629,0.4247151017189026,-0.030734892934560776,Y
0.8035216927528381,0.8233789205551147,-3.275521009982185e-07,0.8369761109352112,0.7147289514541626,0.0033628069795668125,0.8617364764213562,0.5893055200576782,-0.0024804698769003153,0.8834466338157654,0.4854564368724823,-0.009344744496047497,0.9173135757446289,0.417346328496933,-0.016189012676477432,0.8225910663604736,0.5166510939598083,-0.020126959308981895,0.7591582536697388,0.47876256704330444,-0.02122293971478939,0.7585758566856384,0.5308889746665955,-0.017369896173477173,0.7747077345848083,0.5657967329025269,-0.01465766690671444,0.7806124091148376,0.5354676246643066,-0.026651404798030853,0.7262495756149292,0.49247539043426514,-0.028678666800260544,0.7254685163497925,0.5463292598724365,-0.02517899125814438,0.7406694293022156,0.5821581482887268,-0.02482595667243004,0.7393879890441895,0.5714892148971558,-0.030408797785639763,0.6911441087722778,0.5069767236709595,-0.03412988409399986,0.6904164552688599,0.5557273030281067,-0.02709578536450863,0.7069605588912964,0.59492427110672,-0.023707279935479164,0.7007125616073608,0.6158894896507263,-0.03305802866816521,0.663585901260376,0.520420253276825,-0.03882310912013054,0.6324390172958374,0.4701189696788788,-0.03740619122982025,0.6092277765274048,0.42233890295028687,-0.03608619049191475,Y
0.7249392867088318,0.759050726890564,-2.922092789958697e-07,0.7647709846496582,0.658044159412384,0.002396926749497652,0.7916373014450073,0.5501985549926758,-0.0037067902740091085,0.8159032464027405,0.4532533586025238,-0.010883557610213757,0.8455088138580322,0.38836705684661865,-0.018733840435743332,0.740574836730957,0.47623419761657715,-0.016480233520269394,0.701080322265625,0.4484387934207916,-0.014732759445905685,0.7039027214050293,0.4924847483634949,-0.012225514277815819,0.7154147028923035,0.5249185562133789,-0.011218123137950897,0.6980639696121216,0.4920271635055542,-0.021803950890898705,0.6703678369522095,0.4581446647644043,-0.018614202737808228,0.6718569993972778,0.5017299056053162,-0.017625389620661736,0.6810070276260376,0.5373387336730957,-0.020743180066347122,0.6610665321350098,0.5238679647445679,-0.02416653372347355,0.6369358897209167,0.4669051766395569,-0.023691436275839806,0.640062689781189,0.5061391592025757,-0.01950971968472004,0.6520966291427612,0.5443518757820129,-0.01961491070687771,0.6296497583389282,0.5617711544036865,-0.02544080652296543,0.5991696119308472,0.4780210554599762,-0.026279915124177933,0.574957013130188,0.43474280834198,-0.022498374804854393,0.5555016994476318,0.3938862085342407,-0.020748184993863106,Y
0.7707118988037109,0.8006256818771362,-2.996131911459088e-07,0.8030723929405212,0.7011704444885254,0.004545549862086773,0.8258257508277893,0.5787100195884705,0.0005793487071059644,0.8414579629898071,0.47588998079299927,-0.003965917509049177,0.8694238066673279,0.40688377618789673,-0.008410072885453701,0.7896777987480164,0.5133925080299377,-0.016949711367487907,0.7299355268478394,0.47186869382858276,-0.016882987692952156,0.7305182218551636,0.5200614929199219,-0.013082101009786129,0.7467935085296631,0.5508702993392944,-0.010173355229198933,0.749703049659729,0.5326059460639954,-0.022588582709431648,0.7007594108581543,0.49043864011764526,-0.021870123222470284,0.7006260752677917,0.5396707653999329,-0.018327895551919937,0.7153794169425964,0.5716091990470886,-0.018022023141384125,0.7103832960128784,0.5658287405967712,-0.025470539927482605,0.6673620939254761,0.5068106651306152,-0.026071736589074135,0.6677208542823792,0.55084627866745,-0.019471334293484688,0.684166669845581,0.5859910845756531,-0.01678585447371006,0.6731796860694885,0.6047142148017883,-0.027094369754195213,0.6407836079597473,0.5130921006202698,-0.02943643368780613,0.6128196716308594,0.4661088287830353,-0.026869619265198708,0.5923486948013306,0.4215901494026184,-0.024961140006780624,Y
0.7260046005249023,0.8307445049285889,-1.4615520171901153e-07,0.7587454319000244,0.7266078591346741,-0.00021512931562028825,0.7744755744934082,0.6041862964630127,-0.006379258818924427,0.782611608505249,0.497469961643219,-0.010691432282328606,0.8034600615501404,0.4203578531742096,-0.014155510812997818,0.7326699495315552,0.5625174641609192,-0.024096421897411346,0.6922387480735779,0.5158405900001526,-0.022757768630981445,0.7002126574516296,0.5528944134712219,-0.019168701022863388,0.7131999135017395,0.5776084661483765,-0.017203230410814285,0.6877890229225159,0.5857085585594177,-0.0257842019200325,0.6609047055244446,0.5293425917625427,-0.019950073212385178,0.6669963002204895,0.5737543106079102,-0.012599756941199303,0.6776218414306641,0.6066829562187195,-0.01077642198652029,0.6493797898292542,0.6208024621009827,-0.0249258391559124,0.6292192339897156,0.5535465478897095,-0.019321132451295853,0.6354402303695679,0.5890696048736572,-0.009772847406566143,0.6483264565467834,0.6243825554847717,-0.006829805672168732,0.6186481714248657,0.6561447381973267,-0.023451784625649452,0.5989510416984558,0.5549477934837341,-0.02265150472521782,0.5826060175895691,0.5017292499542236,-0.019382141530513763,0.5697703957557678,0.45522546768188477,-0.017981788143515587,Y
0.7371280789375305,0.8705748915672302,-4.2410232481415733e-07,0.6861521601676941,0.8137189745903015,-0.024088039994239807,0.6470997929573059,0.6821338534355164,-0.029029501602053642,0.630757749080658,0.5711635947227478,-0.03444156050682068,0.6075297594070435,0.4999186396598816,-0.03521554172039032,0.6826303005218506,0.6233506202697754,0.002210278995335102,0.6916516423225403,0.55274498462677,-0.01960819400846958,0.7009901404380798,0.6269582509994507,-0.030378153547644615,0.7002829909324646,0.6887060403823853,-0.03229174390435219,0.7182426452636719,0.6216633319854736,0.006763463839888573,0.7279788851737976,0.5602847337722778,-0.0230663251131773,0.7302022576332092,0.6518934965133667,-0.03468450531363487,0.7234131097793579,0.7173330187797546,-0.03416087478399277,0.751239001750946,0.6278250813484192,0.0058942134492099285,0.7613969445228577,0.5544774532318115,-0.022554360330104828,0.7592182159423828,0.6344520449638367,-0.02298598363995552,0.7513040900230408,0.7029957175254822,-0.013373571448028088,0.7810736894607544,0.6379749774932861,0.003207836067304015,0.7949251532554626,0.5484833717346191,-0.01052627619355917,0.8048789501190186,0.49189281463623047,-0.013009416870772839,0.810869574546814,0.4365283250808716,-0.010826099663972855,Y
0.7336171269416809,0.868408739566803,-4.068581063165766e-07,0.6849784851074219,0.8025737404823303,-0.023711955174803734,0.6521962285041809,0.6670724153518677,-0.02927587181329727,0.638535737991333,0.5565745830535889,-0.03586829826235771,0.6172767281532288,0.4824249744415283,-0.03801492229104042,0.6921629905700684,0.6117817759513855,0.0033654230646789074,0.7072916626930237,0.5410060882568359,-0.019645366817712784,0.7130904793739319,0.6146971583366394,-0.03226776048541069,0.7091701626777649,0.6756839156150818,-0.03566909581422806,0.7278497219085693,0.6156125068664551,0.006995290983468294,0.7424899339675903,0.5534036755561829,-0.024118270725011826,0.7399274110794067,0.6476678252220154,-0.03780815005302429,0.72955322265625,0.7124665975570679,-0.038707878440618515,0.7606586217880249,0.6274353861808777,0.005204400978982449,0.7756930589675903,0.5571805238723755,-0.024628765881061554,0.7695964574813843,0.6394771337509155,-0.026713119819760323,0.7580528259277344,0.7083044052124023,-0.017951587215065956,0.790020227432251,0.6435905694961548,0.0016855965368449688,0.8124454021453857,0.5577012896537781,-0.012953144498169422,0.8286747932434082,0.5041173100471497,-0.016371216624975204,0.8401244282722473,0.4508516788482666,-0.014833498746156693,Y
0.7423065900802612,0.8687927722930908,-3.7329880342440447e-07,0.6969398260116577,0.8032923936843872,-0.026893379166722298,0.6629643440246582,0.669248104095459,-0.03480756655335426,0.6482509970664978,0.557783842086792,-0.04257842153310776,0.6261386275291443,0.4830195903778076,-0.045397672802209854,0.7045061588287354,0.6038661003112793,-0.0017076053190976381,0.7242336869239807,0.5418922901153564,-0.02508270926773548,0.7309101223945618,0.6177098751068115,-0.03802540898323059,0.7262807488441467,0.6801140308380127,-0.042039744555950165,0.741183340549469,0.6085212230682373,0.003705369308590889,0.759162187576294,0.5551608204841614,-0.028293265029788017,0.757003903388977,0.6517958045005798,-0.04199090972542763,0.7468498945236206,0.7173593640327454,-0.04304664582014084,0.7750868201255798,0.6237637400627136,0.0039328113198280334,0.7934302091598511,0.563605010509491,-0.026992417871952057,0.7854741215705872,0.6501895785331726,-0.027225099503993988,0.7717309594154358,0.7199153304100037,-0.017000246793031693,0.8054847121238708,0.6435649394989014,0.0022751179058104753,0.828703761100769,0.5603089928627014,-0.013982217758893967,0.8476143479347229,0.5109961628913879,-0.016135837882757187,0.8617032766342163,0.46032387018203735,-0.013101072981953621,Y
0.7457069158554077,0.8694188594818115,-3.4905366419479833e-07,0.69781494140625,0.7986112833023071,-0.025867922231554985,0.6654115915298462,0.6662083864212036,-0.03420804813504219,0.6476180553436279,0.5601184964179993,-0.042675722390413284,0.6240300536155701,0.48721688985824585,-0.04658091068267822,0.7121667861938477,0.5996168255805969,-0.002683962695300579,0.7380687594413757,0.5449368953704834,-0.02773396670818329,0.7454086542129517,0.6159121990203857,-0.04252400994300842,0.7399715185165405,0.6759722232818604,-0.04765833541750908,0.750017523765564,0.6063258647918701,0.000946398766245693,0.7734225988388062,0.558472216129303,-0.03123486042022705,0.7699423432350159,0.6503294110298157,-0.04639953747391701,0.7580364346504211,0.7160720229148865,-0.048977117985486984,0.7833435535430908,0.623746395111084,-0.0005321503849700093,0.8060265183448792,0.5761029124259949,-0.03262406960129738,0.7969933748245239,0.6585291624069214,-0.03597189858555794,0.7816051840782166,0.7218709588050842,-0.027992794290184975,0.8123465180397034,0.6478521227836609,-0.0036594115663319826,0.8401265740394592,0.5707745552062988,-0.020733777433633804,0.8636531829833984,0.5281649827957153,-0.02357615903019905,0.8818992376327515,0.48437803983688354,-0.021061036735773087,Y
0.7448675632476807,0.8786065578460693,-3.602918354772555e-07,0.6966192722320557,0.8027529120445251,-0.024592017754912376,0.6660225987434387,0.6734368205070496,-0.033951014280319214,0.6475672721862793,0.5684130787849426,-0.04414979740977287,0.6235600709915161,0.49643221497535706,-0.04984856769442558,0.7206560969352722,0.6046274900436401,-0.0021965226624161005,0.7463691234588623,0.553159773349762,-0.028066420927643776,0.7518516778945923,0.6217674612998962,-0.04249132424592972,0.74704509973526,0.6815872192382812,-0.04735632985830307,0.759390115737915,0.6146929860115051,-0.00033945354516617954,0.7823166251182556,0.5662679672241211,-0.034049782902002335,0.7760216593742371,0.656034529209137,-0.04908820241689682,0.7626519799232483,0.722141683101654,-0.05151045322418213,0.792508602142334,0.6352916955947876,-0.0037554409354925156,0.8137248754501343,0.5839062333106995,-0.03812429681420326,0.8036136031150818,0.664125919342041,-0.04241647198796272,0.7887299656867981,0.7252383232116699,-0.034787654876708984,0.820591390132904,0.6647908091545105,-0.008660860359668732,0.8549056053161621,0.5924745202064514,-0.02792493999004364,0.8806860446929932,0.552028238773346,-0.03270888328552246,0.8996567726135254,0.5080736875534058,-0.031574148684740067,Y
0.7409724593162537,0.8719072341918945,-3.91527720466911e-07,0.6886552572250366,0.7987215518951416,-0.023577112704515457,0.6555109024047852,0.6751902103424072,-0.03391007333993912,0.633931577205658,0.5736764669418335,-0.04517501965165138,0.6056874394416809,0.5074377059936523,-0.05184097960591316,0.7141985297203064,0.5960364937782288,-0.004891122225672007,0.7398288249969482,0.5493670105934143,-0.03068890981376171,0.7443472146987915,0.6194440722465515,-0.0438128262758255,0.7395092844963074,0.6792266368865967,-0.04769126698374748,0.7538275718688965,0.6067995429039001,-0.003743945388123393,0.7767830491065979,0.5627261400222778,-0.03813885897397995,0.7685877084732056,0.6538973450660706,-0.0516352541744709,0.7549790740013123,0.7226806282997131,-0.052698764950037,0.7874155044555664,0.6275988221168518,-0.0075593870133161545,0.8076550364494324,0.5820564031600952,-0.043034859001636505,0.7954649925231934,0.6628541350364685,-0.04668114334344864,0.7803335785865784,0.7230549454689026,-0.03831184282898903,0.8155314326286316,0.6575182676315308,-0.012641255743801594,0.8506386876106262,0.5884454250335693,-0.03281755745410919,0.876312792301178,0.5514976382255554,-0.03724750876426697,0.8959853053092957,0.5097265243530273,-0.03552023693919182,Y
0.7369344234466553,0.8728182315826416,-3.930227876480785e-07,0.6913021802902222,0.8020272850990295,-0.024556251242756844,0.6589701175689697,0.668296217918396,-0.03263591229915619,0.64182049036026,0.5604620575904846,-0.04106297716498375,0.6179336905479431,0.4891167879104614,-0.04489926993846893,0.7029884457588196,0.6051405668258667,-0.003900267416611314,0.7226541042327881,0.548319399356842,-0.02892828732728958,0.7282567620277405,0.6250321269035339,-0.04259124770760536,0.7226834893226624,0.6870765089988708,-0.046927373856306076,0.7405000925064087,0.61262047290802,-0.00039273567381314933,0.7586245536804199,0.562928318977356,-0.03319922089576721,0.7550082802772522,0.6590626835823059,-0.046516790986061096,0.7439047694206238,0.7246448993682861,-0.04751557111740112,0.7746247053146362,0.6306434869766235,-0.0017814941238611937,0.7929660081863403,0.5804919600486755,-0.03350043296813965,0.7829189896583557,0.6666691899299622,-0.0334450788795948,0.7674459218978882,0.7332843542098999,-0.023157386109232903,0.8038055896759033,0.6541407108306885,-0.004807927180081606,0.8285714983940125,0.5737212896347046,-0.021637242287397385,0.8493301272392273,0.5252718329429626,-0.023418638855218887,0.8649337291717529,0.4755522906780243,-0.020220819860696793,Y
0.7336573600769043,0.8715493679046631,-4.302438583181356e-07,0.6872857809066772,0.8073334097862244,-0.025364389643073082,0.6544202566146851,0.6701799631118774,-0.03157298266887665,0.6398491859436035,0.5592307448387146,-0.038499169051647186,0.617043137550354,0.4883444905281067,-0.04094868525862694,0.6937348246574402,0.6107231378555298,-6.822932391514769e-06,0.7109295129776001,0.5486084818840027,-0.025347266346216202,0.717029869556427,0.6277002096176147,-0.03795497491955757,0.7126671671867371,0.6895332932472229,-0.04028106853365898,0.7302553653717041,0.6162798404693604,0.0046791499480605125,0.7463651299476624,0.5640480518341064,-0.029126102104783058,0.7436360120773315,0.6606751084327698,-0.041655588895082474,0.7327476143836975,0.7268130779266357,-0.040358275175094604,0.7639397978782654,0.6299662590026855,0.0036669375840574503,0.7794207334518433,0.5740333795547485,-0.029055165126919746,0.7717000842094421,0.6591753363609314,-0.03029252216219902,0.7586179375648499,0.7252437472343445,-0.019183281809091568,0.7934678792953491,0.6457949876785278,0.0010020110057666898,0.8132014274597168,0.5598469972610474,-0.01427142508327961,0.8281578421592712,0.5071126222610474,-0.016437118873000145,0.8388721942901611,0.4539351165294647,-0.01293893437832594,Y
0.7662762403488159,0.968013346195221,3.7415486531244824e-07,0.7154517769813538,0.9146679043769836,-0.01959368586540222,0.6929221153259277,0.8114259243011475,-0.02879871055483818,0.7182771563529968,0.7236194014549255,-0.03833172097802162,0.7536063194274902,0.6923695206642151,-0.046731483191251755,0.6861998438835144,0.6332141757011414,0.003355930559337139,0.6792300343513489,0.5093742609024048,-0.006600733380764723,0.6790200471878052,0.43784481287002563,-0.021015195176005363,0.6791818737983704,0.37391799688339233,-0.03372780978679657,0.7227469682693481,0.6138511300086975,-0.0008984701707959175,0.714255690574646,0.4768702983856201,-0.005213982425630093,0.7113329768180847,0.39611345529556274,-0.016025710850954056,0.7080897092819214,0.32747095823287964,-0.026058530434966087,0.7592111825942993,0.6225875616073608,-0.009579856880009174,0.7491846680641174,0.4938792586326599,-0.01261627022176981,0.7437896132469177,0.4194149076938629,-0.01864057220518589,0.7376739978790283,0.35487470030784607,-0.025556931272149086,0.7986547350883484,0.6533507108688354,-0.022061513736844063,0.789791464805603,0.5534120798110962,-0.024128461256623268,0.7814717888832092,0.4945661425590515,-0.023759879171848297,0.7730421423912048,0.4414900541305542,-0.025163548067212105,B
0.6837801933288574,0.9441416263580322,4.376392439553456e-07,0.6302851438522339,0.8869243860244751,-0.019693929702043533,0.6024422645568848,0.7749980688095093,-0.03098333440721035,0.6340117454528809,0.6912065148353577,-0.0429794117808342,0.677860677242279,0.6620049476623535,-0.055242303758859634,0.6052103638648987,0.5971355438232422,-0.008137094788253307,0.6013229489326477,0.4621032476425171,-0.024027561768889427,0.6025809049606323,0.38216930627822876,-0.0411091186106205,0.60396808385849,0.3128737211227417,-0.055435970425605774,0.6433575749397278,0.5781381130218506,-0.014702008105814457,0.6371641159057617,0.42885929346084595,-0.025288011878728867,0.6348898410797119,0.33972111344337463,-0.03899286687374115,0.6320633888244629,0.264823317527771,-0.05059925839304924,0.6813176274299622,0.5897969007492065,-0.025169335305690765,0.6729554533958435,0.44828760623931885,-0.033565569669008255,0.6694892644882202,0.3669048249721527,-0.04246700555086136,0.6650059223175049,0.2959926128387451,-0.05092344805598259,0.7201888561248779,0.626875638961792,-0.039114683866500854,0.7132741808891296,0.5178731679916382,-0.0466410294175148,0.70742267370224,0.450020968914032,-0.049439676105976105,0.7012982964515686,0.3894423842430115,-0.052697889506816864,B
0.722838282585144,0.9420486688613892,3.323940518384916e-07,0.6792854070663452,0.8758531808853149,-0.02050343155860901,0.6687379479408264,0.7625046372413635,-0.02736915834248066,0.7102711200714111,0.6889990568161011,-0.0342157743871212,0.7534473538398743,0.6842687129974365,-0.040025744587183,0.6661017537117004,0.6078879833221436,0.005702993366867304,0.6625646352767944,0.4895244836807251,-0.0009706593118607998,0.6635005474090576,0.42183756828308105,-0.013749959878623486,0.6646917462348938,0.3599875867366791,-0.026104826480150223,0.701898992061615,0.5938868522644043,0.003458411665633321,0.6970994472503662,0.4678104817867279,0.0016648834571242332,0.6950734257698059,0.39270591735839844,-0.009055158123373985,0.6911254525184631,0.3240140974521637,-0.019604993984103203,0.7354052066802979,0.608780026435852,-0.003213819582015276,0.7315524816513062,0.491684228181839,-0.004237479995936155,0.7276796698570251,0.4206663966178894,-0.011684867553412914,0.7215815782546997,0.3575893044471741,-0.019979480654001236,0.7710241079330444,0.6432017087936401,-0.013837646692991257,0.7691664099693298,0.5487432479858398,-0.014772086404263973,0.7638466954231262,0.4919123649597168,-0.01547926664352417,0.7574396133422852,0.43988513946533203,-0.0181350689381361,B
0.7393296360969543,0.9501069188117981,3.4310795626879553e-07,0.6912590861320496,0.8875428438186646,-0.021259352564811707,0.673353910446167,0.7734550833702087,-0.0310658011585474,0.7185631394386292,0.7000080943107605,-0.04089456796646118,0.7670221328735352,0.697819709777832,-0.05084576457738876,0.6787628531455994,0.6093637347221375,-0.005388462450355291,0.6739658713340759,0.48670464754104614,-0.01745581440627575,0.6748955845832825,0.4129936695098877,-0.033354755491018295,0.676340639591217,0.34673041105270386,-0.04807189106941223,0.7170273065567017,0.5942263603210449,-0.009782617911696434,0.7110758423805237,0.46072089672088623,-0.017558127641677856,0.7093404531478882,0.3778526782989502,-0.03145952150225639,0.7056013941764832,0.3033660054206848,-0.04426704719662666,0.7523740530014038,0.609916090965271,-0.018190201371908188,0.7481442093849182,0.48464393615722656,-0.024815758690238,0.7448012828826904,0.40821290016174316,-0.036061108112335205,0.7383986115455627,0.34000200033187866,-0.04676822945475578,0.7885468602180481,0.6483978629112244,-0.03027210384607315,0.7873067259788513,0.5491260886192322,-0.03697912395000458,0.7820967435836792,0.4871446192264557,-0.041917312890291214,0.7748978734016418,0.43193769454956055,-0.04752044752240181,B
0.745675265789032,0.9432008266448975,3.628234708230593e-07,0.6956707239151001,0.8830321431159973,-0.020546805113554,0.6723107099533081,0.7665772438049316,-0.029391182586550713,0.7151256203651428,0.6895550489425659,-0.03837484493851662,0.7638006806373596,0.686698853969574,-0.04744624346494675,0.6767091751098633,0.6073470711708069,-0.0034661905374377966,0.6703609824180603,0.48727717995643616,-0.014766380190849304,0.6706550717353821,0.41292694211006165,-0.030229514464735985,0.6716976165771484,0.3452232778072357,-0.04455334320664406,0.7142313718795776,0.5923655033111572,-0.007727846968919039,0.7054876685142517,0.4617898464202881,-0.014573059976100922,0.7025039792060852,0.37907901406288147,-0.027830377221107483,0.6985296010971069,0.30382680892944336,-0.04008295387029648,0.7497607469558716,0.6064469218254089,-0.01600002683699131,0.7435833811759949,0.4867621064186096,-0.021564070135354996,0.7390772104263306,0.4114426076412201,-0.03154481202363968,0.7323964238166809,0.34417182207107544,-0.04119819402694702,0.78639155626297,0.6415733098983765,-0.028044698759913445,0.7819386720657349,0.5438776016235352,-0.033184971660375595,0.7759178280830383,0.4832115173339844,-0.03648079186677933,0.7690651416778564,0.4287223815917969,-0.04085603356361389,B
0.7387393116950989,0.9483916759490967,3.5070425496996904e-07,0.6966915726661682,0.882542073726654,-0.02545921690762043,0.6891581416130066,0.7667686939239502,-0.033880360424518585,0.7339012622833252,0.6912359595298767,-0.04122277721762657,0.7781702876091003,0.6836304664611816,-0.046906519681215286,0.680633008480072,0.6085826754570007,0.0036236660089343786,0.6740328073501587,0.4856586754322052,-0.0035702595487236977,0.6734012365341187,0.41578519344329834,-0.017358023673295975,0.6729177236557007,0.35270819067955017,-0.030462929978966713,0.7175105214118958,0.5940113067626953,0.003824244486168027,0.7087791562080383,0.46315866708755493,0.001746174762956798,0.7047374248504639,0.38764339685440063,-0.009892369620501995,0.6989203095436096,0.3171170651912689,-0.02104455791413784,0.750537633895874,0.6083043217658997,-0.0007617046358063817,0.7432669997215271,0.48718929290771484,-0.0015665324172005057,0.7372502088546753,0.4147995114326477,-0.008036048151552677,0.7304075956344604,0.3517404794692993,-0.015511736273765564,0.7870619893074036,0.6423344016075134,-0.009890705347061157,0.7825241684913635,0.5438709259033203,-0.009592059068381786,0.7759134769439697,0.48553913831710815,-0.00880817137658596,0.7688036561012268,0.4323488473892212,-0.010390602983534336,B
0.7517757415771484,0.973239004611969,4.4919727315573255e-07,0.7099164724349976,0.9154167175292969,-0.039907921105623245,0.7042431235313416,0.8214301466941833,-0.061651576310396194,0.7529726028442383,0.7580739855766296,-0.07978268712759018,0.802000880241394,0.7446445822715759,-0.09643682837486267,0.718622088432312,0.6378257870674133,-0.031398672610521317,0.7238661050796509,0.5025168061256409,-0.05376063659787178,0.7332316040992737,0.42135077714920044,-0.07471683621406555,0.7424526214599609,0.34812498092651367,-0.09152157604694366,0.7578960061073303,0.6230136156082153,-0.029001321643590927,0.763116717338562,0.47865885496139526,-0.045330729335546494,0.7698173522949219,0.391577810049057,-0.0630868598818779,0.7733684182167053,0.3093072772026062,-0.07783491164445877,0.792704701423645,0.6408793330192566,-0.03130842745304108,0.7981905937194824,0.5072475671768188,-0.044782012701034546,0.8023151159286499,0.42435991764068604,-0.05715528875589371,0.8027151226997375,0.3476378619670868,-0.06763431429862976,0.8269863128662109,0.6851962208747864,-0.038512300699949265,0.8309887051582336,0.5820962190628052,-0.04949489235877991,0.8313654661178589,0.5145490765571594,-0.05517580360174179,0.8300034403800964,0.45255735516548157,-0.06033505126833916,B
0.7430017590522766,0.9688129425048828,4.330866545387835e-07,0.6977513432502747,0.9135944843292236,-0.032928526401519775,0.6808781027793884,0.8171366453170776,-0.05157265067100525,0.723690390586853,0.7507020235061646,-0.0677245706319809,0.7698875665664673,0.7419539093971252,-0.0836065337061882,0.68776535987854,0.6380916833877563,-0.027562160044908524,0.6860751509666443,0.5088765621185303,-0.04774042218923569,0.6897588968276978,0.42972368001937866,-0.06763920933008194,0.6935179829597473,0.3570218086242676,-0.08438170701265335,0.7288079857826233,0.6216103434562683,-0.028446730226278305,0.7262163162231445,0.48193055391311646,-0.04316550865769386,0.7270632982254028,0.39489099383354187,-0.060861993581056595,0.7251800894737244,0.31220191717147827,-0.07640621811151505,0.7657971978187561,0.6376949548721313,-0.033330678939819336,0.7657897472381592,0.5103639364242554,-0.04581350088119507,0.7656050324440002,0.4291810095310211,-0.059715691953897476,0.7621690034866333,0.3548147678375244,-0.07192183285951614,0.8031177520751953,0.6787288188934326,-0.04242468252778053,0.8046131730079651,0.5786827802658081,-0.05339469015598297,0.80174320936203,0.5132894515991211,-0.06039349362254143,0.7964967489242554,0.45435845851898193,-0.06714615970849991,B
0.7416207790374756,0.946517288684845,3.446440075549617e-07,0.6950920224189758,0.8848731517791748,-0.022342320531606674,0.6765661239624023,0.7690611481666565,-0.032232340425252914,0.7205235958099365,0.693232536315918,-0.04181879013776779,0.768007218837738,0.6939340233802795,-0.05127600207924843,0.6770945191383362,0.6098527908325195,-0.005819197278469801,0.6703524589538574,0.4867103695869446,-0.016544366255402565,0.6693083643913269,0.41480737924575806,-0.031657587736845016,0.6685755252838135,0.34936437010765076,-0.04607422277331352,0.7132195234298706,0.594021737575531,-0.00917627103626728,0.7041572332382202,0.4630430340766907,-0.015722107142210007,0.7006262540817261,0.3829267919063568,-0.029118558391928673,0.6947853565216064,0.3098718225955963,-0.04177442193031311,0.7475222945213318,0.6082741022109985,-0.016518592834472656,0.7412970662117004,0.48596900701522827,-0.022045278921723366,0.736882746219635,0.40999406576156616,-0.033345188945531845,0.7293153405189514,0.3415983021259308,-0.04432310536503792,0.7831466197967529,0.644051730632782,-0.027639472857117653,0.7796683311462402,0.5466030240058899,-0.03363890200853348,0.7739198803901672,0.48512011766433716,-0.03853241726756096,0.7672055959701538,0.43000537157058716,-0.04420876502990723,B
0.7441321015357971,0.9165210127830505,3.5222453220740135e-07,0.6929073929786682,0.8540761470794678,-0.015466859564185143,0.673621416091919,0.7230255007743835,-0.015348907560110092,0.7116025686264038,0.6372956037521362,-0.016219353303313255,0.7580421566963196,0.6477781534194946,-0.01605595089495182,0.6692749857902527,0.6109367609024048,0.02015911415219307,0.6638248562812805,0.5058543682098389,0.022174935787916183,0.6627606749534607,0.4489893317222595,0.015122130513191223,0.6610355973243713,0.39571627974510193,0.006255673244595528,0.7019639015197754,0.5939035415649414,0.018482903018593788,0.6948812007904053,0.48293933272361755,0.024956339970231056,0.6911343932151794,0.41756176948547363,0.018884949386119843,0.6845206022262573,0.3578411340713501,0.011694187298417091,0.7356573343276978,0.6024582386016846,0.012217632494866848,0.7288414239883423,0.5003044009208679,0.018026171252131462,0.7216627597808838,0.4394625425338745,0.01262588705867529,0.7109684944152832,0.38739025592803955,0.005713548976927996,0.77154940366745,0.6234812140464783,0.0021733995527029037,0.7655900716781616,0.537285566329956,0.007464682683348656,0.7586656808853149,0.486942857503891,0.009292340837419033,0.7507401704788208,0.44297751784324646,0.008152511902153492,B
0.7378000020980835,0.905297040939331,3.613737362684333e-07,0.6866782903671265,0.8366212844848633,-0.014354916289448738,0.6677369475364685,0.7128105163574219,-0.01199865248054266,0.7003122568130493,0.6273933053016663,-0.011099735274910927,0.7420867085456848,0.640791654586792,-0.008664209395647049,0.6644917726516724,0.6399667263031006,0.03186728060245514,0.6570008397102356,0.5488516688346863,0.03791180998086929,0.6551675796508789,0.49941036105155945,0.03446806222200394,0.6541429162025452,0.4539169669151306,0.029136940836906433,0.6933555006980896,0.6239216923713684,0.032601334154605865,0.685667097568512,0.5296788811683655,0.04402467980980873,0.6818768382072449,0.4748864471912384,0.042363815009593964,0.677229642868042,0.422793984413147,0.039274562150239944,0.7249642014503479,0.6260125041007996,0.028011469170451164,0.7165302634239197,0.5412936806678772,0.03857290372252464,0.708078920841217,0.4871354103088379,0.037397757172584534,0.6988877058029175,0.44350963830947876,0.03424181789159775,0.7590504288673401,0.6369293332099915,0.019340097904205322,0.7501418590545654,0.5658240914344788,0.030162006616592407,0.7425585985183716,0.5224159955978394,0.03526967018842697,0.7359213829040527,0.48846936225891113,0.03700069710612297,B
0.737312912940979,0.8951704502105713,3.75752961190301e-07,0.6861118078231812,0.8233648538589478,-0.012311792001128197,0.6680483818054199,0.7051793336868286,-0.00795105192810297,0.7010896801948547,0.6278513073921204,-0.00489233760163188,0.7412646412849426,0.6469210982322693,-0.00016744964523240924,0.6666556000709534,0.656329870223999,0.03468100354075432,0.6606053709983826,0.5747403502464294,0.041707709431648254,0.6595683097839355,0.5300042033195496,0.038936588913202286,0.6596875190734863,0.4885318875312805,0.0344264842569828,0.6945652961730957,0.6396505236625671,0.03611985221505165,0.6890910267829895,0.5537080764770508,0.04773090034723282,0.685499906539917,0.5026131272315979,0.04598342254757881,0.6818253397941589,0.4562137722969055,0.04354443401098251,0.7253186106681824,0.6402649879455566,0.032481543719768524,0.718163788318634,0.5624409914016724,0.04311532899737358,0.7102888822555542,0.5113433599472046,0.04174638167023659,0.7028284668922424,0.47170138359069824,0.03940180316567421,0.7595121264457703,0.6489212512969971,0.025134796276688576,0.7523283362388611,0.5812211036682129,0.03583964332938194,0.7443230748176575,0.5392882227897644,0.0402851328253746,0.7368320822715759,0.5077048540115356,0.04219408705830574,B
0.7382780313491821,0.8979436159133911,3.345577397340094e-07,0.6916266679763794,0.818772554397583,-0.01283068023622036,0.6859568357467651,0.6871075630187988,-0.010986504144966602,0.7275144457817078,0.6172008514404297,-0.010448900982737541,0.7674698829650879,0.6491827368736267,-0.009571366012096405,0.7070627808570862,0.6217606663703918,0.021714501082897186,0.7167208790779114,0.5376017093658447,0.02167755924165249,0.724387526512146,0.4879186153411865,0.014211580157279968,0.7346031069755554,0.44162124395370483,0.005968489684164524,0.7378898859024048,0.6141312718391418,0.02000604011118412,0.7471122741699219,0.5205569863319397,0.02308221533894539,0.7538082599639893,0.46227210760116577,0.01712096855044365,0.760668158531189,0.40888822078704834,0.011375241912901402,0.7675174474716187,0.6271524429321289,0.01371858175843954,0.7766706347465515,0.5382128953933716,0.015298990532755852,0.779939591884613,0.48400944471359253,0.009590745903551579,0.7814933061599731,0.43618059158325195,0.004396304953843355,0.7968759536743164,0.6531850099563599,0.004144013859331608,0.8027621507644653,0.5746417045593262,0.006480525713413954,0.8053661584854126,0.5291628837585449,0.006934355478733778,0.8069983720779419,0.48962968587875366,0.00580476364120841,B
0.7330514788627625,0.8897393941879272,3.46183497867969e-07,0.6928699016571045,0.8082115650177002,-0.014358705841004848,0.6946073174476624,0.6723038554191589,-0.015522560104727745,0.7423990964889526,0.6187881231307983,-0.018015297129750252,0.7832940816879272,0.6592215299606323,-0.02065407484769821,0.7498384714126587,0.5714572072029114,0.011835300363600254,0.7720426321029663,0.4813152551651001,0.007482795510441065,0.7865993976593018,0.4229147136211395,-0.0023560321424156427,0.8014841079711914,0.3732265532016754,-0.012735435739159584,0.7781741619110107,0.5763218998908997,0.006804204545915127,0.801979660987854,0.4720403552055359,0.004536242689937353,0.8185573816299438,0.40593719482421875,-0.003471116768196225,0.8338489532470703,0.34747153520584106,-0.010822618380188942,0.7994187474250793,0.604452908039093,-0.002862685127183795,0.8240897059440613,0.5035891532897949,-0.007141644600778818,0.8386821746826172,0.4381263554096222,-0.016628917306661606,0.8508000373840332,0.38102293014526367,-0.024887695908546448,0.8164495229721069,0.6488698720932007,-0.0158152524381876,0.8353757858276367,0.5605148077011108,-0.021268360316753387,0.8466551899909973,0.5059620141983032,-0.02613098733127117,0.8574221134185791,0.45747286081314087,-0.03105790540575981,B
0.7459034323692322,0.937932014465332,3.331189191158046e-07,0.701151967048645,0.8598902225494385,-0.01676953211426735,0.6865443587303162,0.7309395670890808,-0.024711808189749718,0.7336568236351013,0.6716547608375549,-0.033827465027570724,0.7837285995483398,0.6959415674209595,-0.043687399476766586,0.7147719860076904,0.5802761912345886,-0.0023481878452003,0.7221623659133911,0.46774882078170776,-0.013516038656234741,0.7300575971603394,0.3973827362060547,-0.02861061692237854,0.7390508651733398,0.33253806829452515,-0.04332670569419861,0.7518101930618286,0.5742981433868408,-0.009722216986119747,0.7587874531745911,0.4468382000923157,-0.017539532855153084,0.7655876278877258,0.36556652188301086,-0.03078988939523697,0.7707307934761047,0.29095444083213806,-0.0431278720498085,0.784663736820221,0.599653422832489,-0.02089807763695717,0.7936366200447083,0.47870516777038574,-0.028065675869584084,0.7986607551574707,0.4020654857158661,-0.0399697944521904,0.8006846904754639,0.3302184045314789,-0.05111806094646454,0.8149826526641846,0.6480036377906799,-0.03537031263113022,0.8234681487083435,0.5474826693534851,-0.043048422783613205,0.8268711566925049,0.481842041015625,-0.04884866997599602,0.8286059498786926,0.42199766635894775,-0.05516453832387924,B
0.7571179270744324,0.9535679817199707,3.897949909514864e-07,0.7089935541152954,0.88384610414505,-0.024403275921940804,0.695616602897644,0.7637593150138855,-0.034553464502096176,0.7398507595062256,0.6867333054542542,-0.04414043202996254,0.7860307097434998,0.6899029016494751,-0.0529608353972435,0.6948621869087219,0.6008486151695251,-0.0024206130765378475,0.6947118639945984,0.4762638509273529,-0.012837124057114124,0.699432909488678,0.4054988622665405,-0.028522806242108345,0.7040276527404785,0.3393588066101074,-0.04333057254552841,0.7333757281303406,0.5870278477668762,-0.005278171505779028,0.7324243187904358,0.4534261226654053,-0.010995250195264816,0.7345866560935974,0.37139981985092163,-0.024731706827878952,0.7336911559104919,0.29432985186576843,-0.03769124671816826,0.7690414786338806,0.6050320267677307,-0.012701159343123436,0.769156813621521,0.47927141189575195,-0.018019389361143112,0.7694887518882751,0.40242013335227966,-0.02914799191057682,0.7666233777999878,0.33170127868652344,-0.03990502655506134,0.8054181337356567,0.6451051235198975,-0.02417580410838127,0.8050624132156372,0.5442886352539062,-0.029527312144637108,0.803204357624054,0.4808104336261749,-0.03325234353542328,0.8010533452033997,0.4222966432571411,-0.03806515410542488,B
0.769116222858429,0.9557172656059265,3.8017930137357325e-07,0.7148048281669617,0.9128140211105347,-0.032665375620126724,0.6903675198554993,0.8111917972564697,-0.047321535646915436,0.724678635597229,0.7122976779937744,-0.059760432690382004,0.7687939405441284,0.6748665571212769,-0.07044167816638947,0.6576223969459534,0.6481454968452454,-0.010518488474190235,0.6323730945587158,0.5218626260757446,-0.02462111786007881,0.6239013075828552,0.44740527868270874,-0.04268236830830574,0.6163703203201294,0.3780694901943207,-0.05856916680932045,0.6920129656791687,0.6130701303482056,-0.009172424674034119,0.6633606553077698,0.48209577798843384,-0.017711684107780457,0.6500124931335449,0.4039338529109955,-0.03376779332756996,0.63495272397995,0.32875797152519226,-0.04827054962515831,0.7275728583335876,0.6094702482223511,-0.012769695371389389,0.7026044130325317,0.4871109127998352,-0.01994042843580246,0.687030553817749,0.4138578176498413,-0.03179565444588661,0.6699299812316895,0.3469816744327545,-0.04286453500390053,0.769132137298584,0.626910924911499,-0.02111366018652916,0.7500439286231995,0.529037356376648,-0.027483748272061348,0.7351891994476318,0.46879899501800537,-0.03193134814500809,0.7199950814247131,0.41391560435295105,-0.03691631555557251,B
0.6882959604263306,0.9135444760322571,4.640270958589099e-07,0.6339234113693237,0.8404312133789062,-0.028613612055778503,0.617530107498169,0.6932554244995117,-0.039506129920482635,0.6701403856277466,0.597405195236206,-0.049608249217271805,0.7244616150856018,0.5985091328620911,-0.05903622880578041,0.6160325407981873,0.5099881291389465,-0.004231314640492201,0.6138491034507751,0.36221709847450256,-0.015819184482097626,0.6171398758888245,0.27632078528404236,-0.032787345349788666,0.619931697845459,0.19864878058433533,-0.0486157163977623,0.6616385579109192,0.49158650636672974,-0.00618796655908227,0.657431423664093,0.3316936194896698,-0.011716780252754688,0.6578342914581299,0.23464182019233704,-0.02524704858660698,0.6548321843147278,0.147212952375412,-0.03810983896255493,0.7043617367744446,0.5090321898460388,-0.01343423593789339,0.7007640600204468,0.36023202538490295,-0.017329541966319084,0.6976035237312317,0.26952001452445984,-0.02738654986023903,0.6909602284431458,0.18969225883483887,-0.03785441070795059,0.7476961612701416,0.5488898754119873,-0.02560877799987793,0.7441688776016235,0.429155558347702,-0.029065662994980812,0.7385245561599731,0.35625332593917847,-0.031446635723114014,0.7319520711898804,0.29074159264564514,-0.03564927354454994,B
0.6796582937240601,0.9611201286315918,5.209673759054567e-07,0.6192593574523926,0.9036493301391602,-0.040574055165052414,0.5876949429512024,0.7818158864974976,-0.06197092682123184,0.6387255787849426,0.6938479542732239,-0.08063212782144547,0.7009368538856506,0.672229528427124,-0.09938494861125946,0.601921558380127,0.5576175451278687,-0.03256959095597267,0.5982309579849243,0.39674752950668335,-0.05718977376818657,0.6013239026069641,0.2957071363925934,-0.08199279010295868,0.6047824621200562,0.2033700942993164,-0.10320676118135452,0.6523756980895996,0.5353094339370728,-0.03388292342424393,0.6463993191719055,0.35881298780441284,-0.05228747799992561,0.6460219025611877,0.24722892045974731,-0.07516410946846008,0.6435787081718445,0.14168059825897217,-0.09539998322725296,0.6980183124542236,0.5522685050964355,-0.040422260761260986,0.6949090361595154,0.3924732208251953,-0.05606171488761902,0.6934604644775391,0.2897321879863739,-0.07464315742254257,0.689409077167511,0.19564861059188843,-0.09107641875743866,0.7441483736038208,0.5990437269210815,-0.052195992320775986,0.741478443145752,0.4728449881076813,-0.06640438735485077,0.7361639142036438,0.39108526706695557,-0.07622267305850983,0.7293072938919067,0.3167472183704376,-0.0858362689614296,B
0.6835291385650635,0.9663090705871582,5.404061766967061e-07,0.6234256029129028,0.9083884954452515,-0.03961655870079994,0.5920122861862183,0.7982341051101685,-0.06282476335763931,0.6447285413742065,0.7253366708755493,-0.08372392505407333,0.7064835429191589,0.7037392854690552,-0.10513288527727127,0.608264148235321,0.5737361907958984,-0.03572200611233711,0.6044127345085144,0.4130111336708069,-0.06313836574554443,0.6071610450744629,0.31114262342453003,-0.08923252671957016,0.6112174391746521,0.21751505136489868,-0.11113050580024719,0.6583124995231628,0.5511658191680908,-0.038805894553661346,0.6529809236526489,0.3757786750793457,-0.06047597527503967,0.6526507139205933,0.262701153755188,-0.08574329316616058,0.6510411500930786,0.15570083260536194,-0.10736455023288727,0.7039755582809448,0.5685833096504211,-0.0468374527990818,0.7042465209960938,0.4092737138271332,-0.06542897969484329,0.7041060924530029,0.30710509419441223,-0.08590761572122574,0.7004262804985046,0.211826890707016,-0.1033058688044548,0.7490116357803345,0.6170480847358704,-0.05976604297757149,0.7497972249984741,0.4939497709274292,-0.07689117640256882,0.7459061145782471,0.4119369685649872,-0.08833488076925278,0.7398467063903809,0.3352739214897156,-0.09873753041028976,B
0.6651191115379333,0.8983614444732666,3.2469432653670083e-07,0.6246988773345947,0.8416679501533508,-0.02141132578253746,0.6117109656333923,0.7407010793685913,-0.03150789812207222,0.6524577736854553,0.6731631755828857,-0.04106331244111061,0.6948904395103455,0.6748760938644409,-0.05053742602467537,0.6146101951599121,0.6095865368843079,-0.008582357317209244,0.6107254028320312,0.5023448467254639,-0.020195748656988144,0.611610472202301,0.43794161081314087,-0.03445318713784218,0.6126922965049744,0.3794018030166626,-0.047266099601984024,0.6465731859207153,0.5960332155227661,-0.010913828387856483,0.6422426700592041,0.4803026020526886,-0.018303493037819862,0.6414376497268677,0.4079738259315491,-0.030527392402291298,0.6386385560035706,0.3428662121295929,-0.04157470166683197,0.6766636371612549,0.6082558631896973,-0.01681622490286827,0.6737534999847412,0.5013052225112915,-0.022735387086868286,0.6714128255844116,0.43358832597732544,-0.032623495906591415,0.6660007834434509,0.37318548560142517,-0.0417623408138752,0.7072361707687378,0.6385498046875,-0.026195982471108437,0.7060827016830444,0.5520676374435425,-0.03146970272064209,0.7023757100105286,0.4984267055988312,-0.035332079976797104,0.6969636678695679,0.45245659351348877,-0.03979714587330818,B
0.6715598702430725,0.8771370053291321,3.205730649824545e-07,0.6294943690299988,0.811180055141449,-0.014970003627240658,0.6204497814178467,0.6958191990852356,-0.01841682754456997,0.6620303988456726,0.6305760145187378,-0.02262062579393387,0.7036504745483398,0.65562903881073,-0.02691100724041462,0.6403207182884216,0.5850536823272705,0.00631017005071044,0.6463706493377686,0.48937588930130005,0.0016908710822463036,0.6506102681159973,0.43123820424079895,-0.008334151469171047,0.6557164192199707,0.378096342086792,-0.018733078613877296,0.6700937151908875,0.5790743231773376,0.002925373613834381,0.674976110458374,0.4734153747558594,0.0020252231042832136,0.6777486205101013,0.40716660022735596,-0.005627690814435482,0.6793276071548462,0.34874987602233887,-0.01331249251961708,0.6973090171813965,0.5973268747329712,-0.004175441339612007,0.7037712335586548,0.49898895621299744,-0.004857133142650127,0.7045149803161621,0.4380057156085968,-0.01134294643998146,0.7019022703170776,0.3846755623817444,-0.01827516034245491,0.7236509323120117,0.6318528056144714,-0.014618144370615482,0.7291455268859863,0.5522493124008179,-0.015437372960150242,0.7294580936431885,0.5027737617492676,-0.016606200486421585,0.7278091311454773,0.459799587726593,-0.01933743618428707,B
0.6855373382568359,0.8735464811325073,3.239111947550555e-07,0.6467638611793518,0.8099341988563538,-0.017282940447330475,0.6364153027534485,0.6980226039886475,-0.019101997837424278,0.6757601499557495,0.6310104727745056,-0.0210270918905735,0.7174405455589294,0.6396684050559998,-0.02226092293858528,0.6277804970741272,0.5966676473617554,0.010053041391074657,0.622603178024292,0.49322396516799927,0.007721917703747749,0.6224268078804016,0.43532419204711914,-0.0008345979149453342,0.6223349571228027,0.38303348422050476,-0.00980620738118887,0.6567988991737366,0.5844639539718628,0.00981947872787714,0.6507911682128906,0.47681373357772827,0.011195850558578968,0.6475035548210144,0.4127081036567688,0.002907439833506942,0.642503559589386,0.3541392982006073,-0.005322057753801346,0.6855433583259583,0.5950765013694763,0.005507036577910185,0.679841935634613,0.4954048991203308,0.00670841196551919,0.6737959980964661,0.4333035945892334,-0.0018542316975072026,0.6657871007919312,0.37960267066955566,-0.010441246442496777,0.7154272198677063,0.6170602440834045,-0.0021866473834961653,0.7120414972305298,0.5361238121986389,-0.0018506459891796112,0.7067202925682068,0.4874834418296814,-0.0039826976135373116,0.7009091973304749,0.4450712203979492,-0.007542494684457779,B
0.6952726244926453,0.8968719244003296,3.658051070942747e-07,0.6512283086776733,0.8405243158340454,-0.023774325847625732,0.6388351917266846,0.7368121147155762,-0.031472012400627136,0.6764508485794067,0.6601601839065552,-0.03811114281415939,0.7174533009529114,0.6554068922996521,-0.043687015771865845,0.6290817260742188,0.6057161092758179,0.0009133360581472516,0.6200951337814331,0.4936727285385132,-0.006266302894800901,0.6187580227851868,0.42909055948257446,-0.01894705556333065,0.6172986626625061,0.3699410855770111,-0.030924564227461815,0.6605966091156006,0.5864097476005554,0.0015672729350626469,0.6507999300956726,0.4686715006828308,-0.0010167078580707312,0.6467698216438293,0.3982747793197632,-0.012465018779039383,0.6405310034751892,0.3332984447479248,-0.02324393391609192,0.6902549266815186,0.5943683981895447,-0.002032523974776268,0.6816918849945068,0.48588642477989197,-0.003841427154839039,0.6755717992782593,0.41891610622406006,-0.012888547964394093,0.6675753593444824,0.3594207763671875,-0.021963607519865036,0.7226846814155579,0.6198785305023193,-0.009582528844475746,0.7168261408805847,0.5347485542297363,-0.010695203207433224,0.7101342678070068,0.4835090637207031,-0.012445319443941116,0.7025125622749329,0.4377055764198303,-0.015777811408042908,B
0.6903490424156189,0.9066017270088196,3.562817028068821e-07,0.6479066014289856,0.8464863896369934,-0.022387096658349037,0.6364633440971375,0.747025728225708,-0.033607468008995056,0.6782402992248535,0.6802710294723511,-0.04422251880168915,0.7200537919998169,0.6819057464599609,-0.05474986508488655,0.6338967680931091,0.607712984085083,-0.009047677740454674,0.6303315162658691,0.4963434636592865,-0.022177431732416153,0.632354736328125,0.4292108416557312,-0.038261014968156815,0.6344974637031555,0.3671461343765259,-0.052612558007240295,0.6681163907051086,0.5921213626861572,-0.011972054839134216,0.6639707684516907,0.4724629521369934,-0.02078135497868061,0.6637985706329346,0.3979679346084595,-0.03527878224849701,0.66082364320755,0.3282562792301178,-0.04828905686736107,0.6999337673187256,0.6041603088378906,-0.018527796491980553,0.6973048448562622,0.4918498992919922,-0.026091646403074265,0.6956628561019897,0.4212695360183716,-0.037649013102054596,0.6909024119377136,0.35698530077934265,-0.0481121763586998,0.7327767014503479,0.6357949376106262,-0.028570959344506264,0.731482744216919,0.5452738404273987,-0.035448797047138214,0.7282042503356934,0.48791491985321045,-0.04031012952327728,0.7233362197875977,0.4369797110557556,-0.04558379948139191,B
